Name;SW CPI SADJ;SW PPI (2025M12=100) SADJ;SW CORE INFLATION 1 NADJ;SW PURCHASING MANAGERS INDEX SADJ;SW PURCHASING MANAGERS INDEX - BACKLOG OF ORDERS SADJ;SW PURCHASING MANAGERS INDEX - OUTPUT SADJ
15.01.1953;20.800119;;;;;
15.02.1953;20.808713;;;;;
15.03.1953;20.756991;;;;;
15.04.1953;20.772252;;;;;
15.05.1953;20.774581;;;;;
15.06.1953;20.789795;;;;;
15.07.1953;20.767063;;;;;
15.08.1953;20.721401;;;;;
15.09.1953;20.800212;;;;;
15.10.1953;20.758562;;;;;
15.11.1953;20.762892;;;;;
15.12.1953;20.695115;;;;;
15.01.1954;20.810415;;;;;
15.02.1954;20.833746;;;;;
15.03.1954;20.837449;;;;;
15.04.1954;20.868887;;;;;
15.05.1954;20.761302;;;;;
15.06.1954;20.878987;;;;;
15.07.1954;20.946324;;;;;
15.08.1954;20.990247;;;;;
15.09.1954;20.997429;;;;;
15.10.1954;21.05001;;;;;
15.11.1954;21.037087;;;;;
15.12.1954;21.064149;;;;;
15.01.1955;21.098674;;;;;
15.02.1955;21.119686;;;;;
15.03.1955;21.032842;;;;;
15.04.1955;21.160579;;;;;
15.05.1955;21.023574;;;;;
15.06.1955;21.035834;;;;;
15.07.1955;21.043446;;;;;
15.08.1955;21.10017;;;;;
15.09.1955;21.08806;;;;;
15.10.1955;21.155463;;;;;
15.11.1955;21.128401;;;;;
15.12.1955;21.151424;;;;;
15.01.1956;21.169771;;;;;
15.02.1956;21.203463;;;;;
15.03.1956;21.316014;;;;;
15.04.1956;21.361535;;;;;
15.05.1956;21.407178;;;;;
15.06.1956;21.418633;;;;;
15.07.1956;21.498044;;;;;
15.08.1956;21.483372;;;;;
15.09.1956;21.551027;;;;;
15.10.1956;21.53556;;;;;
15.11.1956;21.596334;;;;;
15.12.1956;21.615382;;;;;
15.01.1957;21.730055;;;;;
15.02.1957;21.636179;;;;;
15.03.1957;21.686844;;;;;
15.04.1957;21.728251;;;;;
15.05.1957;21.782478;;;;;
15.06.1957;21.790455;;;;;
15.07.1957;21.810354;;;;;
15.08.1957;21.93277;;;;;
15.09.1957;21.942954;;;;;
15.10.1957;21.993469;;;;;
15.11.1957;22.077723;;;;;
15.12.1957;22.093461;;;;;
15.01.1958;22.104776;;;;;
15.02.1958;22.103971;;;;;
15.03.1958;22.15414;;;;;
15.04.1958;22.195921;;;;;
15.05.1958;22.249176;;;;;
15.06.1958;22.351936;;;;;
15.07.1958;22.369339;;;;;
15.08.1958;22.306686;;;;;
15.09.1958;22.320722;;;;;
15.10.1958;22.276697;;;;;
15.11.1958;22.267215;;;;;
15.12.1958;22.281251;;;;;
15.01.1959;22.199185;;;;;
15.02.1959;22.195304;;;;;
15.03.1959;22.150718;;;;;
15.04.1959;22.094658;;;;;
15.05.1959;22.062368;;;;;
15.06.1959;21.976468;;;;;
15.07.1959;21.987456;;;;;
15.08.1959;22.028133;;;;;
15.09.1959;22.139534;;;;;
15.10.1959;22.097762;;;;;
15.11.1959;22.088888;;;;;
15.12.1959;22.102503;;;;;
15.01.1960;22.198091;;;;;
15.02.1960;22.284337;;;;;
15.03.1960;22.334253;;;;;
15.04.1960;22.362672;;;;;
15.05.1960;22.340107;;;;;
15.06.1960;22.443064;;;;;
15.07.1960;22.445317;;;;;
15.08.1960;22.498282;;;;;
15.09.1960;22.521146;;;;;
15.10.1960;22.57672;;;;;
15.11.1960;22.561908;;;;;
15.12.1960;22.582097;;;;;
15.01.1961;22.570642;;;;;
15.02.1961;22.558569;;;;;
15.03.1961;22.61188;;;;;
15.04.1961;22.627198;;;;;
15.05.1961;22.709348;;;;;
15.06.1961;22.716361;;;;;
15.07.1961;22.809527;;;;;
15.08.1961;22.880231;;;;;
15.09.1961;22.901262;;;;;
15.10.1961;22.967253;;;;;
15.11.1961;23.3165;;;;;
15.12.1961;23.343843;;;;;
15.01.1962;23.407927;;;;;
15.02.1962;23.487907;;;;;
15.03.1962;23.547203;;;;;
15.04.1962;23.737481;;;;;
15.05.1962;23.72481;;;;;
15.06.1962;23.82915;;;;;
15.07.1962;23.927459;;;;;
15.08.1962;24.011526;;;;;
15.09.1962;24.030182;;;;;
15.10.1962;23.922531;;;;;
15.11.1962;24.067446;;;;;
15.12.1962;24.100951;;;;;
15.01.1963;24.243239;51.24;;;;
15.02.1963;24.324603;51.24;;;;
15.03.1963;24.386658;51.34;;;;
15.04.1963;24.478037;51.31;;;;
15.05.1963;24.45912;51.29;;;;
15.06.1963;24.563713;51.26;;;;
15.07.1963;24.676133;51.34;;;;
15.08.1963;24.677058;51.35;;;;
15.09.1963;24.786944;51.4;;;;
15.10.1963;24.882541;51.59;;;;
15.11.1963;25.002273;51.51;;;;
15.12.1963;25.036143;51.58;;;;
15.01.1964;25.073894;51.49;;;;
15.02.1964;25.161047;51.59;;;;
15.03.1964;25.224579;51.66;;;;
15.04.1964;25.41207;51.98;;;;
15.05.1964;25.383203;52.07;;;;
15.06.1964;25.394443;52.07;;;;
15.07.1964;25.428519;52.06;;;;
15.08.1964;25.433391;52.32;;;;
15.09.1964;25.551533;52.48;;;;
15.10.1964;25.655687;52.48;;;;
15.11.1964;25.559173;52.39;;;;
15.12.1964;25.587171;52.35;;;;
15.01.1965;25.714543;52.39;;;;
15.02.1965;25.808213;52.4;;;;
15.03.1965;25.869632;52.43;;;;
15.04.1965;25.977161;52.2;;;;
15.05.1965;26.127014;52.34;;;;
15.06.1965;26.2304;52.63;;;;
15.07.1965;26.279279;52.47;;;;
15.08.1965;26.468444;52.58;;;;
15.09.1965;26.601501;52.59;;;;
15.10.1965;26.70774;52.74;;;;
15.11.1965;26.767111;52.96;;;;
15.12.1965;26.876473;53.07;;;;
15.01.1966;27.001984;53.49;;;;
15.02.1966;27.10812;53.51;;;;
15.03.1966;27.264565;53.6;;;;
15.04.1966;27.296948;53.71;;;;
15.05.1966;27.531101;53.75;;;;
15.06.1966;27.444528;53.75;;;;
15.07.1966;27.502608;53.86;;;;
15.08.1966;27.597953;53.55;;;;
15.09.1966;27.65723;53.63;;;;
15.10.1966;27.756698;53.57;;;;
15.11.1966;27.974085;53.69;;;;
15.12.1966;28.067026;53.79;;;;
15.01.1967;28.191378;53.69;;;;
15.02.1967;28.124396;53.6;;;;
15.03.1967;28.187357;53.58;;;;
15.04.1967;28.336508;53.5;;;;
15.05.1967;28.475682;53.8;;;;
15.06.1967;28.663753;54.05;;;;
15.07.1967;28.818169;54.06;;;;
15.08.1967;28.919788;54.18;;;;
15.09.1967;28.89784;54.04;;;;
15.10.1967;28.895503;54.05;;;;
15.11.1967;28.992736;54.01;;;;
15.12.1967;29.078299;54.06;;;;
15.01.1968;29.096057;54.06;;;;
15.02.1968;29.232201;54.02;;;;
15.03.1968;29.202932;53.78;;;;
15.04.1968;29.184912;53.59;;;;
15.05.1968;29.14301;53.53;;;;
15.06.1968;29.139652;53.48;;;;
15.07.1968;29.194413;53.55;;;;
15.08.1968;29.31436;53.67;;;;
15.09.1968;29.383101;53.86;;;;
15.10.1968;29.464652;53.92;;;;
15.11.1968;29.547579;53.87;;;;
15.12.1968;29.631861;53.93;;;;
15.01.1969;29.72238;54.14;;;;
15.02.1969;29.868511;54.14;;;;
15.03.1969;29.83783;53.77;;;;
15.04.1969;29.937962;54.15;;;;
15.05.1969;29.899837;54.25;;;;
15.06.1969;30.087356;54.51;;;;
15.07.1969;30.140611;54.68;;;;
15.08.1969;30.095183;54.82;;;;
15.09.1969;30.138947;55.01;;;;
15.10.1969;30.2065;55.23;;;;
15.11.1969;30.290987;55.4;;;;
15.12.1969;30.382909;55.63;;;;
15.01.1970;30.440438;55.66;;;;
15.02.1970;30.504708;55.86;;;;
15.03.1970;30.565257;56.16;;;;
15.04.1970;30.687496;56.26;;;;
15.05.1970;30.841893;56.49;;;;
15.06.1970;31.035677;56.56;;;;
15.07.1970;31.19101;56.69;;;;
15.08.1970;31.352682;56.8;;;;
15.09.1970;31.547682;56.96;;;;
15.10.1970;31.688716;57.15;;;;
15.11.1970;31.867791;57.43;;;;
15.12.1970;31.97072;57.61;;;;
15.01.1971;32.179989;57.65;;;;
15.02.1971;32.35855;57.77;;;;
15.03.1971;32.602401;58.19;;;;
15.04.1971;32.753282;58.47;;;;
15.05.1971;33.003267;58.72;;;;
15.06.1971;33.017798;58.86;;;;
15.07.1971;33.277658;59.11;;;;
15.08.1971;33.456406;59.32;;;;
15.09.1971;33.601283;59.47;;;;
15.10.1971;33.724896;59.52;;;;
15.11.1971;33.901475;59.56;;;;
15.12.1971;34.115869;60.04;;;;
15.01.1972;34.2976;60.24;;;;
15.02.1972;34.503045;60.41;;;;
15.03.1972;34.648353;60.37;;;;
15.04.1972;34.818591;60.43;;;;
15.05.1972;35.07312;60.65;;;;
15.06.1972;35.283288;60.96;;;;
15.07.1972;35.45592;61.17;;;;
15.08.1972;35.63852;61.63;;;;
15.09.1972;35.832164;61.87;;;;
15.10.1972;36.137031;62.18;;;;
15.11.1972;36.21459;62.44;;;;
15.12.1972;36.446901;62.89;;;;
15.01.1973;36.79786;63.79;;;;
15.02.1973;37.119026;64.21;;;;
15.03.1973;37.54961;65.02;;;;
15.04.1973;37.726019;65.39;;;;
15.05.1973;37.899587;65.61;;;;
15.06.1973;38.202742;66.01;;;;
15.07.1973;38.369483;66.4;;;;
15.08.1973;38.545219;66.83;;;;
15.09.1973;38.801544;67.41;;;;
15.10.1973;39.575064;68.48;;;;
15.11.1973;40.126446;69.12;;;;
15.12.1973;40.841222;69.75;;;;
15.01.1974;40.996732;70.81;;;;
15.02.1974;40.86056;71.77;;;;
15.03.1974;41.116885;74.44;;;;
15.04.1974;41.092544;74.86;;;;
15.05.1974;41.666145;75.55;;;;
15.06.1974;41.947241;76.2;;;;
15.07.1974;42.102302;76.76;;;;
15.08.1974;42.641528;77.03;;;;
15.09.1974;43.174984;77.76;;;;
15.10.1974;43.394858;77.9;;;;
15.11.1974;43.78023;78.15;;;;
15.12.1974;43.942285;77.96;;;;
15.01.1975;44.108867;77.83;;;;
15.02.1975;44.331191;78.04;;;;
15.03.1975;44.604591;77.11;;;;
15.04.1975;44.82556;76.88;;;;
15.05.1975;45.145641;76.79;;;;
15.06.1975;45.204946;76.46;;;;
15.07.1975;45.238161;76.36;;;;
15.08.1975;45.388893;76.43;;;;
15.09.1975;45.481946;76.06;;;;
15.10.1975;45.450592;76.19;;;;
15.11.1975;45.509027;76.02;;;;
15.12.1975;45.48002;76.09;;;;
15.01.1976;45.677068;75.97;;;;
15.02.1976;45.751672;75.79;;;;
15.03.1976;45.742096;75.75;;;;
15.04.1976;45.830259;75.64;;;;
15.05.1976;45.704121;75.41;;;;
15.06.1976;45.727508;75.89;;;;
15.07.1976;45.831026;76.07;;;;
15.08.1976;45.965327;76.18;;;;
15.09.1976;45.828585;76.12;;;;
15.10.1976;45.933543;75.83;;;;
15.11.1976;45.948907;75.8;;;;
15.12.1976;46.095318;76.04;;;;
15.01.1977;46.133218;75.96;;;;
15.02.1977;46.240747;75.85;;;;
15.03.1977;46.217257;75.76;;;;
15.04.1977;46.268099;75.81;;;;
15.05.1977;46.243394;75.68;;;;
15.06.1977;46.434756;75.78;;;;
15.07.1977;46.51728;75.84;;;;
15.08.1977;46.549046;75.72;;;;
15.09.1977;46.553376;76.12;;;;
15.10.1977;46.707745;75.84;;;;
15.11.1977;46.574369;75.75;;;;
15.12.1977;46.715422;75.68;;;;
15.01.1978;46.675549;75.37;;;;
15.02.1978;46.724783;75.28;;;;
15.03.1978;46.765834;75.06;;;;
15.04.1978;46.895526;74.75;;;;
15.05.1978;46.970653;74.85;;;;
15.06.1978;46.958581;74.95;;;;
15.07.1978;46.947284;74.82;;;;
15.08.1978;46.9704;74.72;;;;
15.09.1978;46.904175;74.34;;;;
15.10.1978;46.917697;74.5;;;;
15.11.1978;46.983501;74.61;;;;
15.12.1978;47.133083;74.68;;;;
15.01.1979;47.281738;74.86;;;;
15.02.1979;47.690796;75.18;;;;
15.03.1979;47.970602;75.4;;;;
15.04.1979;48.093345;75.7;;;;
15.05.1979;48.256224;75.95;;;;
15.06.1979;48.807017;76.09;;;;
15.07.1979;48.99002;76.21;;;;
15.08.1979;48.904999;76.45;;;;
15.09.1979;49.121217;76.94;;;;
15.10.1979;49.274407;77.1;;;;
15.11.1979;49.41907;77.47;;;;
15.12.1979;49.597359;77.64;;;;
15.01.1980;49.653214;78.09;;;;
15.02.1980;49.681492;78.37;;;;
15.03.1980;49.825378;78.75;;;;
15.04.1980;50.044345;79.1;;;;
15.05.1980;50.396623;79.19;;;;
15.06.1980;50.383195;79.51;;;;
15.07.1980;50.594643;79.83;;;;
15.08.1980;50.9573;80.14;;;;
15.09.1980;50.975507;80.04;;;;
15.10.1980;51.05358;80.67;;;;
15.11.1980;51.454465;80.9;;;;
15.12.1980;51.76282;81.24;;;;
15.01.1981;52.283596;81.89;;;;
15.02.1981;52.700555;82.34;;;;
15.03.1981;52.989319;83.03;;;;
15.04.1981;52.918877;83.22;;;;
15.05.1981;53.385958;83.56;;;;
15.06.1981;53.649503;83.59;;;;
15.07.1981;53.997525;84.2;;;;
15.08.1981;54.800819;84.64;;;;
15.09.1981;54.817651;84.84;;;;
15.10.1981;54.79706;85.98;;;;
15.11.1981;54.977098;86;;;;
15.12.1981;55.141211;86.21;;;;
15.01.1982;55.364517;86.24;;;;
15.02.1982;55.402819;86.45;;;;
15.03.1982;55.390448;86.31;;;;
15.04.1982;55.77854;86.62;;;;
15.05.1982;56.479569;87.28;;;;
15.06.1982;56.929024;87.25;;;;
15.07.1982;57.23448;87.61;;;;
15.08.1982;57.640554;87.66;;;;
15.09.1982;57.853864;87.7;;;;
15.10.1982;58.163463;87.81;;;;
15.11.1982;58.218943;87.75;;;;
15.12.1982;59.170877;87.77;;;;
15.01.1983;58.994534;87.62;;;;
15.02.1983;58.953707;87.41;;;;
15.03.1983;58.924703;87.38;;;;
15.04.1983;59.15084;87.52;;;;
15.05.1983;59.438711;87.67;;;;
15.06.1983;59.720225;88.01;;;;
15.07.1983;59.88586;88.16;;;;
15.08.1983;60.022255;88.52;;;;
15.09.1983;60.135308;88.78;;;;
15.10.1983;60.229279;88.76;;;;
15.11.1983;60.377739;89.01;;;;
15.12.1983;60.437354;89.28;;;;
15.01.1984;60.552447;89.61;;;;
15.02.1984;60.656099;89.76;;;;
15.03.1984;60.878706;90.64;;;;
15.04.1984;61.090704;90.62;;;;
15.05.1984;61.157777;90.62;;;;
15.06.1984;61.39624;90.7;;;;
15.07.1984;61.561644;90.95;;;;
15.08.1984;61.745948;90.97;;;;
15.09.1984;61.749619;91.2;;;;
15.10.1984;62.089936;91.32;;;;
15.11.1984;62.190031;91.44;;;;
15.12.1984;62.200979;91.54;;;;
15.01.1985;62.686913;92.17;;;;
15.02.1985;63.085037;92.48;;;;
15.03.1985;63.311757;92.54;;;;
15.04.1985;63.287712;92.89;;;;
15.05.1985;63.476578;92.81;;;;
15.06.1985;63.493147;92.79;;;;
15.07.1985;63.620634;92.48;;;;
15.08.1985;63.557321;92.29;;;;
15.09.1985;63.796606;92.55;;;;
15.10.1985;63.905958;92.79;;;;
15.11.1985;64.151233;92.9;;;;
15.12.1985;64.225357;92.73;;;;
15.01.1986;64.054766;92.38;;;;
15.02.1986;63.919825;92.23;;;;
15.03.1986;63.926337;91.81;;;;
15.04.1986;63.889756;91.5;;;;
15.05.1986;63.945093;91.52;;;;
15.06.1986;63.994145;91.53;;;;
15.07.1986;63.944006;91.67;;;;
15.08.1986;64.004581;91.4;;;;
15.09.1986;64.15852;91.17;;;;
15.10.1986;64.135019;90.94;;;;
15.11.1986;64.081666;90.59;;;;
15.12.1986;64.259319;90.59;;;;
15.01.1987;64.466088;90.66;;;;
15.02.1987;64.540374;90.44;;;;
15.03.1987;64.540387;90.58;;;;
15.04.1987;64.710142;90.42;;;;
15.05.1987;64.52993;90.42;;;;
15.06.1987;64.812614;90.66;;;;
15.07.1987;65.087795;90.67;;;;
15.08.1987;65.251199;90.85;;;;
15.09.1987;65.137305;90.87;;;;
15.10.1987;65.397202;91.11;;;;
15.11.1987;65.418925;91.36;;;;
15.12.1987;65.485123;91.37;;;;
15.01.1988;65.463229;91.28;;;;
15.02.1988;65.671081;91.77;;;;
15.03.1988;65.823581;92.19;;;;
15.04.1988;65.924109;92.14;;;;
15.05.1988;65.95391;92.22;;;;
15.06.1988;66.149918;92.42;;;;
15.07.1988;66.265067;92.62;;;;
15.08.1988;66.384581;92.59;;;;
15.09.1988;66.45096;93.37;;;;
15.10.1988;66.55008;93.72;;;;
15.11.1988;66.550991;94.08;;;;
15.12.1988;66.777588;94.33;;;;
15.01.1989;66.9448;94.52;;;;
15.02.1989;67.158537;94.71;;;;
15.03.1989;67.376632;94.98;;;;
15.04.1989;67.682381;95.35;;;;
15.05.1989;67.88882;95.64;;;;
15.06.1989;68.104663;95.73;;;;
15.07.1989;68.229143;95.77;;;;
15.08.1989;68.325594;95.9;;;;
15.09.1989;68.685997;96.1;;;;
15.10.1989;68.970476;96.23;;;;
15.11.1989;69.500403;96.45;;;;
15.12.1989;70.153766;96.69;;;;
15.01.1990;70.364988;96.74;;;;
15.02.1990;70.446542;97.25;;;;
15.03.1990;70.690882;97.6;;;;
15.04.1990;70.879599;97.87;;;;
15.05.1990;71.30571;98.05;;;;
15.06.1990;71.514488;97.95;;;;
15.07.1990;71.821445;98.12;;;;
15.08.1990;72.449185;98.28;;;;
15.09.1990;72.872266;98.44;;;;
15.10.1990;73.353454;98.19;;;;
15.11.1990;73.707068;98.16;;;;
15.12.1990;73.872259;98.11;;;;
15.01.1991;74.28155;98.6;;;;
15.02.1991;74.841498;98.83;;;;
15.03.1991;74.892588;98.65;;;;
15.04.1991;75.03271;98.75;;;;
15.05.1991;75.790391;99;;;;
15.06.1991;76.207256;99.16;;;;
15.07.1991;76.490957;99.39;;;;
15.08.1991;76.73395;99.5;;;;
15.09.1991;76.9722;99.43;;;;
15.10.1991;77.102523;99.66;;;;
15.11.1991;77.767317;99.64;;;;
15.12.1991;77.752853;99.58;;;;
15.01.1992;77.93993;99.48;;;;
15.02.1992;78.283958;99.37;;;;
15.03.1992;78.482722;99.77;;;;
15.04.1992;78.675597;99.82;;;;
15.05.1992;78.988745;100;;;;
15.06.1992;79.389185;99.94;;;;
15.07.1992;79.377792;99.89;;;;
15.08.1992;79.416451;99.84;;;;
15.09.1992;79.604788;99.93;;;;
15.10.1992;79.801435;100.2;;;;
15.11.1992;80.369395;100.44;;;;
15.12.1992;80.42228;100.39;;;;
15.01.1993;80.675208;100.52;;;;
15.02.1993;80.952529;100.18;;;;
15.03.1993;81.344505;100.61;;;;
15.04.1993;81.634732;100.48;;;;
15.05.1993;81.867058;100.4;;;;
15.06.1993;81.890429;100.49;;;;
15.07.1993;82.03444;100.56;;;;
15.08.1993;82.261824;100.51;;;;
15.09.1993;82.296495;100.34;;;;
15.10.1993;82.445842;100.11;;;;
15.11.1993;82.227053;99.86;;;;
15.12.1993;82.422896;99.97;;;;
15.01.1994;82.365189;99.87;;;;
15.02.1994;82.457842;99.84;;;;
15.03.1994;82.428783;99.73;;;;
15.04.1994;82.455205;99.67;;;;
15.05.1994;82.213542;99.67;;;;
15.06.1994;82.347584;99.79;;;;
15.07.1994;82.50306;99.85;;;;
15.08.1994;82.645457;99.97;;;;
15.09.1994;82.743585;100;;;;
15.10.1994;82.758343;99.99;;;;
15.11.1994;82.728571;100.18;;;;
15.12.1994;82.758151;99.99;;;;
15.01.1995;83.194065;99.98;;61.82;60.83;63.99
15.02.1995;83.71452;100.14;;58.82;57.03;60.39
15.03.1995;83.693147;100.08;;60;59.46;59.42
15.04.1995;83.829436;100.09;;56.7;54.49;55.45
15.05.1995;83.938445;99.91;;57.25;56.67;54.88
15.06.1995;84.073325;99.88;;56.3;51.88;55.89
15.07.1995;84.168399;99.79;;53.35;48.53;53.81
15.08.1995;84.245085;99.71;;53.25;52.51;53.56
15.09.1995;84.359403;99.73;;53.7;56.92;54.17
15.10.1995;84.331615;99.6;;50.16;49.11;50.46
15.11.1995;84.317063;99.37;;48.86;47.01;51.98
15.12.1995;84.353332;99.22;;46.59;45.42;49.41
15.01.1996;84.444828;99.2;;50.34;48.45;54.76
15.02.1996;84.388198;98.81;;49.52;46.7;58.15
15.03.1996;84.515087;98.45;;48.37;44.94;53.74
15.04.1996;84.585929;98.62;;44.88;40.77;49.3
15.05.1996;84.58129;98.15;;40.46;37.66;43.34
15.06.1996;84.694291;98.04;;45.55;45.24;50.88
15.07.1996;84.71748;97.86;;47.29;46.37;51.48
15.08.1996;84.749472;97.58;;46.37;46.33;49.54
15.09.1996;84.804355;97.51;;47.18;45.77;52.31
15.10.1996;84.990061;97.46;;47.67;48.15;53.48
15.11.1996;84.926852;97.37;;46.05;49.09;46.24
15.12.1996;84.986235;97.34;;49.67;50.84;54.28
15.01.1997;85.14589;97.33;;51.01;52.47;58.86
15.02.1997;85.12459;97.39;;53.15;57.5;53.51
15.03.1997;85.027989;97.49;;51.89;53.99;52.98
15.04.1997;85.037951;97.18;;54.74;60.07;58.55
15.05.1997;85.077005;97.47;;54.69;59.24;56.32
15.06.1997;85.086572;97.4;;56.02;59.97;57.56
15.07.1997;85.146672;97.39;;60.82;67.29;69.47
15.08.1997;85.173105;97.26;;56.28;54.71;59.64
15.09.1997;85.128288;97.22;;57.38;61.96;54.94
15.10.1997;85.171621;97.2;;58.09;59.65;62.4
15.11.1997;85.252828;97.35;;59.12;59.06;61.42
15.12.1997;85.292836;97.18;;59.09;60.6;58.2
15.01.1998;85.171363;97.1;;57.36;57.25;58.99
15.02.1998;85.134335;96.75;;57.19;56.3;60.47
15.03.1998;85.078181;96.64;;57.37;57.33;59.49
15.04.1998;85.079825;96.55;;57.69;55.53;60.09
15.05.1998;85.111467;96.38;;56.56;55.41;60.22
15.06.1998;85.132503;96.21;;54.76;55.82;54.89
15.07.1998;85.209786;96.11;;55.86;58.54;56.37
15.08.1998;85.328921;95.94;;54.44;54.18;56.77
15.09.1998;85.166325;95.78;;50.87;49.55;52.09
15.10.1998;85.173365;95.54;;49.88;49.27;50.76
15.11.1998;85.135322;95.3;;49.79;50.34;50.04
15.12.1998;85.130247;95.2;;51.25;51.73;52.99
15.01.1999;85.259329;95.26;;46.1;43;46.57
15.02.1999;85.436484;94.92;;48.04;47.61;49.46
15.03.1999;85.571041;94.8;;49.62;50.21;49.79
15.04.1999;85.556306;94.75;;51.13;51.34;51.67
15.05.1999;85.534723;94.8;;51.31;50.66;50.61
15.06.1999;85.559077;94.9;;53.16;52.84;56.7
15.07.1999;85.83813;95.03;;55.38;54.32;57.26
15.08.1999;86.18369;95.4;;55.46;57.14;57.64
15.09.1999;86.214996;95.61;;58.86;63.59;61.68
15.10.1999;86.196212;95.57;;60.98;66.59;62.42
15.11.1999;86.214928;95.34;;61.5;66.39;62.24
15.12.1999;86.547194;95.63;;62.48;63.86;65.01
15.01.2000;86.641931;95.78;;58.61;62.01;54.38
15.02.2000;86.892595;95.96;;60.98;62.42;62.29
15.03.2000;86.859544;95.91;;62.45;64.86;65.13
15.04.2000;86.767373;95.96;;62.8;66.98;62.26
15.05.2000;86.795459;96.07;88.82;64.8;67.55;66.45
15.06.2000;87.062178;96.03;88.91;63.95;65.85;64.07
15.07.2000;87.47509;95.99;88.94;59.79;62.25;57.98
15.08.2000;87.206399;96.09;89.04;62.18;64.38;60.32
15.09.2000;87.485741;96.08;89.02;62.21;62.72;60.33
15.10.2000;87.315308;96.22;89.05;62.86;64.31;62.86
15.11.2000;87.841131;96.37;89.42;61.29;61.24;60.36
15.12.2000;87.832162;96.38;89.37;58.81;59.22;57.32
15.01.2001;87.800066;96.42;89.68;57.42;59.23;55.91
15.02.2001;87.642407;96.53;89.84;54.75;55.34;55.85
15.03.2001;87.766237;96.4;89.92;51.71;51.35;52.59
15.04.2001;87.722655;96.81;90.03;46.64;42.51;43.65
15.05.2001;88.234223;96.65;90.2;48.05;45.14;51.23
15.06.2001;88.36226;96.8;90.29;47.32;44.23;47.29
15.07.2001;88.684083;96.7;90.32;44.27;40.84;45.82
15.08.2001;88.178181;96.54;90.43;43.49;40.6;44.79
15.09.2001;88.138719;96.57;90.46;44.06;40.04;50.37
15.10.2001;87.821853;96.37;90.47;41.65;37.01;42.99
15.11.2001;88.060003;96.27;90.56;39.14;33.11;43.6
15.12.2001;88.107533;96.4;90.56;40.74;39.78;42.89
15.01.2002;88.303971;96.37;90.85;44.88;43.82;49.88
15.02.2002;88.288724;96.14;90.92;46.76;47.46;50.57
15.03.2002;88.303978;96.11;90.98;47.62;46.8;50.65
15.04.2002;88.574987;95.92;91.11;49.09;52.02;51.3
15.05.2002;88.715775;96.14;91.24;50.35;53;51.16
15.06.2002;88.584852;96.1;91.18;49.41;50.65;52.63
15.07.2002;88.676123;96.17;91.22;49.76;50.06;54.07
15.08.2002;88.642783;96.03;91.26;46.5;46.66;43.86
15.09.2002;88.639202;96.02;91.26;45.73;43.09;48.39
15.10.2002;88.870676;95.94;91.3;46.83;48.22;46.91
15.11.2002;88.830947;95.97;91.27;51.66;57.9;54.16
15.12.2002;88.873752;95.96;91.24;45.99;38.82;51.59
15.01.2003;89.103598;95.97;91.5;48.22;47.65;50.93
15.02.2003;89.179468;95.98;91.57;49.37;48.29;51.81
15.03.2003;89.480095;96.07;91.61;45.93;45.41;45.18
15.04.2003;89.164218;96.03;91.71;45.83;44.1;46.62
15.05.2003;89.006073;95.91;91.75;43.44;39.99;45.28
15.06.2003;89.025122;95.93;91.73;43.55;40.92;43.93
15.07.2003;88.940298;95.95;91.65;48.91;51.7;50.68
15.08.2003;89.148464;96.05;91.77;50.88;53.74;55.13
15.09.2003;89.168831;96.04;91.76;52.07;54.21;55.23
15.10.2003;89.238611;96.14;91.79;54.78;59.5;58.92
15.11.2003;89.249011;96.38;91.81;54.17;57.51;53.13
15.12.2003;89.376897;96.46;91.82;53.64;56.08;53.18
15.01.2004;89.32497;96.58;92.05;56.24;57.71;57.39
15.02.2004;89.302997;96.62;92.15;53.87;54.28;52.87
15.03.2004;89.451947;96.87;92.22;59.44;63.31;61.8
15.04.2004;89.589585;97.09;92.36;58.49;59.34;61.08
15.05.2004;89.790831;97.3;92.43;57.34;58.6;57.77
15.06.2004;89.983804;97.23;92.41;57.91;60.77;57.67
15.07.2004;89.70892;97.17;92.32;54.78;57.96;49.61
15.08.2004;90.051209;97.28;92.54;55.44;56.23;55.21
15.09.2004;89.971039;97.34;92.51;55.89;55.52;56.96
15.10.2004;90.381835;97.74;92.61;54.44;53.88;54.41
15.11.2004;90.573615;97.99;92.81;53.51;53.09;54.69
15.12.2004;90.533683;97.75;92.77;54.48;57.02;54.61
15.01.2005;90.465165;97.6;93;52.64;54.72;51.58
15.02.2005;90.59209;97.88;92.97;47.63;41.04;49.68
15.03.2005;90.826755;97.91;93;51.57;51.21;52.7
15.04.2005;90.813911;97.75;93.03;51.59;53.14;53.1
15.05.2005;90.725908;97.5;93.05;52.28;56.44;54.32
15.06.2005;90.560512;97.48;92.78;52.18;54.11;56.43
15.07.2005;90.738937;97.72;92.73;51.41;54.77;50.18
15.08.2005;90.917384;97.91;92.79;50.94;54.29;48.24
15.09.2005;91.243806;98.49;92.75;58.57;64.12;62.42
15.10.2005;91.593066;98.58;92.72;57.69;65.09;57.7
15.11.2005;91.406248;98.72;92.84;56.4;56.15;60.22
15.12.2005;91.418794;98.9;92.82;56.52;57.55;60.93
15.01.2006;91.700985;99.06;92.98;58.68;60.71;60.32
15.02.2006;91.871078;99.36;93.14;60.95;64.02;64.08
15.03.2006;91.755737;99.4;93.16;63.46;69.29;65.25
15.04.2006;91.832549;99.65;93.16;62.65;69.34;63.12
15.05.2006;91.937022;99.78;93.21;64.51;66.84;69.21
15.06.2006;91.938035;99.97;93.17;63.8;65.34;65.18
15.07.2006;91.981852;100.2;93.08;64.07;61.13;71.59
15.08.2006;92.225165;100.43;93.16;66.34;68.19;70.09
15.09.2006;91.973649;100.48;93.12;65.53;68.01;68.55
15.10.2006;91.854744;100.64;93.14;63.44;65.8;63.86
15.11.2006;91.844845;100.79;93.26;66.21;70.7;67.16
15.12.2006;91.994305;100.91;93.27;66.14;68.12;67.36
15.01.2007;91.832389;100.77;93.38;62.73;65.39;61.46
15.02.2007;91.87194;101.32;93.6;64.27;67.04;63.45
15.03.2007;91.975921;101.5;93.57;61.49;65.25;61.5
15.04.2007;92.234255;101.74;93.61;61.47;60.95;61.35
15.05.2007;92.350097;102.39;93.77;60.04;60.62;58.87
15.06.2007;92.496172;102.44;93.73;62.87;63.18;61.7
15.07.2007;92.60003;102.6;93.74;62.47;64.58;62.95
15.08.2007;92.60978;102.97;93.73;63.43;69.65;63.56
15.09.2007;92.666855;103.02;93.71;58.76;61.57;56.45
15.10.2007;93.053155;103.2;93.77;61.5;64.23;62.47
15.11.2007;93.476656;103.61;93.93;61.87;64.85;61.63
15.12.2007;93.859095;103.7;94.06;61.22;64.78;57.81
15.01.2008;94.073444;104.2;94.17;62.08;63.08;64.09
15.02.2008;94.027736;104.7;94.45;61.06;61.93;61.39
15.03.2008;94.40089;105.03;94.5;57.07;56.61;56.23
15.04.2008;94.326357;105.31;94.57;56.58;54.83;57.58
15.05.2008;94.980953;106.4;94.85;55.02;54.3;52.26
15.06.2008;95.197153;106.89;94.76;54.66;52.79;55.2
15.07.2008;95.431564;107.36;94.72;52.61;51.86;51.52
15.08.2008;95.29002;106.61;94.92;51.46;48.4;51
15.09.2008;95.375198;106.24;95.08;48.88;45.5;47.96
15.10.2008;95.515484;106.18;95.1;46.56;42.58;49.44
15.11.2008;94.856808;105.97;95.22;35.68;28.81;30.89
15.12.2008;94.544964;105.66;95.34;35.18;28.69;34.48
15.01.2009;94.197136;105.23;95.22;36.33;31.07;37.61
15.02.2009;94.226648;104.63;95.47;33.47;29.2;34
15.03.2009;93.913211;104.1;95.47;32.97;29.88;30.57
15.04.2009;94.049288;103.7;95.53;35.45;37.72;35.14
15.05.2009;94.054523;103.3;95.58;39.31;40.13;41.28
15.06.2009;94.314877;103.23;95.64;41.95;44.06;49.74
15.07.2009;94.319283;103.27;95.6;43.75;44.07;48.31
15.08.2009;94.512362;103.28;95.55;49.47;53.95;55.02
15.09.2009;94.475481;103.48;95.7;54.85;61.68;62.7
15.10.2009;94.742291;103.25;95.62;54.98;60.01;62.07
15.11.2009;94.91301;103.38;95.65;55.38;61.78;60.35
15.12.2009;94.841434;103.47;95.7;55.1;58.57;58.08
15.01.2010;95.151213;103.65;95.62;56.65;59.19;59.14
15.02.2010;95.064743;103.52;95.81;57.25;58.98;59.26
15.03.2010;95.163866;103.7;95.77;64.2;72.09;65.77
15.04.2010;95.330894;103.95;95.92;64.14;66.89;67.22
15.05.2010;95.129987;103.99;95.8;64.18;66.63;66.19
15.06.2010;94.818878;103.57;95.69;64.41;66.48;66.49
15.07.2010;94.733859;103.37;95.58;65.25;66.6;70.28
15.08.2010;94.782165;103.53;95.6;61.65;60.71;62.96
15.09.2010;94.691039;103.66;95.6;62.06;62.38;62.24
15.10.2010;94.938589;103.62;95.63;61.73;63.49;60.41
15.11.2010;95.173874;103.44;95.75;62.91;62.52;64.58
15.12.2010;95.372089;103.55;95.79;61.21;59.15;64.23
15.01.2011;95.389887;103.5;95.71;60.63;61.6;59.11
15.02.2011;95.518708;103.51;95.96;61.89;62.29;61.07
15.03.2011;95.986056;103.46;96.02;58.9;57.26;57.21
15.04.2011;95.659252;103.41;96.03;57.73;54.66;56.99
15.05.2011;95.521083;102.96;95.98;58.12;57.33;58.63
15.06.2011;95.414911;102.84;95.97;53.64;50.7;51.27
15.07.2011;95.188311;102.57;95.86;51.69;47.04;49.82
15.08.2011;94.947635;101.72;95.86;52.34;49.03;58.02
15.09.2011;95.076726;101.7;95.63;50.46;48.8;50.79
15.10.2011;94.830002;101.76;95.44;48.74;48.08;50.42
15.11.2011;94.704564;101.12;95.19;46.13;45.13;46.73
15.12.2011;94.712757;101.18;95.25;49.2;48.48;51.18
15.01.2012;94.627606;101.03;95.2;48.02;47.96;50.38
15.02.2012;94.666084;101.91;95.28;48.19;49.68;47.91
15.03.2012;95.030191;101.83;95.42;50.64;54.46;52.2
15.04.2012;94.736778;101.63;95.41;46.55;47.9;46.95
15.05.2012;94.607031;101.78;95.33;45.84;44.98;48.54
15.06.2012;94.437667;101.68;95.26;47.89;45.91;53.24
15.07.2012;94.492794;101.75;95.11;46.53;46.38;49.23
15.08.2012;94.492131;102.05;94.99;47.09;47;48.8
15.09.2012;94.614563;102.15;94.94;44.97;40.54;48.82
15.10.2012;94.609934;102.24;94.94;47.13;45.77;49.23
15.11.2012;94.371939;102.5;94.85;49.07;48.01;55.26
15.12.2012;94.317373;102.44;94.81;49.11;52.26;49.23
15.01.2013;94.367306;102.22;94.84;52.45;56.88;54.62
15.02.2013;94.439981;102.32;94.88;49.93;48.35;53.76
15.03.2013;94.455102;102.16;94.91;49.11;51.71;49.65
15.04.2013;94.168368;102.3;94.93;49.45;47.54;52.31
15.05.2013;94.177019;102.14;95.02;52.37;55.28;54.44
15.06.2013;94.329006;102.25;95.02;51.53;54.54;54.68
15.07.2013;94.446475;102.31;95.02;55.47;59.41;58.48
15.08.2013;94.416739;102.38;95.07;55.51;61.51;56.36
15.09.2013;94.501916;102.43;95.08;56.47;61.13;59.14
15.10.2013;94.34828;102.24;95.07;55.06;56.57;57.05
15.11.2013;94.473157;102.23;95.12;57.2;61.35;59.42
15.12.2013;94.406318;102.11;94.92;53.65;55.81;53.06
15.01.2014;94.428735;101.99;94.84;56.3;61.27;56.44
15.02.2014;94.319884;101.87;94.96;56.8;59.95;60.28
15.03.2014;94.394843;101.73;95.13;54.11;52.18;57.96
15.04.2014;94.30531;101.57;95.1;55.04;57.63;57.05
15.05.2014;94.427093;101.69;95.17;53.66;53.77;56.39
15.06.2014;94.361153;101.75;95.14;53.93;57.6;54.32
15.07.2014;94.425472;101.68;95.09;53.75;54.67;53.65
15.08.2014;94.44536;101.55;95.12;53.71;52.09;55.28
15.09.2014;94.385424;101.41;95.12;51.67;51.36;55.68
15.10.2014;94.331449;101.41;95.16;54.67;55.57;62.42
15.11.2014;94.440961;100.68;95.29;51.4;49.05;52.72
15.12.2014;94.130782;100.33;95.27;52.44;52.44;54.99
15.01.2015;93.982012;100.12;95.26;49.32;47.4;51.36
15.02.2015;93.545576;99.65;95.13;47.68;47.77;47.75
15.03.2015;93.601922;99.62;95.05;47.93;47.37;49.73
15.04.2015;93.236285;98.06;94.8;47.97;47.95;51.71
15.05.2015;93.308362;97.38;94.84;47.15;49.34;46.34
15.06.2015;93.365698;97.36;94.96;50.3;51.53;55.13
15.07.2015;93.176699;97.15;94.72;49.96;50.57;54.58
15.08.2015;93.084745;96.71;94.6;51.23;47.98;61.29
15.09.2015;93.022415;96.55;94.59;48.23;47.49;47.35
15.10.2015;93.050797;96.8;94.52;49.73;50.51;53.16
15.11.2015;93.154884;97.01;94.49;48.46;49.72;50.53
15.12.2015;92.935371;96.68;94.45;49.75;47.92;53.72
15.01.2016;92.813106;96.43;94.39;50.4;50.21;54.34
15.02.2016;92.773611;96.21;94.45;50.82;52.22;55.25
15.03.2016;92.801795;96.2;94.37;52.86;54.29;57.66
15.04.2016;92.8969;96.34;94.37;53.62;55.81;57.79
15.05.2016;92.880677;96.94;94.36;56;61.17;56.88
15.06.2016;92.998809;96.78;94.33;51.62;51.85;54.12
15.07.2016;92.961363;96.69;94.26;50.82;49.8;55.32
15.08.2016;92.921911;96.6;94.29;51.91;53.03;53.85
15.09.2016;92.86725;96.57;94.21;54.91;57.08;56.65
15.10.2016;92.872848;96.45;94.18;55;56.22;59.04
15.11.2016;92.874481;96.54;94.25;55.31;56.76;58.13
15.12.2016;92.956683;96.49;94.18;55.26;58.45;58.54
15.01.2017;93.143056;96.68;94.22;54.82;55.12;56.83
15.02.2017;93.360372;96.6;94.27;57.06;57.82;58.68
15.03.2017;93.260451;96.58;94.2;58.48;60.77;61.76
15.04.2017;93.354192;96.48;94.26;58.05;61.07;59.68
15.05.2017;93.306942;96.24;94.34;56.4;60.79;54.41
15.06.2017;93.183269;96.15;94.28;60.31;61.82;64.05
15.07.2017;93.245157;96.1;94.35;60.68;63.92;63.59
15.08.2017;93.321376;96.12;94.38;61.58;61.73;65.25
15.09.2017;93.49013;96.41;94.38;62.56;66.49;61.15
15.10.2017;93.50527;96.51;94.39;61.74;63.51;60.41
15.11.2017;93.644585;96.94;94.47;64.18;66.66;66.44
15.12.2017;93.765685;97;94.42;63.74;67.31;62.58
15.01.2018;93.825092;97.22;94.28;65.01;67.94;65.75
15.02.2018;93.924133;97.83;94.31;63.87;64.4;64.12
15.03.2018;94.032391;97.74;94.36;61.21;58.22;61.62
15.04.2018;94.056553;97.86;94.42;63.4;61.23;64.23
15.05.2018;94.232962;97.74;94.46;63.11;60.64;60.85
15.06.2018;94.266707;97.91;94.45;62.02;61.45;61.15
15.07.2018;94.373015;98.04;94.57;62.81;62.92;62.92
15.08.2018;94.387456;98.15;94.65;64.74;65.51;70.5
15.09.2018;94.426469;97.88;94.69;60.19;56.15;62.76
15.10.2018;94.564978;97.84;94.75;57.89;56.55;55.1
15.11.2018;94.534238;97.61;94.81;57.21;55.79;57.71
15.12.2018;94.44046;97.47;94.77;56.09;53.19;57.18
15.01.2019;94.336855;97.06;94.73;54.5;54.41;55.61
15.02.2019;94.446772;97.29;94.78;54.2;54.18;54.19
15.03.2019;94.648685;97.27;94.87;50.08;50.58;49.18
15.04.2019;94.795855;97.3;94.94;49.06;46.5;48.73
15.05.2019;94.834343;97.35;95.06;48.94;46.49;49.15
15.06.2019;94.842456;97.15;95.03;47.96;44.12;48.56
15.07.2019;94.638693;97.06;95.01;45.72;40.82;45.51
15.08.2019;94.638104;97;95.04;47.13;45.49;47.23
15.09.2019;94.579989;96.84;95.04;44.71;40.84;45.15
15.10.2019;94.350381;96.64;94.93;49.75;49.55;50.77
15.11.2019;94.437095;96.48;95.06;48.5;46.66;48.93
15.12.2019;94.617735;96.55;95.11;48.72;51.56;48.8
15.01.2020;94.516996;96.6;94.92;48.34;47.95;47.21
15.02.2020;94.367277;96.23;94.96;49.29;46.31;48.3
15.03.2020;94.160864;95.97;95.13;42.79;32.68;33.7
15.04.2020;93.787647;95.32;95.08;40.55;32.01;28.23
15.05.2020;93.584137;94.92;95.09;42.06;34.46;39.67
15.06.2020;93.623991;95.12;95.08;41.43;36.76;39.71
15.07.2020;93.742417;95.05;95.08;50.14;49.31;54.88
15.08.2020;93.767308;94.82;95.09;51.4;51.17;56.23
15.09.2020;93.837439;94.98;95.09;52.66;53.32;56.25
15.10.2020;93.841385;95.08;95.08;53.35;53.87;56.93
15.11.2020;93.819849;95.27;95.11;55.39;59.22;56.86
15.12.2020;93.884523;95.47;95.06;57.67;57.87;59.83
15.01.2021;93.996386;95.57;95.14;59.89;60.53;60.99
15.02.2021;93.859249;95.45;95.12;61.42;63.58;61.59
15.03.2021;93.953406;95.63;95.13;64.56;67.64;64.11
15.04.2021;94.08024;96.01;95.23;67.98;72.24;69.48
15.05.2021;94.11508;96.4;95.37;68.81;74.09;67.13
15.06.2021;94.178729;96.66;95.38;67.03;66.58;66.9
15.07.2021;94.345513;96.97;95.38;72.48;77.05;73.12
15.08.2021;94.54638;97.5;95.53;68.02;70.53;63.31
15.09.2021;94.736704;97.65;95.55;67.32;67.58;63.42
15.10.2021;95.045218;98.04;95.61;65.98;67.92;60.93
15.11.2021;95.291455;98.58;95.67;63.64;64.06;52.77
15.12.2021;95.350259;98.56;95.69;62.94;63.91;57.62
15.01.2022;95.537914;98.96;95.78;63.63;63.52;58.32
15.02.2022;95.831641;99.19;96.12;62.08;60.89;56.58
15.03.2022;96.155783;99.56;96.33;62.65;61.81;57.09
15.04.2022;96.51595;100.32;96.45;62.42;63.46;55.97
15.05.2022;96.905162;100.6;96.88;60.48;57.03;55.62
15.06.2022;97.366041;100.82;96.94;59.11;57.1;54.08
15.07.2022;97.561471;100.92;96.95;60.26;58.68;57.83
15.08.2022;97.779433;101.2;97.33;57.02;56.23;53.7
15.09.2022;97.825224;101.31;97.34;56.39;55.18;53.51
15.10.2022;97.934241;101.42;97.31;55.07;51.66;52.28
15.11.2022;98.140064;101.39;97.49;53.79;47.93;51.81
15.12.2022;98.072661;101.21;97.45;53.1;49.18;52.3
15.01.2023;98.669102;101.82;97.73;49.19;43.79;49.3
15.02.2023;99.014728;102.11;97.99;48.39;45.35;48.58
15.03.2023;99.01875;102.19;98.04;46.23;39.86;47.96
15.04.2023;98.962417;102.22;98.08;46.13;40.54;45.19
15.05.2023;99.011197;102.57;98.35;43.91;38.11;43.43
15.06.2023;99.020781;102.54;98.36;45.13;39.55;50.82
15.07.2023;99.099848;102.57;98.32;40.09;34.71;38.96
15.08.2023;99.279051;102.21;98.55;39.9;34.47;38.2
15.09.2023;99.448296;102.18;98.54;44.2;42.39;47.29
15.10.2023;99.632615;102.26;98.67;40.2;35.02;39.75
15.11.2023;99.587356;102;98.79;41.64;37.7;45.16
15.12.2023;99.760517;101.8;98.81;42.05;38.76;43.46
15.01.2024;99.940539;101.74;98.92;43.07;41.32;39.37
15.02.2024;100.135198;101.75;99.1;43.42;39.92;44.16
15.03.2024;100.078178;101.71;99;44.43;43.39;44.91
15.04.2024;100.277047;101.76;99.22;42.41;41.29;40.17
15.05.2024;100.397309;101.24;99.43;47.38;46.63;52.01
15.06.2024;100.32862;101.28;99.32;44.01;41.19;45.93
15.07.2024;100.364383;101.32;99.33;45.66;45.18;45.73
15.08.2024;100.326085;102;99.59;48.79;50.38;50.88
15.09.2024;100.282858;101.99;99.56;48.91;49.92;50.22
15.10.2024;100.280769;101.74;99.58;49.16;51.01;52.49
15.11.2024;100.339297;101.67;99.68;47.71;49.38;49.01
15.12.2024;100.387555;101.72;99.52;47.51;48.63;48.52
15.01.2025;100.349379;101.74;99.69;47.45;46.03;48.46
15.02.2025;100.434463;101.92;99.93;49.36;49.16;49.34
15.03.2025;100.370409;101.86;99.97;48.76;49.44;48.75
15.04.2025;100.355607;101.86;100;46.47;45.81;49.76
15.05.2025;100.299453;101.63;100.16;42.38;35.47;43.33
15.06.2025;100.403385;101.57;100.13;48.65;47.69;49.65
15.07.2025;100.5694;101.32;100.11;49.46;46.26;50.15
15.08.2025;100.478303;100.67;100.18;48.22;45.81;52.34
15.09.2025;100.501806;100.6;100.11;46.09;40.96;48.92
15.10.2025;100.394346;100.48;100.09;48.07;46.89;48.67
15.11.2025;100.377817;100.45;100.09;49.64;47.36;48.25
15.12.2025;100.447328;100.39;100;46.4;41.57;47.22
15.01.2026;100.412571;100.19;100.15;48.8;47.7;50.81
15.02.2026;100.527637;;100.31;47.41;46.92;47.02
