date,total_anfluege,total_abfluege
2019-01-01,298,294
2019-01-02,351,353
2019-01-03,337,336
2019-01-04,356,358
2019-01-05,315,317
2019-01-06,354,355
2019-01-07,349,348
2019-01-08,334,320
2019-01-09,340,341
2019-01-10,317,319
2019-01-11,348,348
2019-01-12,285,293
2019-01-13,339,339
2019-01-14,339,339
2019-01-15,330,325
2019-01-16,337,347
2019-01-17,349,347
2019-01-18,372,374
2019-01-19,289,298
2019-01-20,358,355
2019-01-21,410,386
2019-01-22,366,339
2019-01-23,360,357
2019-01-24,377,394
2019-01-25,411,447
2019-01-26,304,300
2019-01-27,328,336
2019-01-28,338,343
2019-01-29,328,318
2019-01-30,338,336
2019-01-31,351,353
2019-02-01,360,351
2019-02-02,278,282
2019-02-03,314,328
2019-02-04,331,323
2019-02-05,341,325
2019-02-06,336,345
2019-02-07,341,344
2019-02-08,355,361
2019-02-09,309,298
2019-02-10,328,337
2019-02-11,340,340
2019-02-12,334,322
2019-02-13,337,351
2019-02-14,354,360
2019-02-15,365,364
2019-02-16,316,309
2019-02-17,346,349
2019-02-18,339,340
2019-02-19,339,336
2019-02-20,356,354
2019-02-21,371,369
2019-02-22,372,380
2019-02-23,323,317
2019-02-24,352,354
2019-02-25,352,351
2019-02-26,338,330
2019-02-27,362,370
2019-02-28,357,364
2019-03-01,367,368
2019-03-02,303,303
2019-03-03,341,342
2019-03-04,355,348
2019-03-05,332,320
2019-03-06,348,350
2019-03-07,360,357
2019-03-08,376,370
2019-03-09,296,304
2019-03-10,343,350
2019-03-11,351,347
2019-03-12,331,326
2019-03-13,346,348
2019-03-14,362,364
2019-03-15,373,365
2019-03-16,299,302
2019-03-17,349,349
2019-03-18,362,366
2019-03-19,343,337
2019-03-20,346,359
2019-03-21,359,359
2019-03-22,373,365
2019-03-23,295,304
2019-03-24,343,345
2019-03-25,372,360
2019-03-26,349,349
2019-03-27,354,357
2019-03-28,362,356
2019-03-29,375,380
2019-03-30,302,307
2019-03-31,354,358
2019-04-01,380,377
2019-04-02,373,372
2019-04-03,372,374
2019-04-04,377,376
2019-04-05,396,395
2019-04-06,352,355
2019-04-07,376,377
2019-04-08,399,387
2019-04-09,373,383
2019-04-10,379,378
2019-04-11,391,386
2019-04-12,398,401
2019-04-13,353,358
2019-04-14,384,377
2019-04-15,382,389
2019-04-16,377,370
2019-04-17,381,388
2019-04-18,405,417
2019-04-19,389,395
2019-04-20,346,349
2019-04-21,364,364
2019-04-22,390,379
2019-04-23,374,368
2019-04-24,371,370
2019-04-25,389,391
2019-04-26,386,393
2019-04-27,357,359
2019-04-28,388,381
2019-04-29,384,381
2019-04-30,363,366
2019-05-01,368,374
2019-05-02,377,378
2019-05-03,393,393
2019-05-04,358,357
2019-05-05,390,375
2019-05-06,390,391
2019-05-07,389,389
2019-05-08,388,390
2019-05-09,377,381
2019-05-10,406,405
2019-05-11,358,363
2019-05-12,377,379
2019-05-13,409,394
2019-05-14,370,379
2019-05-15,406,394
2019-05-16,396,406
2019-05-17,407,410
2019-05-18,355,351
2019-05-19,384,386
2019-05-20,402,393
2019-05-21,366,374
2019-05-22,396,387
2019-05-23,394,401
2019-05-24,415,409
2019-05-25,355,361
2019-05-26,385,382
2019-05-27,405,407
2019-05-28,373,374
2019-05-29,406,408
2019-05-30,376,388
2019-05-31,399,398
2019-06-01,361,365
2019-06-02,425,406
2019-06-03,399,403
2019-06-04,380,382
2019-06-05,417,415
2019-06-06,393,392
2019-06-07,423,429
2019-06-08,362,366
2019-06-09,395,395
2019-06-10,412,389
2019-06-11,401,405
2019-06-12,422,423
2019-06-13,408,414
2019-06-14,417,418
2019-06-15,373,371
2019-06-16,406,406
2019-06-17,409,414
2019-06-18,387,394
2019-06-19,419,420
2019-06-20,397,402
2019-06-21,414,414
2019-06-22,368,369
2019-06-23,404,401
2019-06-24,414,412
2019-06-25,400,393
2019-06-26,410,416
2019-06-27,393,400
2019-06-28,411,413
2019-06-29,374,379
2019-06-30,413,410
2019-07-01,409,403
2019-07-02,398,406
2019-07-03,414,409
2019-07-04,415,418
2019-07-05,422,437
2019-07-06,375,380
2019-07-07,396,387
2019-07-08,420,411
2019-07-09,402,402
2019-07-10,421,419
2019-07-11,406,414
2019-07-12,418,417
2019-07-13,391,398
2019-07-14,416,424
2019-07-15,414,404
2019-07-16,384,389
2019-07-17,406,407
2019-07-18,414,415
2019-07-19,413,422
2019-07-20,372,377
2019-07-21,409,397
2019-07-22,419,411
2019-07-23,393,388
2019-07-24,411,419
2019-07-25,404,407
2019-07-26,410,408
2019-07-27,373,384
2019-07-28,406,401
2019-07-29,412,407
2019-07-30,381,386
2019-07-31,407,409
2019-08-01,385,388
2019-08-02,400,395
2019-08-03,377,377
2019-08-04,406,413
2019-08-05,410,402
2019-08-06,381,376
2019-08-07,386,385
2019-08-08,393,396
2019-08-09,396,401
2019-08-10,376,383
2019-08-11,401,400
2019-08-12,410,397
2019-08-13,379,384
2019-08-14,401,402
2019-08-15,395,394
2019-08-16,404,410
2019-08-17,384,384
2019-08-18,411,414
2019-08-19,406,408
2019-08-20,387,381
2019-08-21,401,399
2019-08-22,394,389
2019-08-23,423,421
2019-08-24,371,375
2019-08-25,397,403
2019-08-26,404,401
2019-08-27,389,379
2019-08-28,402,413
2019-08-29,400,399
2019-08-30,416,418
2019-08-31,371,368
2019-09-01,392,396
2019-09-02,414,406
2019-09-03,409,393
2019-09-04,414,419
2019-09-05,400,408
2019-09-06,402,409
2019-09-07,360,355
2019-09-08,409,406
2019-09-09,405,403
2019-09-10,382,381
2019-09-11,418,416
2019-09-12,404,412
2019-09-13,409,419
2019-09-14,365,361
2019-09-15,399,405
2019-09-16,411,408
2019-09-17,387,383
2019-09-18,406,402
2019-09-19,408,414
2019-09-20,405,409
2019-09-21,357,359
2019-09-22,406,407
2019-09-23,400,404
2019-09-24,386,380
2019-09-25,403,404
2019-09-26,400,399
2019-09-27,411,413
2019-09-28,366,368
2019-09-29,407,401
2019-09-30,399,394
2019-10-01,371,374
2019-10-02,407,400
2019-10-03,392,392
2019-10-04,412,419
2019-10-05,373,376
2019-10-06,402,399
2019-10-07,393,397
2019-10-08,380,372
2019-10-09,403,409
2019-10-10,391,398
2019-10-11,413,418
2019-10-12,361,361
2019-10-13,402,397
2019-10-14,395,398
2019-10-15,348,345
2019-10-16,378,380
2019-10-17,384,393
2019-10-18,398,403
2019-10-19,380,371
2019-10-20,405,398
2019-10-21,397,399
2019-10-22,372,372
2019-10-23,382,381
2019-10-24,397,393
2019-10-25,390,400
2019-10-26,348,348
2019-10-27,354,354
2019-10-28,352,349
2019-10-29,327,319
2019-10-30,343,352
2019-10-31,355,353
2019-11-01,353,352
2019-11-02,277,282
2019-11-03,328,324
2019-11-04,348,342
2019-11-05,327,325
2019-11-06,335,343
2019-11-07,330,328
2019-11-08,358,361
2019-11-09,286,280
2019-11-10,333,343
2019-11-11,336,336
2019-11-12,311,302
2019-11-13,326,329
2019-11-14,326,329
2019-11-15,357,360
2019-11-16,278,272
2019-11-17,332,331
2019-11-18,345,341
2019-11-19,318,316
2019-11-20,343,342
2019-11-21,331,341
2019-11-22,359,358
2019-11-23,272,270
2019-11-24,322,330
2019-11-25,334,331
2019-11-26,316,312
2019-11-27,330,327
2019-11-28,339,339
2019-11-29,351,350
2019-11-30,256,262
2019-12-01,326,333
2019-12-02,335,334
2019-12-03,305,306
2019-12-04,330,339
2019-12-05,329,330
2019-12-06,352,346
2019-12-07,261,266
2019-12-08,328,321
2019-12-09,357,355
2019-12-10,310,310
2019-12-11,336,348
2019-12-12,344,338
2019-12-13,353,350
2019-12-14,282,282
2019-12-15,330,326
2019-12-16,338,342
2019-12-17,312,312
2019-12-18,337,339
2019-12-19,353,348
2019-12-20,368,379
2019-12-21,319,319
2019-12-22,343,333
2019-12-23,331,337
2019-12-24,272,267
2019-12-25,259,260
2019-12-26,321,325
2019-12-27,342,349
2019-12-28,290,286
2019-12-29,315,315
2019-12-30,313,314
2019-12-31,264,264
2020-01-01,280,283
2020-01-02,335,331
2020-01-03,333,338
2020-01-04,299,297
2020-01-05,350,347
2020-01-06,325,329
2020-01-07,309,300
2020-01-08,310,320
2020-01-09,323,325
2020-01-10,343,347
2020-01-11,271,273
2020-01-12,336,317
2020-01-13,312,315
2020-01-14,298,296
2020-01-15,327,327
2020-01-16,326,328
2020-01-17,342,349
2020-01-18,268,275
2020-01-19,350,348
2020-01-20,391,368
2020-01-21,358,324
2020-01-22,334,342
2020-01-23,343,377
2020-01-24,401,418
2020-01-25,266,281
2020-01-26,329,317
2020-01-27,313,320
2020-01-28,293,289
2020-01-29,319,316
2020-01-30,322,317
2020-01-31,334,336
2020-02-01,264,274
2020-02-02,318,310
2020-02-03,330,338
2020-02-04,310,304
2020-02-05,330,315
2020-02-06,324,331
2020-02-07,344,344
2020-02-08,277,286
2020-02-09,287,278
2020-02-10,227,242
2020-02-11,299,296
2020-02-12,320,313
2020-02-13,318,310
2020-02-14,347,351
2020-02-15,290,292
2020-02-16,320,319
2020-02-17,312,324
2020-02-18,307,293
2020-02-19,327,328
2020-02-20,335,332
2020-02-21,349,349
2020-02-22,294,303
2020-02-23,334,320
2020-02-24,325,335
2020-02-25,320,317
2020-02-26,317,319
2020-02-27,342,337
2020-02-28,358,360
2020-02-29,287,291
2020-03-01,318,327
2020-03-02,332,323
2020-03-03,317,306
2020-03-04,326,321
2020-03-05,327,330
2020-03-06,330,337
2020-03-07,276,274
2020-03-08,315,311
2020-03-09,287,279
2020-03-10,235,218
2020-03-11,222,239
2020-03-12,252,256
2020-03-13,278,269
2020-03-14,219,223
2020-03-15,237,233
2020-03-16,176,177
2020-03-17,146,152
2020-03-18,112,118
2020-03-19,110,109
2020-03-20,107,123
2020-03-21,78,77
2020-03-22,75,80
2020-03-23,46,42
2020-03-24,35,34
2020-03-25,40,40
2020-03-26,44,45
2020-03-27,46,52
2020-03-28,27,23
2020-03-29,35,40
2020-03-30,35,34
2020-03-31,25,29
2020-04-01,36,38
2020-04-02,24,26
2020-04-03,36,34
2020-04-04,26,26
2020-04-05,39,32
2020-04-06,22,23
2020-04-07,21,22
2020-04-08,27,33
2020-04-09,26,22
2020-04-10,23,23
2020-04-11,17,19
2020-04-12,27,26
2020-04-13,20,25
2020-04-14,14,10
2020-04-15,22,23
2020-04-16,34,29
2020-04-17,36,33
2020-04-18,25,25
2020-04-19,25,23
2020-04-20,16,19
2020-04-21,20,26
2020-04-22,26,22
2020-04-23,29,31
2020-04-24,33,35
2020-04-25,24,21
2020-04-26,25,26
2020-04-27,27,25
2020-04-28,19,24
2020-04-29,26,28
2020-04-30,28,23
2020-05-01,32,30
2020-05-02,21,22
2020-05-03,28,34
2020-05-04,28,32
2020-05-05,23,17
2020-05-06,23,27
2020-05-07,33,36
2020-05-08,41,43
2020-05-09,26,34
2020-05-10,34,33
2020-05-11,33,35
2020-05-12,32,30
2020-05-13,30,35
2020-05-14,49,44
2020-05-15,49,44
2020-05-16,31,34
2020-05-17,37,40
2020-05-18,39,34
2020-05-19,38,32
2020-05-20,53,54
2020-05-21,44,44
2020-05-22,32,30
2020-05-23,22,25
2020-05-24,60,48
2020-05-25,45,50
2020-05-26,47,48
2020-05-27,45,46
2020-05-28,45,39
2020-05-29,60,52
2020-05-30,30,43
2020-05-31,36,33
2020-06-01,49,46
2020-06-02,39,39
2020-06-03,47,47
2020-06-04,60,58
2020-06-05,80,78
2020-06-06,50,47
2020-06-07,67,67
2020-06-08,71,73
2020-06-09,35,41
2020-06-10,54,49
2020-06-11,49,49
2020-06-12,63,63
2020-06-13,63,60
2020-06-14,67,68
2020-06-15,103,95
2020-06-16,60,56
2020-06-17,72,73
2020-06-18,78,75
2020-06-19,101,102
2020-06-20,80,86
2020-06-21,94,93
2020-06-22,109,99
2020-06-23,66,65
2020-06-24,78,81
2020-06-25,87,91
2020-06-26,101,107
2020-06-27,89,86
2020-06-28,96,91
2020-06-29,112,102
2020-06-30,81,77
2020-07-01,122,130
2020-07-02,124,130
2020-07-03,149,158
2020-07-04,130,135
2020-07-05,149,140
2020-07-06,136,129
2020-07-06,14,17
2020-07-07,118,122
2020-07-08,140,135
2020-07-09,136,141
2020-07-10,158,171
2020-07-11,157,157
2020-07-12,158,149
2020-07-13,150,148
2020-07-14,116,114
2020-07-15,139,143
2020-07-16,146,153
2020-07-17,162,163
2020-07-18,163,167
2020-07-19,165,162
2020-07-20,165,154
2020-07-21,113,121
2020-07-22,149,148
2020-07-23,152,158
2020-07-24,157,159
2020-07-25,178,181
2020-07-26,173,166
2020-07-27,159,155
2020-07-28,121,122
2020-07-29,144,144
2020-07-30,145,144
2020-07-31,173,185
2020-08-01,183,193
2020-08-02,196,186
2020-08-03,176,167
2020-08-04,130,131
2020-08-05,151,151
2020-08-06,162,166
2020-08-07,177,188
2020-08-08,199,205
2020-08-09,204,186
2020-08-10,160,169
2020-08-11,125,125
2020-08-12,150,146
2020-08-13,160,158
2020-08-14,164,180
2020-08-15,199,196
2020-08-16,197,193
2020-08-17,173,168
2020-08-18,122,118
2020-08-19,142,140
2020-08-20,138,146
2020-08-21,175,182
2020-08-22,174,178
2020-08-22,22,19
2020-08-23,10,10
2020-08-23,183,170
2020-08-24,155,151
2020-08-25,121,115
2020-08-26,133,136
2020-08-27,148,153
2020-08-28,175,187
2020-08-29,165,166
2020-08-30,174,169
2020-08-31,165,162
2020-09-01,131,133
2020-09-02,131,129
2020-09-03,155,156
2020-09-04,173,185
2020-09-05,164,168
2020-09-06,181,173
2020-09-07,166,158
2020-09-08,108,116
2020-09-09,130,136
2020-09-10,149,140
2020-09-11,182,184
2020-09-12,153,164
2020-09-13,183,178
2020-09-14,147,140
2020-09-15,111,115
2020-09-16,131,144
2020-09-17,140,134
2020-09-18,170,171
2020-09-19,157,160
2020-09-20,182,175
2020-09-21,147,130
2020-09-22,105,131
2020-09-23,132,128
2020-09-24,125,130
2020-09-25,168,177
2020-09-26,154,152
2020-09-27,174,174
2020-09-28,148,140
2020-09-29,117,118
2020-09-30,125,132
2020-10-01,142,135
2020-10-02,148,164
2020-10-03,161,164
2020-10-04,167,167
2020-10-05,149,135
2020-10-06,112,100
2020-10-07,122,129
2020-10-08,125,124
2020-10-09,166,171
2020-10-10,155,162
2020-10-11,178,179
2020-10-12,142,133
2020-10-13,99,104
2020-10-14,122,120
2020-10-15,116,119
2020-10-16,154,168
2020-10-17,153,159
2020-10-18,167,154
2020-10-19,119,120
2020-10-20,87,86
2020-10-21,92,91
2020-10-22,103,110
2020-10-23,127,137
2020-10-24,138,134
2020-10-25,125,119
2020-10-26,124,111
2020-10-27,85,84
2020-10-28,95,91
2020-10-29,98,113
2020-10-30,128,126
2020-10-31,98,111
2020-11-01,136,127
2020-11-02,108,103
2020-11-03,69,70
2020-11-04,87,78
2020-11-05,88,98
2020-11-06,103,112
2020-11-07,87,101
2020-11-08,112,99
2020-11-09,97,87
2020-11-10,56,62
2020-11-11,80,75
2020-11-12,87,101
2020-11-13,92,103
2020-11-14,84,90
2020-11-15,109,97
2020-11-16,102,89
2020-11-17,61,68
2020-11-18,72,72
2020-11-19,84,89
2020-11-20,94,106
2020-11-21,74,82
2020-11-22,88,84
2020-11-23,86,71
2020-11-24,65,66
2020-11-25,70,70
2020-11-26,83,78
2020-11-27,92,107
2020-11-28,82,80
2020-11-29,94,88
2020-11-30,99,100
2020-12-01,48,52
2020-12-02,77,76
2020-12-03,94,99
2020-12-04,102,104
2020-12-05,83,89
2020-12-06,94,89
2020-12-07,101,91
2020-12-08,63,69
2020-12-09,81,78
2020-12-10,86,92
2020-12-11,110,121
2020-12-12,89,89
2020-12-13,109,107
2020-12-14,101,86
2020-12-15,79,81
2020-12-16,94,97
2020-12-17,119,127
2020-12-18,160,163
2020-12-19,161,166
2020-12-20,153,148
2020-12-21,125,120
2020-12-22,90,95
2020-12-23,118,114
2020-12-24,87,83
2020-12-25,80,84
2020-12-26,106,114
2020-12-27,122,117
2020-12-28,108,110
2020-12-29,75,72
2020-12-30,102,98
2020-12-31,56,60
2021-01-01,61,64
2021-01-02,122,120
2021-01-03,156,155
2021-01-04,116,107
2021-01-05,64,74
2021-01-06,83,89
2021-01-07,94,96
2021-01-08,100,104
2021-01-09,104,101
2021-01-10,128,127
2021-01-11,101,94
2021-01-12,65,57
2021-01-13,65,71
2021-01-14,93,92
2021-01-15,86,100
2021-01-16,85,82
2021-01-17,92,84
2021-01-18,80,80
2021-01-19,47,58
2021-01-20,59,65
2021-01-21,67,69
2021-01-22,82,83
2021-01-23,68,67
2021-01-24,93,86
2021-01-25,63,68
2021-01-26,55,52
2021-01-27,60,55
2021-01-28,63,74
2021-01-29,84,90
2021-01-30,71,71
2021-01-31,97,86
2021-02-01,64,61
2021-02-02,52,52
2021-02-03,55,61
2021-02-04,74,75
2021-02-05,75,84
2021-02-06,72,69
2021-02-07,89,79
2021-02-08,64,60
2021-02-09,50,48
2021-02-10,50,52
2021-02-11,70,70
2021-02-12,92,99
2021-02-13,80,86
2021-02-14,89,72
2021-02-15,70,69
2021-02-16,54,56
2021-02-17,51,53
2021-02-18,68,79
2021-02-19,85,91
2021-02-20,90,92
2021-02-21,98,92
2021-02-22,66,69
2021-02-23,53,50
2021-02-24,71,69
2021-02-25,60,66
2021-02-26,81,89
2021-02-27,90,97
2021-02-28,90,88
2021-03-01,79,66
2021-03-02,53,57
2021-03-03,72,68
2021-03-04,77,81
2021-03-05,81,88
2021-03-06,74,74
2021-03-07,94,87
2021-03-08,86,78
2021-03-09,60,57
2021-03-10,67,71
2021-03-11,73,75
2021-03-12,73,85
2021-03-13,67,68
2021-03-14,100,85
2021-03-15,75,74
2021-03-16,60,56
2021-03-17,69,65
2021-03-18,87,91
2021-03-19,92,106
2021-03-20,84,86
2021-03-21,96,92
2021-03-22,75,78
2021-03-23,64,62
2021-03-24,79,82
2021-03-25,95,96
2021-03-26,101,116
2021-03-27,111,112
2021-03-27,20,22
2021-03-28,118,110
2021-03-29,100,95
2021-03-30,74,75
2021-03-31,86,89
2021-04-01,132,138
2021-04-02,119,125
2021-04-03,102,101
2021-04-04,93,91
2021-04-05,115,102
2021-04-06,84,85
2021-04-07,71,70
2021-04-08,84,99
2021-04-09,107,122
2021-04-10,116,114
2021-04-11,136,134
2021-04-12,98,87
2021-04-13,74,69
2021-04-14,76,81
2021-04-15,89,93
2021-04-16,110,127
2021-04-17,112,107
2021-04-18,124,119
2021-04-19,95,94
2021-04-20,70,74
2021-04-21,89,78
2021-04-22,93,94
2021-04-23,124,130
2021-04-24,118,123
2021-04-25,123,114
2021-04-26,88,88
2021-04-27,66,60
2021-04-28,85,83
2021-04-29,82,98
2021-04-30,117,121
2021-05-01,106,114
2021-05-02,120,116
2021-05-03,99,85
2021-05-04,71,69
2021-05-05,99,91
2021-05-06,84,100
2021-05-07,126,141
2021-05-07,16,17
2021-05-08,136,126
2021-05-09,123,120
2021-05-10,112,100
2021-05-11,85,89
2021-05-12,106,121
2021-05-13,10,15
2021-05-13,120,125
2021-05-14,119,119
2021-05-15,11,11
2021-05-15,111,117
2021-05-16,178,157
2021-05-17,121,117
2021-05-18,87,89
2021-05-19,96,97
2021-05-20,111,123
2021-05-21,168,178
2021-05-22,146,150
2021-05-23,122,119
2021-05-24,166,139
2021-05-25,96,99
2021-05-26,94,95
2021-05-27,118,117
2021-05-28,145,160
2021-05-29,140,143
2021-05-30,161,167
2021-05-31,142,131
2021-06-01,111,107
2021-06-02,122,116
2021-06-03,134,149
2021-06-04,164,167
2021-06-05,155,159
2021-06-06,191,182
2021-06-07,156,142
2021-06-08,117,117
2021-06-09,115,114
2021-06-10,145,167
2021-06-11,170,185
2021-06-12,163,157
2021-06-13,194,181
2021-06-14,144,145
2021-06-15,109,108
2021-06-16,140,121
2021-06-17,151,171
2021-06-18,194,203
2021-06-19,178,184
2021-06-20,198,200
2021-06-21,183,163
2021-06-22,120,118
2021-06-23,127,120
2021-06-24,171,188
2021-06-25,203,225
2021-06-26,198,186
2021-06-27,202,199
2021-06-28,171,167
2021-06-29,129,121
2021-06-30,146,143
2021-07-01,205,225
2021-07-02,255,250
2021-07-03,246,243
2021-07-04,254,251
2021-07-05,222,224
2021-07-06,175,162
2021-07-07,175,178
2021-07-08,202,216
2021-07-09,251,251
2021-07-10,245,253
2021-07-11,14,14
2021-07-11,278,268
2021-07-12,228,227
2021-07-13,175,167
2021-07-14,185,198
2021-07-15,215,223
2021-07-16,271,265
2021-07-17,272,275
2021-07-18,266,259
2021-07-19,238,238
2021-07-20,209,197
2021-07-21,216,221
2021-07-22,244,256
2021-07-23,280,284
2021-07-24,268,271
2021-07-25,286,278
2021-07-26,246,249
2021-07-27,203,200
2021-07-28,194,199
2021-07-29,242,247
2021-07-30,287,288
2021-07-31,272,280
2021-08-01,297,283
2021-08-02,251,261
2021-08-03,210,207
2021-08-04,221,218
2021-08-05,248,253
2021-08-06,277,283
2021-08-07,276,282
2021-08-08,302,295
2021-08-09,250,250
2021-08-10,206,192
2021-08-11,205,213
2021-08-12,242,242
2021-08-13,281,280
2021-08-14,277,275
2021-08-15,310,303
2021-08-16,250,262
2021-08-17,199,190
2021-08-18,204,211
2021-08-19,238,245
2021-08-20,272,271
2021-08-21,10,10
2021-08-21,274,272
2021-08-22,304,289
2021-08-23,250,261
2021-08-24,198,179
2021-08-25,204,216
2021-08-26,239,245
2021-08-27,265,272
2021-08-28,263,259
2021-08-29,275,274
2021-08-30,248,240
2021-08-31,210,202
2021-09-01,200,221
2021-09-02,263,265
2021-09-03,285,296
2021-09-04,272,269
2021-09-05,296,283
2021-09-06,251,254
2021-09-07,213,196
2021-09-08,214,219
2021-09-09,268,270
2021-09-10,287,298
2021-09-11,257,258
2021-09-12,297,292
2021-09-13,252,246
2021-09-14,192,187
2021-09-15,219,226
2021-09-16,251,257
2021-09-17,295,291
2021-09-18,250,270
2021-09-19,310,285
2021-09-20,268,264
2021-09-21,213,207
2021-09-22,229,252
2021-09-23,264,257
2021-09-24,290,308
2021-09-25,256,254
2021-09-26,299,284
2021-09-27,266,268
2021-09-28,200,192
2021-09-29,219,224
2021-09-30,265,262
2021-10-01,292,305
2021-10-02,279,277
2021-10-03,294,291
2021-10-04,276,274
2021-10-05,215,208
2021-10-06,226,221
2021-10-07,272,280
2021-10-08,289,301
2021-10-09,283,279
2021-10-10,301,311
2021-10-11,258,253
2021-10-12,213,204
2021-10-13,223,237
2021-10-14,266,263
2021-10-15,282,296
2021-10-16,265,268
2021-10-17,296,287
2021-10-18,282,268
2021-10-19,212,220
2021-10-20,227,232
2021-10-21,261,268
2021-10-22,285,286
2021-10-23,278,268
2021-10-24,298,301
2021-10-25,244,249
2021-10-26,197,190
2021-10-27,205,218
2021-10-28,264,262
2021-10-29,275,277
2021-10-30,234,247
2021-10-31,253,252
2021-11-01,228,223
2021-11-02,197,197
2021-11-03,212,214
2021-11-04,228,227
2021-11-05,246,248
2021-11-06,206,218
2021-11-07,260,253
2021-11-08,229,218
2021-11-09,192,202
2021-11-10,215,210
2021-11-11,235,237
2021-11-12,240,252
2021-11-13,181,195
2021-11-14,244,228
2021-11-15,222,217
2021-11-16,194,192
2021-11-17,210,207
2021-11-18,208,222
2021-11-19,236,234
2021-11-20,191,204
2021-11-21,234,232
2021-11-22,217,207
2021-11-23,187,192
2021-11-24,205,196
2021-11-25,227,242
2021-11-26,224,232
2021-11-27,184,192
2021-11-28,244,227
2021-11-29,204,200
2021-11-30,188,184
2021-12-01,181,190
2021-12-02,200,207
2021-12-03,239,234
2021-12-04,173,194
2021-12-05,231,214
2021-12-06,194,198
2021-12-07,176,173
2021-12-08,204,200
2021-12-09,221,226
2021-12-10,230,232
2021-12-11,183,195
2021-12-12,231,219
2021-12-13,205,209
2021-12-14,197,191
2021-12-15,215,222
2021-12-16,249,242
2021-12-17,260,265
2021-12-18,250,259
2021-12-19,260,248
2021-12-20,242,243
2021-12-21,211,213
2021-12-22,244,252
2021-12-23,258,261
2021-12-24,220,216
2021-12-25,183,189
2021-12-26,250,244
2021-12-27,242,251
2021-12-28,218,217
2021-12-29,216,210
2021-12-30,216,227
2021-12-31,196,196
2022-01-01,184,201
2022-01-02,286,274
2022-01-03,244,245
2022-01-04,210,216
2022-01-05,217,212
2022-01-06,222,216
2022-01-07,234,234
2022-01-08,225,238
2022-01-09,260,254
2022-01-10,209,197
2022-01-11,169,172
2022-01-12,175,173
2022-01-13,188,192
2022-01-14,210,214
2022-01-15,178,189
2022-01-16,217,193
2022-01-17,193,191
2022-01-18,164,169
2022-01-19,162,172
2022-01-20,169,165
2022-01-21,193,202
2022-01-22,179,182
2022-01-23,206,196
2022-01-24,183,187
2022-01-25,142,144
2022-01-26,172,172
2022-01-27,186,188
2022-01-28,209,213
2022-01-29,179,181
2022-01-30,203,197
2022-01-31,171,180
2022-02-01,164,155
2022-02-02,164,163
2022-02-03,194,189
2022-02-04,191,207
2022-02-05,178,194
2022-02-06,212,201
2022-02-07,180,184
2022-02-08,161,152
2022-02-09,175,168
2022-02-10,188,194
2022-02-11,222,218
2022-02-12,218,226
2022-02-13,208,213
2022-02-14,195,187
2022-02-15,180,172
2022-02-16,174,180
2022-02-17,192,190
2022-02-18,197,213
2022-02-19,221,234
2022-02-20,256,231
2022-02-21,194,197
2022-02-22,172,175
2022-02-23,177,175
2022-02-24,209,212
2022-02-25,221,225
2022-02-26,211,227
2022-02-27,255,243
2022-02-28,211,200
2022-03-01,178,181
2022-03-02,205,201
2022-03-03,228,231
2022-03-04,243,258
2022-03-05,218,223
2022-03-06,242,230
2022-03-07,222,212
2022-03-08,191,184
2022-03-09,194,208
2022-03-10,228,224
2022-03-11,236,238
2022-03-12,211,222
2022-03-13,237,230
2022-03-14,211,206
2022-03-15,198,181
2022-03-16,195,203
2022-03-17,230,229
2022-03-18,237,240
2022-03-19,208,220
2022-03-20,245,241
2022-03-21,211,208
2022-03-22,188,185
2022-03-23,192,202
2022-03-24,228,226
2022-03-25,235,250
2022-03-26,209,217
2022-03-27,295,280
2022-03-28,259,256
2022-03-29,246,231
2022-03-30,246,257
2022-03-31,277,278
2022-04-01,302,311
2022-04-02,267,261
2022-04-03,302,303
2022-04-04,275,276
2022-04-05,245,230
2022-04-06,260,266
2022-04-07,285,288
2022-04-08,311,320
2022-04-09,269,273
2022-04-10,304,296
2022-04-11,287,276
2022-04-12,263,261
2022-04-13,283,287
2022-04-14,314,324
2022-04-15,315,328
2022-04-16,273,268
2022-04-17,287,292
2022-04-18,305,295
2022-04-19,267,271
2022-04-20,261,265
2022-04-21,290,289
2022-04-22,319,317
2022-04-23,286,283
2022-04-24,336,327
2022-04-25,305,296
2022-04-26,266,267
2022-04-27,263,279
2022-04-28,313,314
2022-04-29,316,331
2022-04-30,290,275
2022-05-01,325,323
2022-05-02,314,310
2022-05-03,262,268
2022-05-04,287,282
2022-05-05,301,302
2022-05-06,330,343
2022-05-07,293,289
2022-05-08,320,312
2022-05-09,308,303
2022-05-10,279,280
2022-05-11,293,303
2022-05-12,297,303
2022-05-13,329,333
2022-05-14,290,288
2022-05-15,330,320
2022-05-16,316,313
2022-05-17,261,267
2022-05-18,289,295
2022-05-19,306,311
2022-05-20,323,334
2022-05-21,324,315
2022-05-22,383,362
2022-05-23,360,338
2022-05-24,318,303
2022-05-25,379,410
2022-05-26,347,388
2022-05-27,318,319
2022-05-28,294,289
2022-05-29,370,341
2022-05-30,345,350
2022-05-31,300,299
2022-06-01,310,316
2022-06-02,324,325
2022-06-03,338,355
2022-06-04,310,306
2022-06-05,310,319
2022-06-06,351,322
2022-06-07,302,303
2022-06-08,325,318
2022-06-09,325,337
2022-06-10,335,359
2022-06-11,320,310
2022-06-12,349,337
2022-06-13,358,345
2022-06-14,330,325
2022-06-15,282,297
2022-06-16,335,344
2022-06-17,333,342
2022-06-18,314,310
2022-06-19,352,350
2022-06-20,346,349
2022-06-21,299,301
2022-06-22,323,320
2022-06-23,333,342
2022-06-24,336,336
2022-06-25,315,323
2022-06-26,336,328
2022-06-27,343,336
2022-06-28,304,307
2022-06-29,321,316
2022-06-30,311,315
2022-07-01,338,354
2022-07-02,341,332
2022-07-03,359,355
2022-07-04,364,357
2022-07-05,333,325
2022-07-06,332,335
2022-07-07,336,341
2022-07-08,354,377
2022-07-09,329,334
2022-07-10,352,344
2022-07-11,360,351
2022-07-12,325,316
2022-07-13,324,324
2022-07-14,319,330
2022-07-15,345,359
2022-07-16,339,338
2022-07-17,349,344
2022-07-18,351,344
2022-07-19,321,311
2022-07-20,313,320
2022-07-21,321,327
2022-07-22,339,337
2022-07-23,331,339
2022-07-24,348,356
2022-07-25,346,331
2022-07-26,308,306
2022-07-27,313,314
2022-07-28,323,326
2022-07-29,340,358
2022-07-30,347,339
2022-07-31,363,364
2022-08-01,350,339
2022-08-02,321,321
2022-08-03,324,330
2022-08-04,334,326
2022-08-05,342,357
2022-08-06,328,318
2022-08-07,357,367
2022-08-08,350,336
2022-08-09,328,326
2022-08-10,333,316
2022-08-11,329,335
2022-08-12,350,358
2022-08-13,333,337
2022-08-14,360,350
2022-08-15,352,342
2022-08-16,326,332
2022-08-17,329,338
2022-08-18,332,337
2022-08-19,362,357
2022-08-20,342,343
2022-08-21,349,357
2022-08-22,336,330
2022-08-23,317,314
2022-08-24,321,323
2022-08-25,349,347
2022-08-26,354,355
2022-08-27,330,338
2022-08-28,357,349
2022-08-29,363,360
2022-08-30,321,329
2022-08-31,325,326
2022-09-01,330,334
2022-09-02,344,357
2022-09-03,331,325
2022-09-04,347,340
2022-09-05,348,335
2022-09-06,320,326
2022-09-07,347,346
2022-09-08,345,350
2022-09-09,360,365
2022-09-10,329,329
2022-09-11,354,358
2022-09-12,342,338
2022-09-13,318,322
2022-09-14,332,326
2022-09-15,337,338
2022-09-16,338,341
2022-09-17,326,319
2022-09-18,359,355
2022-09-19,348,350
2022-09-20,323,315
2022-09-21,332,332
2022-09-22,342,361
2022-09-23,351,359
2022-09-24,314,309
2022-09-25,369,364
2022-09-26,339,329
2022-09-27,311,319
2022-09-28,326,321
2022-09-29,325,338
2022-09-30,372,381
2022-10-01,324,334
2022-10-02,364,362
2022-10-03,352,335
2022-10-04,308,316
2022-10-05,319,317
2022-10-06,334,333
2022-10-07,363,372
2022-10-08,336,336
2022-10-09,369,370
2022-10-10,347,330
2022-10-11,303,315
2022-10-12,325,324
2022-10-13,339,330
2022-10-14,354,374
2022-10-15,327,329
2022-10-16,369,358
2022-10-17,338,327
2022-10-18,307,310
2022-10-19,306,309
2022-10-20,330,334
2022-10-21,348,350
2022-10-22,325,326
2022-10-23,353,357
2022-10-24,334,315
2022-10-25,296,304
2022-10-26,319,313
2022-10-27,323,331
2022-10-28,341,351
2022-10-29,302,302
2022-10-30,322,323
2022-10-31,291,293
2022-11-01,274,266
2022-11-02,281,290
2022-11-03,291,291
2022-11-04,297,304
2022-11-05,270,271
2022-11-06,304,298
2022-11-07,301,300
2022-11-08,263,264
2022-11-09,284,283
2022-11-10,282,285
2022-11-11,308,314
2022-11-12,269,268
2022-11-13,305,305
2022-11-14,298,289
2022-11-15,254,260
2022-11-16,298,289
2022-11-17,288,295
2022-11-18,299,308
2022-11-19,253,254
2022-11-20,287,287
2022-11-21,284,284
2022-11-22,245,244
2022-11-23,264,262
2022-11-24,284,276
2022-11-25,297,312
2022-11-26,246,248
2022-11-27,292,283
2022-11-28,285,285
2022-11-29,259,256
2022-11-30,259,266
2022-12-01,290,286
2022-12-02,297,301
2022-12-03,249,252
2022-12-04,297,292
2022-12-05,283,281
2022-12-06,252,255
2022-12-07,278,270
2022-12-08,288,292
2022-12-09,300,300
2022-12-10,257,248
2022-12-11,284,302
2022-12-12,275,278
2022-12-13,267,262
2022-12-14,269,278
2022-12-15,290,288
2022-12-16,308,313
2022-12-17,267,284
2022-12-18,293,292
2022-12-19,295,285
2022-12-20,273,269
2022-12-21,284,296
2022-12-22,315,318
2022-12-23,336,333
2022-12-24,249,257
2022-12-25,247,242
2022-12-26,287,293
2022-12-27,277,259
2022-12-28,271,278
2022-12-29,274,276
2022-12-30,287,293
2022-12-31,243,240
2023-01-01,264,270
2023-01-02,305,305
2023-01-03,275,259
2023-01-04,267,270
2023-01-05,285,277
2023-01-06,297,308
2023-01-07,271,274
2023-01-08,322,301
2023-01-09,264,270
2023-01-10,226,232
2023-01-11,234,238
2023-01-12,258,258
2023-01-13,280,279
2023-01-14,243,259
2023-01-15,305,293
2023-01-16,334,301
2023-01-17,267,256
2023-01-18,257,267
2023-01-19,297,304
2023-01-20,331,372
2023-01-21,243,238
2023-01-22,286,284
2023-01-23,261,253
2023-01-24,228,217
2023-01-25,235,245
2023-01-26,280,252
2023-01-27,269,283
2023-01-28,238,243
2023-01-29,287,290
2023-01-30,250,256
2023-01-31,221,217
2023-02-01,244,234
2023-02-02,254,266
2023-02-03,280,289
2023-02-04,242,242
2023-02-05,278,271
2023-02-06,267,267
2023-02-07,236,233
2023-02-08,230,226
2023-02-09,276,273
2023-02-10,297,309
2023-02-11,293,288
2023-02-12,299,300
2023-02-13,288,291
2023-02-14,253,248
2023-02-15,272,266
2023-02-16,302,299
2023-02-17,271,288
2023-02-18,297,307
2023-02-19,306,301
2023-02-20,295,285
2023-02-21,253,255
2023-02-22,274,278
2023-02-23,287,288
2023-02-24,300,306
2023-02-25,291,286
2023-02-26,302,305
2023-02-27,281,283
2023-02-28,255,247
2023-03-01,284,284
2023-03-02,284,293
2023-03-03,301,305
2023-03-04,288,273
2023-03-05,304,303
2023-03-06,298,292
2023-03-07,253,257
2023-03-08,289,288
2023-03-09,292,302
2023-03-10,311,310
2023-03-11,274,272
2023-03-12,309,302
2023-03-13,298,292
2023-03-14,264,271
2023-03-15,287,281
2023-03-16,296,298
2023-03-17,311,317
2023-03-18,264,274
2023-03-19,297,294
2023-03-20,305,301
2023-03-21,276,271
2023-03-22,279,278
2023-03-23,295,289
2023-03-24,293,310
2023-03-25,274,276
2023-03-26,315,307
2023-03-27,306,297
2023-03-28,285,294
2023-03-29,323,318
2023-03-30,332,336
2023-03-31,333,343
2023-04-01,296,313
2023-04-02,327,320
2023-04-03,332,321
2023-04-04,306,307
2023-04-05,331,334
2023-04-06,348,351
2023-04-07,350,359
2023-04-08,312,307
2023-04-09,331,329
2023-04-10,369,353
2023-04-11,314,312
2023-04-12,316,327
2023-04-13,339,332
2023-04-14,373,371
2023-04-15,320,324
2023-04-16,358,356
2023-04-17,363,349
2023-04-18,325,327
2023-04-19,335,338
2023-04-20,338,340
2023-04-21,357,359
2023-04-22,328,328
2023-04-23,357,354
2023-04-24,353,349
2023-04-25,307,311
2023-04-26,335,328
2023-04-27,347,353
2023-04-28,377,389
2023-04-29,327,332
2023-04-30,345,338
2023-05-01,352,345
2023-05-02,321,311
2023-05-03,344,342
2023-05-04,354,347
2023-05-05,367,390
2023-05-06,329,304
2023-05-07,359,345
2023-05-08,359,353
2023-05-09,313,310
2023-05-10,338,343
2023-05-11,338,332
2023-05-12,382,378
2023-05-13,321,325
2023-05-14,361,365
2023-05-15,364,353
2023-05-16,323,324
2023-05-17,345,357
2023-05-18,356,363
2023-05-19,343,348
2023-05-20,326,318
2023-05-21,395,378
2023-05-22,384,386
2023-05-23,332,329
2023-05-24,356,351
2023-05-25,365,377
2023-05-26,390,398
2023-05-27,331,331
2023-05-28,354,352
2023-05-29,389,380
2023-05-30,344,331
2023-05-31,353,361
2023-06-01,361,356
2023-06-02,381,391
2023-06-03,334,343
2023-06-04,369,358
2023-06-05,379,380
2023-06-06,335,337
2023-06-07,366,362
2023-06-08,366,370
2023-06-09,380,384
2023-06-10,341,348
2023-06-11,399,384
2023-06-12,402,392
2023-06-13,350,342
2023-06-14,357,358
2023-06-15,373,385
2023-06-16,403,411
2023-06-17,336,351
2023-06-18,372,357
2023-06-19,385,382
2023-06-20,329,322
2023-06-21,356,350
2023-06-22,361,372
2023-06-23,398,388
2023-06-24,342,352
2023-06-25,379,372
2023-06-26,368,373
2023-06-27,336,337
2023-06-28,363,352
2023-06-29,378,380
2023-06-30,404,402
2023-07-01,354,365
2023-07-02,396,379
2023-07-03,405,404
2023-07-04,350,357
2023-07-05,371,368
2023-07-06,365,379
2023-07-07,414,404
2023-07-08,362,375
2023-07-09,387,384
2023-07-10,387,379
2023-07-11,341,336
2023-07-12,340,351
2023-07-13,363,367
2023-07-14,395,401
2023-07-15,354,352
2023-07-16,392,391
2023-07-17,399,388
2023-07-18,365,356
2023-07-19,346,351
2023-07-20,363,376
2023-07-21,383,380
2023-07-22,368,366
2023-07-23,389,388
2023-07-24,376,373
2023-07-25,356,359
2023-07-26,366,361
2023-07-27,380,382
2023-07-28,386,390
2023-07-29,375,378
2023-07-30,388,380
2023-07-31,386,391
2023-08-01,347,348
2023-08-02,362,357
2023-08-03,353,367
2023-08-04,382,382
2023-08-05,368,358
2023-08-06,376,374
2023-08-07,381,381
2023-08-08,358,342
2023-08-09,354,366
2023-08-10,365,370
2023-08-11,375,387
2023-08-12,363,359
2023-08-13,384,376
2023-08-14,380,378
2023-08-15,353,343
2023-08-16,358,364
2023-08-17,366,372
2023-08-18,387,390
2023-08-19,350,347
2023-08-20,401,387
2023-08-21,387,388
2023-08-22,356,355
2023-08-23,356,368
2023-08-24,357,358
2023-08-25,370,374
2023-08-26,345,350
2023-08-27,374,378
2023-08-28,367,360
2023-08-29,355,342
2023-08-30,378,383
2023-08-31,377,374
2023-09-01,400,404
2023-09-02,348,354
2023-09-03,395,384
2023-09-04,388,395
2023-09-05,355,355
2023-09-06,370,370
2023-09-07,391,388
2023-09-08,401,408
2023-09-09,358,367
2023-09-10,394,386
2023-09-11,388,388
2023-09-12,346,341
2023-09-13,363,363
2023-09-14,383,385
2023-09-15,409,407
2023-09-16,358,364
2023-09-17,401,393
2023-09-18,397,404
2023-09-19,357,344
2023-09-20,367,372
2023-09-21,382,386
2023-09-22,408,403
2023-09-23,350,357
2023-09-24,390,381
2023-09-25,392,391
2023-09-26,348,350
2023-09-27,373,373
2023-09-28,396,386
2023-09-29,400,410
2023-09-30,372,367
2023-10-01,409,406
2023-10-02,388,396
2023-10-03,355,343
2023-10-04,372,383
2023-10-05,387,382
2023-10-06,414,417
2023-10-07,360,371
2023-10-08,404,396
2023-10-09,395,392
2023-10-10,358,355
2023-10-11,381,388
2023-10-12,371,371
2023-10-13,392,402
2023-10-14,360,359
2023-10-15,394,384
2023-10-16,390,384
2023-10-17,360,352
2023-10-18,366,373
2023-10-19,380,383
2023-10-20,398,398
2023-10-21,356,366
2023-10-22,396,385
2023-10-23,386,390
2023-10-24,344,342
2023-10-25,357,353
2023-10-26,361,360
2023-10-27,375,382
2023-10-28,336,337
2023-10-29,348,328
2023-10-30,319,331
2023-10-31,303,295
2023-11-01,291,291
2023-11-02,301,307
2023-11-03,327,333
2023-11-04,280,294
2023-11-05,329,318
2023-11-06,324,323
2023-11-07,286,280
2023-11-08,309,304
2023-11-09,305,305
2023-11-10,320,332
2023-11-11,288,285
2023-11-12,322,313
2023-11-13,317,317
2023-11-14,288,276
2023-11-15,303,312
2023-11-16,301,295
2023-11-17,337,351
2023-11-18,264,274
2023-11-19,324,312
2023-11-20,318,320
2023-11-21,270,265
2023-11-22,279,281
2023-11-23,297,292
2023-11-24,311,325
2023-11-25,260,257
2023-11-26,315,311
2023-11-27,301,307
2023-11-28,270,259
2023-11-29,292,297
2023-11-30,279,278
2023-12-01,310,311
2023-12-02,248,245
2023-12-03,315,312
2023-12-04,298,305
2023-12-05,268,266
2023-12-06,305,298
2023-12-07,298,298
2023-12-08,307,322
2023-12-09,253,257
2023-12-10,327,318
2023-12-11,317,320
2023-12-12,282,285
2023-12-13,304,287
2023-12-14,308,316
2023-12-15,328,342
2023-12-16,297,283
2023-12-17,316,315
2023-12-18,321,319
2023-12-19,311,292
2023-12-20,308,316
2023-12-21,302,313
2023-12-22,338,344
2023-12-23,318,327
2023-12-24,293,279
2023-12-25,273,281
2023-12-26,298,298
2023-12-27,300,301
2023-12-28,305,308
2023-12-29,314,325
2023-12-30,299,294
2023-12-31,274,276
2024-01-01,294,296
2024-01-02,307,296
2024-01-03,291,287
2024-01-04,295,304
2024-01-05,317,331
2024-01-06,331,320
2024-01-07,338,333
2024-01-08,307,306
2024-01-09,264,257
2024-01-10,277,284
2024-01-11,264,265
2024-01-12,297,310
2024-01-13,256,258
2024-01-14,344,337
2024-01-15,367,345
2024-01-16,280,271
2024-01-17,274,277
2024-01-18,306,312
2024-01-19,346,372
2024-01-20,255,255
2024-01-21,308,296
2024-01-22,300,292
2024-01-23,249,243
2024-01-24,267,271
2024-01-25,277,275
2024-01-26,298,305
2024-01-27,257,254
2024-01-28,307,297
2024-01-29,289,289
2024-01-30,250,250
2024-01-31,271,279
2024-02-01,261,260
2024-02-02,302,309
2024-02-03,267,261
2024-02-04,300,303
2024-02-05,302,299
2024-02-06,267,266
2024-02-07,274,273
2024-02-08,286,294
2024-02-09,310,324
2024-02-10,305,300
2024-02-11,313,311
2024-02-12,306,299
2024-02-13,274,264
2024-02-14,281,280
2024-02-15,301,300
2024-02-16,324,337
2024-02-17,315,309
2024-02-18,341,338
2024-02-19,318,315
2024-02-20,274,273
2024-02-21,293,293
2024-02-22,316,319
2024-02-23,326,333
2024-02-24,303,316
2024-02-25,325,321
2024-02-26,339,335
2024-02-27,287,276
2024-02-28,301,301
2024-02-29,311,317
2024-03-01,335,337
2024-03-02,296,301
2024-03-03,341,334
2024-03-04,330,329
2024-03-05,293,285
2024-03-06,306,306
2024-03-07,313,318
2024-03-08,337,345
2024-03-09,286,292
2024-03-10,323,317
2024-03-11,332,333
2024-03-12,299,292
2024-03-13,311,317
2024-03-14,316,314
2024-03-15,344,349
2024-03-16,287,286
2024-03-17,324,318
2024-03-18,334,328
2024-03-19,294,289
2024-03-20,320,310
2024-03-21,313,326
2024-03-22,333,345
2024-03-23,292,291
2024-03-24,321,316
2024-03-25,321,319
2024-03-26,303,298
2024-03-27,331,340
2024-03-28,335,343
2024-03-29,348,360
2024-03-30,308,308
2024-03-31,352,344
2024-04-01,380,372
2024-04-02,359,354
2024-04-03,348,343
2024-04-04,350,357
2024-04-05,367,371
2024-04-06,339,338
2024-04-07,366,357
2024-04-08,361,365
2024-04-09,353,335
2024-04-10,361,375
2024-04-11,364,372
2024-04-12,385,377
2024-04-13,343,353
2024-04-14,372,357
2024-04-15,370,363
2024-04-16,345,347
2024-04-17,365,365
2024-04-18,351,356
2024-04-19,381,385
2024-04-20,335,337
2024-04-21,377,365
2024-04-22,384,386
2024-04-23,345,354
2024-04-24,358,363
2024-04-25,345,343
2024-04-26,389,392
2024-04-27,343,348
2024-04-28,368,359
2024-04-29,367,369
2024-04-30,361,359
2024-05-01,355,356
2024-05-02,357,361
2024-05-03,375,368
2024-05-04,342,356
2024-05-05,390,373
2024-05-06,373,377
2024-05-07,354,350
2024-05-08,393,403
2024-05-09,365,368
2024-05-10,378,379
2024-05-11,334,338
2024-05-12,410,398
2024-05-13,394,386
2024-05-14,373,369
2024-05-15,392,386
2024-05-16,381,388
2024-05-17,406,420
2024-05-18,340,356
2024-05-19,375,369
2024-05-20,402,381
2024-05-21,376,375
2024-05-22,382,388
2024-05-23,397,391
2024-05-24,400,411
2024-05-25,349,344
2024-05-26,398,397
2024-05-27,400,403
2024-05-28,380,378
2024-05-29,389,386
2024-05-30,379,382
2024-05-31,399,397
2024-06-01,351,358
2024-06-02,400,397
2024-06-03,408,407
2024-06-04,378,374
2024-06-05,396,400
2024-06-06,396,383
2024-06-07,395,413
2024-06-08,361,360
2024-06-09,391,387
2024-06-10,408,399
2024-06-11,379,377
2024-06-12,416,415
2024-06-13,393,409
2024-06-14,390,393
2024-06-15,384,364
2024-06-16,376,399
2024-06-17,412,397
2024-06-18,398,381
2024-06-19,409,415
2024-06-20,402,410
2024-06-21,391,391
2024-06-22,362,356
2024-06-23,393,400
2024-06-24,403,396
2024-06-25,377,359
2024-06-26,369,385
2024-06-27,392,390
2024-06-28,385,403
2024-06-29,362,358
2024-06-30,403,401
2024-07-01,401,389
2024-07-02,392,394
2024-07-03,396,390
2024-07-04,385,399
2024-07-05,408,411
2024-07-06,352,368
2024-07-07,411,395
2024-07-08,423,404
2024-07-09,405,405
2024-07-10,385,395
2024-07-11,407,410
2024-07-12,379,387
2024-07-13,377,384
2024-07-14,401,396
2024-07-15,412,396
2024-07-16,382,381
2024-07-17,386,394
2024-07-18,405,398
2024-07-19,329,341
2024-07-20,375,377
2024-07-21,380,373
2024-07-22,408,399
2024-07-23,387,386
2024-07-24,383,394
2024-07-25,397,392
2024-07-26,404,413
2024-07-27,379,378
2024-07-28,394,390
2024-07-29,416,403
2024-07-30,373,384
2024-07-31,384,379
2024-08-01,361,377
2024-08-02,383,377
2024-08-03,377,369
2024-08-04,394,393
2024-08-05,395,390
2024-08-06,382,381
2024-08-07,388,382
2024-08-08,391,391
2024-08-09,401,409
2024-08-10,368,377
2024-08-11,403,394
2024-08-12,379,388
2024-08-13,361,357
2024-08-14,385,375
2024-08-15,381,389
2024-08-16,408,416
2024-08-17,368,364
2024-08-18,400,394
2024-08-19,389,382
2024-08-20,372,373
2024-08-21,380,381
2024-08-22,394,397
2024-08-23,406,414
2024-08-24,357,361
2024-08-25,392,386
2024-08-26,392,388
2024-08-27,365,363
2024-08-28,389,390
2024-08-29,398,388
2024-08-30,395,407
2024-08-31,359,365
2024-09-01,392,371
2024-09-02,398,403
2024-09-03,397,384
2024-09-04,388,405
2024-09-05,398,395
2024-09-06,401,411
2024-09-07,380,379
2024-09-08,415,398
2024-09-09,408,411
2024-09-10,374,376
2024-09-11,384,394
2024-09-12,398,387
2024-09-13,400,411
2024-09-14,365,365
2024-09-15,404,387
2024-09-16,403,409
2024-09-17,377,379
2024-09-18,388,387
2024-09-19,401,405
2024-09-20,398,412
2024-09-21,368,363
2024-09-22,402,387
2024-09-23,392,392
2024-09-24,377,369
2024-09-25,389,388
2024-09-26,393,401
2024-09-27,412,409
2024-09-28,376,380
2024-09-29,415,417
2024-09-30,412,413
2024-10-01,393,383
2024-10-02,393,408
2024-10-03,376,370
2024-10-04,401,397
2024-10-05,382,381
2024-10-06,411,414
2024-10-07,408,410
2024-10-08,378,387
2024-10-09,390,390
2024-10-10,389,390
2024-10-11,418,422
2024-10-12,373,375
2024-10-13,411,402
2024-10-14,401,405
2024-10-15,394,373
2024-10-16,377,396
2024-10-17,383,387
2024-10-18,406,411
2024-10-19,380,371
2024-10-20,417,408
2024-10-21,378,385
2024-10-22,373,366
2024-10-23,387,388
2024-10-24,363,369
2024-10-25,386,399
2024-10-26,349,353
2024-10-27,360,348
2024-10-28,345,347
2024-10-29,321,313
2024-10-30,342,340
2024-10-31,334,341
2024-11-01,337,343
2024-11-02,302,308
2024-11-03,345,334
2024-11-04,349,349
2024-11-05,319,314
2024-11-06,335,326
2024-11-07,340,352
2024-11-08,354,363
2024-11-09,294,297
2024-11-10,352,342
2024-11-11,327,328
2024-11-12,307,302
2024-11-13,319,318
2024-11-14,317,318
2024-11-15,340,349
2024-11-16,285,290
2024-11-17,337,326
2024-11-18,318,319
2024-11-19,293,292
2024-11-20,309,313
2024-11-21,287,289
2024-11-22,304,314
2024-11-23,271,277
2024-11-24,329,322
2024-11-25,322,318
2024-11-26,291,295
2024-11-27,311,311
2024-11-28,319,309
2024-11-29,315,322
2024-11-30,268,280
2024-12-01,326,319
2024-12-02,331,321
2024-12-03,288,292
2024-12-04,322,317
2024-12-05,326,321
2024-12-06,325,329
2024-12-07,263,268
2024-12-08,320,314
2024-12-09,326,324
2024-12-10,306,311
2024-12-11,323,318
2024-12-12,313,319
2024-12-13,343,339
2024-12-14,293,290
2024-12-15,327,331
2024-12-16,334,333
2024-12-17,329,315
2024-12-18,327,336
2024-12-19,332,336
2024-12-20,368,374
2024-12-21,334,336
2024-12-22,349,341
2024-12-23,337,344
2024-12-24,292,290
2024-12-25,276,279
2024-12-26,323,321
2024-12-27,354,352
2024-12-28,334,333
2024-12-29,335,339
2024-12-30,334,324
2024-12-31,273,272
2025-01-01,285,292
2025-01-02,331,329
2025-01-03,355,358
2025-01-04,336,309
2025-01-05,323,353
2025-01-06,334,334
2025-01-07,273,277
2025-01-08,289,282
2025-01-09,302,299
2025-01-10,308,322
2025-01-11,271,266
2025-01-12,313,305
2025-01-13,304,296
2025-01-14,271,267
2025-01-15,291,291
2025-01-16,291,297
2025-01-17,326,335
2025-01-18,262,274
2025-01-19,335,326
2025-01-20,391,357
2025-01-21,290,276
2025-01-22,329,342
2025-01-23,351,355
2025-01-24,348,394
2025-01-25,286,278
2025-01-26,307,299
2025-01-27,315,307
2025-01-28,282,281
2025-01-29,300,296
2025-01-30,291,291
2025-01-31,331,342
2025-02-01,283,279
2025-02-02,324,324
2025-02-03,312,310
2025-02-04,292,283
2025-02-05,308,309
2025-02-06,322,322
2025-02-07,333,349
2025-02-08,304,295
2025-02-09,322,326
2025-02-10,334,331
2025-02-11,305,291
2025-02-12,307,316
2025-02-13,312,313
2025-02-14,341,351
2025-02-15,319,319
2025-02-16,324,313
2025-02-17,331,332
2025-02-18,311,305
2025-02-19,326,327
2025-02-20,310,321
2025-02-21,342,347
2025-02-22,319,325
2025-02-23,340,330
2025-02-24,335,332
2025-02-25,322,310
2025-02-26,327,325
2025-02-27,321,324
2025-02-28,337,361
2025-03-01,317,312
2025-03-02,339,328
2025-03-03,345,347
2025-03-04,322,323
2025-03-05,331,328
2025-03-06,328,325
2025-03-07,349,358
2025-03-08,306,311
2025-03-09,336,328
2025-03-10,324,312
2025-03-11,324,320
2025-03-12,338,342
2025-03-13,335,343
2025-03-14,354,358
2025-03-15,306,307
2025-03-16,347,340
2025-03-17,346,347
2025-03-18,320,310
2025-03-19,327,339
2025-03-20,319,323
2025-03-21,332,338
2025-03-22,299,299
2025-03-23,346,335
2025-03-24,353,343
2025-03-25,318,318
2025-03-26,341,337
2025-03-27,333,348
2025-03-28,364,375
2025-03-29,306,296
2025-03-30,369,371
2025-03-31,365,369
2025-04-01,336,335
2025-04-02,356,355
2025-04-03,369,358
2025-04-04,379,395
2025-04-05,352,350
2025-04-06,369,356
2025-04-07,385,389
2025-04-08,377,374
2025-04-09,357,363
2025-04-10,368,370
2025-04-11,392,401
2025-04-12,352,347
2025-04-13,376,371
2025-04-14,388,380
2025-04-15,362,360
2025-04-16,383,380
2025-04-17,381,394
2025-04-18,378,389
2025-04-19,348,346
2025-04-20,363,359
2025-04-21,379,380
2025-04-22,368,360
2025-04-23,365,365
2025-04-24,372,367
2025-04-25,384,386
2025-04-26,350,355
2025-04-27,385,380
2025-04-28,382,381
2025-04-29,355,359
2025-04-30,373,372
2025-05-01,376,380
2025-05-02,379,381
2025-05-03,370,364
2025-05-04,401,398
2025-05-05,404,399
2025-05-06,382,370
2025-05-07,378,383
2025-05-08,381,393
2025-05-09,383,383
2025-05-10,355,357
2025-05-11,397,389
2025-05-12,391,394
2025-05-13,368,360
2025-05-14,388,385
2025-05-15,390,396
2025-05-16,407,417
2025-05-17,357,356
2025-05-18,392,386
2025-05-19,400,393
2025-05-20,372,365
2025-05-21,374,385
2025-05-22,397,390
2025-05-23,412,428
2025-05-24,359,359
2025-05-25,391,384
2025-05-26,410,404
2025-05-27,389,388
2025-05-28,395,405
2025-05-29,375,380
2025-05-30,393,396
2025-05-31,366,366
2025-06-01,412,394
2025-06-02,413,411
2025-06-03,388,391
2025-06-04,388,377
2025-06-05,401,410
2025-06-06,424,429
2025-06-07,372,386
2025-06-08,394,390
2025-06-09,417,401
2025-06-10,391,392
2025-06-11,403,398
2025-06-12,415,411
2025-06-13,412,415
2025-06-14,373,379
2025-06-15,395,383
2025-06-16,420,417
2025-06-17,393,391
2025-06-18,411,408
2025-06-19,391,398
2025-06-20,385,403
2025-06-21,372,365
2025-06-22,405,407
2025-06-23,414,408
2025-06-24,381,384
2025-06-25,393,397
2025-06-26,388,391
2025-06-27,406,419
2025-06-28,377,378
2025-06-29,406,406
2025-06-30,433,423
2025-07-01,389,394
2025-07-02,405,397
2025-07-03,391,386
2025-07-04,413,423
2025-07-05,389,388
2025-07-06,412,412
2025-07-07,424,424
2025-07-08,401,392
2025-07-09,405,405
2025-07-10,399,415
2025-07-11,417,412
2025-07-12,385,386
2025-07-13,414,414
2025-07-14,415,407
2025-07-15,405,395
2025-07-16,406,410
2025-07-17,390,396
2025-07-18,413,422
2025-07-19,383,381
2025-07-20,415,407
2025-07-21,407,403
2025-07-22,399,393
2025-07-23,406,404
2025-07-24,399,416
2025-07-25,402,407
2025-07-26,385,381
2025-07-27,397,396
2025-07-28,429,416
2025-07-29,397,397
2025-07-30,406,402
2025-07-31,403,411
2025-08-01,12,11
2025-08-01,396,409
2025-08-02,393,393
2025-08-03,412,403
2025-08-04,422,415
2025-08-05,392,399
2025-08-06,399,399
2025-08-07,400,400
2025-08-08,413,418
2025-08-09,392,395
2025-08-10,420,413
2025-08-11,406,399
2025-08-12,402,398
2025-08-13,411,422
2025-08-14,397,388
2025-08-15,417,424
2025-08-16,388,391
2025-08-17,408,400
2025-08-18,415,427
2025-08-19,389,387
2025-08-20,393,397
2025-08-21,400,389
2025-08-22,416,425
2025-08-23,382,388
2025-08-24,428,419
2025-08-25,414,419
2025-08-26,384,393
2025-08-27,403,399
2025-08-28,395,393
2025-08-29,400,411
2025-08-30,372,380
2025-08-31,412,395
2025-09-01,417,408
2025-09-02,402,404
2025-09-03,395,403
2025-09-04,403,400
2025-09-05,429,444
2025-09-06,368,363
2025-09-07,412,400
2025-09-08,423,410
2025-09-09,390,385
2025-09-10,405,413
2025-09-11,395,400
2025-09-12,420,426
2025-09-13,371,374
2025-09-14,405,398
2025-09-15,420,414
2025-09-16,394,398
2025-09-17,398,392
2025-09-18,410,408
2025-09-19,420,435
2025-09-20,372,365
2025-09-21,412,404
2025-09-22,400,407
2025-09-23,396,393
2025-09-24,388,397
2025-09-25,403,403
2025-09-26,424,418
2025-09-27,397,395
2025-09-28,418,414
2025-09-29,428,429
2025-09-30,407,400
2025-10-01,391,404
2025-10-02,406,403
2025-10-03,420,427
2025-10-04,385,381
2025-10-05,428,437
2025-10-06,423,413
2025-10-07,396,404
2025-10-08,405,407
2025-10-09,408,414
2025-10-10,426,426
2025-10-11,384,392
2025-10-12,426,421
2025-10-13,412,404
2025-10-14,385,386
2025-10-15,402,394
2025-10-16,396,403
2025-10-17,425,427
2025-10-18,385,386
2025-10-19,416,412
2025-10-20,414,409
2025-10-21,390,384
2025-10-22,406,393
2025-10-23,373,381
2025-10-24,407,417
2025-10-25,379,377
2025-10-26,373,368
2025-10-27,370,366
2025-10-28,343,334
2025-10-29,352,357
2025-10-30,341,347
2025-10-31,368,375
2025-11-01,331,334
2025-11-02,376,360
2025-11-03,358,363
2025-11-04,325,328
2025-11-05,345,338
2025-11-06,336,342
2025-11-07,352,361
2025-11-08,315,314
2025-11-09,352,341
2025-11-10,364,349
2025-11-11,324,326
2025-11-12,315,332
2025-11-13,348,351
2025-11-14,349,359
2025-11-15,309,308
2025-11-16,343,335
2025-11-17,352,348
2025-11-18,311,308
2025-11-19,321,329
2025-11-20,332,332
2025-11-21,352,357
2025-11-22,302,304
2025-11-23,343,335
2025-11-24,338,339
2025-11-25,300,294
2025-11-26,323,326
2025-11-27,316,322
2025-11-28,339,351
2025-11-29,295,298
2025-11-30,337,331
2025-12-01,359,351
2025-12-02,320,301
2025-12-03,340,346
2025-12-04,331,337
2025-12-05,358,361
2025-12-06,302,308
2025-12-07,345,338
2025-12-08,374,360
2025-12-09,310,313
2025-12-10,346,349
2025-12-11,341,338
2025-12-12,366,360
2025-12-13,300,318
2025-12-14,356,345
2025-12-15,364,366
2025-12-16,345,325
2025-12-17,344,359
2025-12-18,327,340
2025-12-19,380,374
2025-12-20,351,366
2025-12-21,359,356
2025-12-22,375,372
2025-12-23,333,330
2025-12-24,316,303
2025-12-25,285,290
2025-12-26,356,363
2025-12-27,342,349
2025-12-28,355,353
2025-12-29,353,356
2025-12-30,322,310
2025-12-31,308,307
