Date;Credit Card Transactions, Swiss-Wide Scaled Value
01.01.2019;13.27822311
02.01.2019;23.74965854
03.01.2019;28.24840429
04.01.2019;28.97761146
05.01.2019;28.80847184
06.01.2019;12.06247914
07.01.2019;21.20901474
08.01.2019;20.51885677
09.01.2019;20.92044742
10.01.2019;21.94575115
11.01.2019;25.67281404
12.01.2019;29.33253786
13.01.2019;11.00989899
14.01.2019;20.23705082
15.01.2019;20.96112459
16.01.2019;21.11887569
17.01.2019;22.1127865
18.01.2019;27.08287192
19.01.2019;29.64194971
20.01.2019;12.03684722
21.01.2019;20.56503819
22.01.2019;20.64912113
23.01.2019;21.88456688
24.01.2019;23.61646471
25.01.2019;26.62568446
26.01.2019;29.98422129
27.01.2019;12.77205396
28.01.2019;20.74743384
29.01.2019;20.70693822
30.01.2019;22.21049261
31.01.2019;23.96216279
01.02.2019;26.68550068
02.02.2019;31.47437426
03.02.2019;13.50884722
04.02.2019;21.96271479
05.02.2019;21.69636692
06.02.2019;22.96806495
07.02.2019;23.86053435
08.02.2019;28.09572197
09.02.2019;31.64045313
10.02.2019;14.39326839
11.02.2019;22.47602065
12.02.2019;22.60123933
13.02.2019;23.41145531
14.02.2019;25.50250712
15.02.2019;29.08237552
16.02.2019;32.0699562
17.02.2019;15.56981421
18.02.2019;21.92641161
19.02.2019;21.76647932
20.02.2019;22.62739309
21.02.2019;23.86519179
22.02.2019;29.04813896
23.02.2019;32.85980156
24.02.2019;15.1140559
25.02.2019;21.88774817
26.02.2019;21.30485469
27.02.2019;22.66974388
28.02.2019;23.80262797
01.03.2019;28.61588733
02.03.2019;32.21401022
03.03.2019;14.23815643
04.03.2019;22.22233969
05.03.2019;22.38613873
06.03.2019;23.5843196
07.03.2019;24.48848192
08.03.2019;29.21032938
09.03.2019;33.60667986
10.03.2019;13.87074016
11.03.2019;21.6367065
12.03.2019;21.80724942
13.03.2019;24.56693624
14.03.2019;24.12890046
15.03.2019;28.05845701
16.03.2019;32.24093499
17.03.2019;12.36481172
18.03.2019;20.37807117
19.03.2019;19.78849366
20.03.2019;21.30917203
21.03.2019;22.44140064
22.03.2019;26.09261304
23.03.2019;29.91852031
24.03.2019;12.66256078
25.03.2019;20.47366495
26.03.2019;20.85702454
27.03.2019;21.93892851
28.03.2019;23.39388029
29.03.2019;26.9851208
30.03.2019;31.44437692
31.03.2019;11.64857532
01.04.2019;20.54228808
02.04.2019;20.16199993
03.04.2019;23.02513152
04.04.2019;21.50282462
05.04.2019;26.24935586
06.04.2019;30.58789737
07.04.2019;12.45260987
08.04.2019;20.15143214
09.04.2019;20.9236486
10.04.2019;22.36608337
11.04.2019;23.19056035
12.04.2019;26.24851403
13.04.2019;29.71973583
14.04.2019;10.9444617
15.04.2019;21.28859268
16.04.2019;22.18639385
17.04.2019;23.04315953
18.04.2019;26.86489556
19.04.2019;11.54183116
20.04.2019;28.89796753
21.04.2019;8.992258116
22.04.2019;11.86897584
23.04.2019;22.14502604
24.04.2019;20.89205346
25.04.2019;21.9466452
26.04.2019;24.35966536
27.04.2019;26.57305899
28.04.2019;10.39118363
29.04.2019;20.22096646
30.04.2019;21.49695523
01.05.2019;18.48513085
02.05.2019;21.6627504
03.05.2019;24.85409712
04.05.2019;27.66431351
05.05.2019;10.48615371
06.05.2019;19.17845262
07.05.2019;19.63072235
08.05.2019;20.81421151
09.05.2019;22.14658887
10.05.2019;25.97511642
11.05.2019;29.64177219
12.05.2019;11.90147133
13.05.2019;19.98831648
14.05.2019;20.4347346
15.05.2019;21.46025789
16.05.2019;22.15292603
17.05.2019;25.31096448
18.05.2019;28.19736307
19.05.2019;11.0947955
20.05.2019;20.2538971
21.05.2019;19.93443407
22.05.2019;21.49926225
23.05.2019;22.54763748
24.05.2019;26.19652828
25.05.2019;28.53694022
26.05.2019;11.09738346
27.05.2019;20.47700599
28.05.2019;21.79727539
29.05.2019;24.7297604
30.05.2019;11.26956323
31.05.2019;29.46679334
01.06.2019;25.08067227
02.06.2019;11.16898224
03.06.2019;21.15786564
04.06.2019;20.9108882
05.06.2019;22.68398833
06.06.2019;23.77240844
07.06.2019;26.56293977
08.06.2019;29.46004305
09.06.2019;10.37619621
10.06.2019;13.55370481
11.06.2019;23.61730849
12.06.2019;23.24397456
13.06.2019;24.0093
14.06.2019;26.05627747
15.06.2019;29.18524024
16.06.2019;11.56393395
17.06.2019;22.07252257
18.06.2019;22.07260241
19.06.2019;23.46042111
20.06.2019;23.4279641
21.06.2019;28.44919266
22.06.2019;30.95703411
23.06.2019;12.08799595
24.06.2019;22.98758396
25.06.2019;22.50826163
26.06.2019;23.80169168
27.06.2019;24.91974863
28.06.2019;28.01326816
29.06.2019;29.12363014
30.06.2019;12.36844166
01.07.2019;23.1550079
02.07.2019;23.00508125
03.07.2019;23.68642661
04.07.2019;23.9310448
05.07.2019;26.11228433
06.07.2019;27.4487331
07.07.2019;12.19919936
08.07.2019;22.94317396
09.07.2019;22.56342876
10.07.2019;23.0928171
11.07.2019;23.97182249
12.07.2019;25.90856676
13.07.2019;27.73509516
14.07.2019;11.71466388
15.07.2019;22.60720643
16.07.2019;21.49637498
17.07.2019;22.21581961
18.07.2019;23.65045769
19.07.2019;25.41606712
20.07.2019;26.39105916
21.07.2019;11.83854706
22.07.2019;22.00644798
23.07.2019;21.62217872
24.07.2019;21.74122968
25.07.2019;22.3556794
26.07.2019;23.98398952
27.07.2019;26.97956049
28.07.2019;12.38311761
29.07.2019;22.54899676
30.07.2019;22.00833535
31.07.2019;26.1440166
01.08.2019;11.81429605
02.08.2019;26.78131962
03.08.2019;24.44527737
04.08.2019;12.45895517
05.08.2019;22.59642284
06.08.2019;26.32500485
07.08.2019;26.80491767
08.08.2019;25.32806958
09.08.2019;26.77737946
10.08.2019;28.07941519
11.08.2019;13.98917155
12.08.2019;25.11980288
13.08.2019;24.45446429
14.08.2019;25.20629159
15.08.2019;24.65325085
16.08.2019;30.12177085
17.08.2019;30.25707958
18.08.2019;14.66013132
19.08.2019;21.96163226
20.08.2019;21.80584024
21.08.2019;22.77837149
22.08.2019;30.0517052
23.08.2019;26.76091056
24.08.2019;26.02605053
25.08.2019;11.47498997
26.08.2019;20.75292069
27.08.2019;20.7215942
28.08.2019;22.07463436
29.08.2019;23.41082189
30.08.2019;25.26901344
31.08.2019;26.39832187
01.09.2019;11.95621526
02.09.2019;21.04118175
03.09.2019;21.18859355
04.09.2019;21.23972686
05.09.2019;21.25988382
06.09.2019;25.7414103
07.09.2019;27.23140621
08.09.2019;11.83986488
09.09.2019;21.16485008
10.09.2019;20.90343056
11.09.2019;21.7562811
12.09.2019;22.1654801
13.09.2019;25.40479814
14.09.2019;27.22298895
15.09.2019;11.75844331
16.09.2019;19.76141747
17.09.2019;20.85449161
18.09.2019;22.19958604
19.09.2019;23.00228709
20.09.2019;26.18518103
21.09.2019;27.40892299
22.09.2019;11.86592375
23.09.2019;21.12591548
24.09.2019;21.24468933
25.09.2019;22.06243436
26.09.2019;23.46643886
27.09.2019;25.93051337
28.09.2019;29.04155518
29.09.2019;12.08125991
30.09.2019;21.9422444
01.10.2019;21.05412347
02.10.2019;22.12799369
03.10.2019;22.94093072
04.10.2019;25.92795154
05.10.2019;29.17176837
06.10.2019;11.72077701
07.10.2019;20.52598286
08.10.2019;21.18963028
09.10.2019;21.47025047
10.10.2019;22.90409143
11.10.2019;24.93647505
12.10.2019;26.87380396
13.10.2019;11.04215496
14.10.2019;19.26977945
15.10.2019;20.17394008
16.10.2019;21.15104056
17.10.2019;21.71108889
18.10.2019;25.24702649
19.10.2019;28.39317555
20.10.2019;10.51720104
21.10.2019;19.53722265
22.10.2019;20.36661566
23.10.2019;20.9636096
24.10.2019;22.34345216
25.10.2019;26.14951754
26.10.2019;28.33765606
27.10.2019;11.89523373
28.10.2019;20.53923594
29.10.2019;20.97052094
30.10.2019;22.20646239
31.10.2019;23.36574307
01.11.2019;23.43146572
02.11.2019;30.35945829
03.11.2019;10.20838577
04.11.2019;19.42527871
05.11.2019;19.99686267
06.11.2019;21.34724546
07.11.2019;22.06686768
08.11.2019;25.88246166
09.11.2019;30.54897137
10.11.2019;10.67542565
11.11.2019;21.74992775
12.11.2019;20.12784913
13.11.2019;21.4078699
14.11.2019;22.83945399
15.11.2019;25.99127591
16.11.2019;30.91292364
17.11.2019;10.10569093
18.11.2019;19.88810354
19.11.2019;16.73382872
20.11.2019;21.71854062
21.11.2019;22.54823986
22.11.2019;26.12138974
23.11.2019;30.83667974
24.11.2019;10.62883565
25.11.2019;20.21924686
26.11.2019;21.69465197
27.11.2019;22.66103287
28.11.2019;27.32955601
29.11.2019;49.12507926
30.11.2019;35.59154882
01.12.2019;13.93441875
02.12.2019;25.68203483
03.12.2019;23.52692604
04.12.2019;25.7720692
05.12.2019;25.17368759
06.12.2019;29.10414587
07.12.2019;31.81576401
08.12.2019;13.81191085
09.12.2019;22.8028529
10.12.2019;24.36085742
11.12.2019;25.1411525
12.12.2019;27.83406315
13.12.2019;28.9537951
14.12.2019;34.48438929
15.12.2019;16.46820972
16.12.2019;25.3037569
17.12.2019;25.9276396
18.12.2019;28.58752951
19.12.2019;29.018977
20.12.2019;31.67004962
21.12.2019;33.64992482
22.12.2019;19.08438954
23.12.2019;33.49154523
24.12.2019;24.45118562
25.12.2019;8.162333789
26.12.2019;14.88579296
27.12.2019;29.70376188
28.12.2019;28.44748865
29.12.2019;14.36589551
30.12.2019;31.45095269
31.12.2019;25.40205479
01.01.2020;12.24983697
02.01.2020;22.29294991
03.01.2020;28.94175021
04.01.2020;28.15926263
05.01.2020;12.98872676
06.01.2020;21.57637448
07.01.2020;20.74989766
08.01.2020;21.97839399
09.01.2020;21.67676595
10.01.2020;25.02717615
11.01.2020;28.7709579
12.01.2020;11.96380137
13.01.2020;20.04776107
14.01.2020;20.12308376
15.01.2020;20.89871384
16.01.2020;21.55142209
17.01.2020;25.04033385
18.01.2020;28.89811463
19.01.2020;11.96609842
20.01.2020;20.3084831
21.01.2020;20.19211621
22.01.2020;21.81441315
23.01.2020;22.20967843
24.01.2020;26.12329299
25.01.2020;29.10198717
26.01.2020;13.20375128
27.01.2020;21.41443669
28.01.2020;20.78821123
29.01.2020;22.32646586
30.01.2020;24.91064651
31.01.2020;27.95057764
01.02.2020;30.95722501
02.02.2020;13.31039552
03.02.2020;21.39192115
04.02.2020;20.99264783
05.02.2020;22.84783466
06.02.2020;24.03478571
07.02.2020;26.61735523
08.02.2020;28.72722048
09.02.2020;12.55945991
10.02.2020;19.78001815
11.02.2020;19.9349744
12.02.2020;21.20409038
13.02.2020;22.11803854
14.02.2020;28.36930609
15.02.2020;30.26147667
16.02.2020;13.50600821
17.02.2020;20.64747221
18.02.2020;21.14562497
19.02.2020;22.36216502
20.02.2020;21.5959194
21.02.2020;27.09853884
22.02.2020;30.48552437
23.02.2020;13.79903191
24.02.2020;21.36095762
25.02.2020;21.32464613
26.02.2020;23.98734708
27.02.2020;22.6937037
28.02.2020;28.23600931
29.02.2020;30.7102589
01.03.2020;11.96747139
02.03.2020;19.32773674
03.03.2020;19.17780444
04.03.2020;20.7622121
05.03.2020;20.06552453
06.03.2020;24.40405206
07.03.2020;28.978686
08.03.2020;11.27668619
09.03.2020;19.24003754
10.03.2020;19.29052782
11.03.2020;20.02348183
12.03.2020;21.233455
13.03.2020;28.73446771
14.03.2020;29.07906322
15.03.2020;8.687858658
16.03.2020;27.42850471
17.03.2020;14.42876313
18.03.2020;14.51842483
19.03.2020;15.14187627
20.03.2020;17.86397455
21.03.2020;13.12966291
22.03.2020;6.474187864
23.03.2020;13.45858079
24.03.2020;13.78209265
25.03.2020;13.78824496
26.03.2020;13.9818995
27.03.2020;15.82457418
28.03.2020;13.92440581
29.03.2020;7.11790868
30.03.2020;13.93331714
31.03.2020;14.63417799
01.04.2020;14.40302603
02.04.2020;15.04454995
03.04.2020;17.37502493
04.04.2020;14.94852685
05.04.2020;8.700699206
06.04.2020;16.38052853
07.04.2020;16.63954577
08.04.2020;18.41860557
09.04.2020;19.39541529
10.04.2020;7.139137667
11.04.2020;16.25422545
12.04.2020;5.425454375
13.04.2020;7.335558649
14.04.2020;15.95872334
15.04.2020;15.50176478
16.04.2020;15.83011782
17.04.2020;17.07275437
18.04.2020;15.13750165
19.04.2020;6.394021348
20.04.2020;13.91049713
21.04.2020;14.36009067
22.04.2020;14.07522432
23.04.2020;14.72342861
24.04.2020;17.59436852
25.04.2020;15.18594975
26.04.2020;6.906138276
27.04.2020;16.91163398
28.04.2020;17.7280947
29.04.2020;17.80440893
30.04.2020;19.20705138
01.05.2020;16.20531214
02.05.2020;19.2564646
03.05.2020;6.307872099
04.05.2020;16.22122649
05.05.2020;16.64435339
06.05.2020;16.94333525
07.05.2020;17.31841966
08.05.2020;20.4438914
09.05.2020;19.55066204
10.05.2020;7.248923943
11.05.2020;22.28108446
12.05.2020;22.13876694
13.05.2020;22.73506969
14.05.2020;22.69643644
15.05.2020;26.9949173
16.05.2020;30.82415923
17.05.2020;7.178083836
18.05.2020;21.04954332
19.05.2020;22.92199627
20.05.2020;26.99896919
21.05.2020;8.277374328
22.05.2020;32.94390557
23.05.2020;29.52866951
24.05.2020;8.32854856
25.05.2020;21.3706475
26.05.2020;21.79676552
27.05.2020;22.61900389
28.05.2020;24.19721084
29.05.2020;30.36783216
30.05.2020;32.11113387
31.05.2020;7.907687317
01.06.2020;10.7503041
02.06.2020;22.501854
03.06.2020;21.96887744
04.06.2020;22.69281596
05.06.2020;26.85532537
06.06.2020;31.32028239
07.06.2020;8.184540791
08.06.2020;19.86065202
09.06.2020;20.74303057
10.06.2020;22.48426814
11.06.2020;21.20608434
12.06.2020;27.13509462
13.06.2020;29.54251399
14.06.2020;9.049160586
15.06.2020;19.88136818
16.06.2020;20.3024369
17.06.2020;21.28424418
18.06.2020;22.23440479
19.06.2020;26.20503807
20.06.2020;29.10872781
21.06.2020;9.450131219
22.06.2020;20.20095246
23.06.2020;21.00403738
24.06.2020;22.23252924
25.06.2020;22.81031456
26.06.2020;26.7903283
27.06.2020;29.28668085
28.06.2020;10.44280774
29.06.2020;21.13905437
30.06.2020;21.61452076
01.07.2020;22.56120791
02.07.2020;23.38963303
03.07.2020;27.16379138
04.07.2020;28.27403257
05.07.2020;10.57623905
06.07.2020;22.02159656
07.07.2020;21.94185235
08.07.2020;22.06835194
09.07.2020;23.16721036
10.07.2020;26.43589513
11.07.2020;29.68173739
12.07.2020;10.78533088
13.07.2020;21.08414313
14.07.2020;21.47259827
15.07.2020;23.19655503
16.07.2020;23.37463355
17.07.2020;26.36796473
18.07.2020;27.08262138
19.07.2020;10.98804441
20.07.2020;21.29962859
21.07.2020;21.93478664
22.07.2020;22.74488045
23.07.2020;22.68158048
24.07.2020;26.98284616
25.07.2020;26.06411616
26.07.2020;11.08863631
27.07.2020;21.38664784
28.07.2020;22.10317936
29.07.2020;23.55146551
30.07.2020;24.90785466
31.07.2020;29.31605757
01.08.2020;11.15091349
02.08.2020;11.458469
03.08.2020;24.78206835
04.08.2020;23.37241415
05.08.2020;22.6781455
06.08.2020;23.02723888
07.08.2020;26.1597406
08.08.2020;26.30625023
09.08.2020;11.47061933
10.08.2020;21.49882147
11.08.2020;21.35427064
12.08.2020;21.49341772
13.08.2020;23.36691793
14.08.2020;27.13776601
15.08.2020;24.25317168
16.08.2020;11.30822562
17.08.2020;21.48358634
18.08.2020;21.39756492
19.08.2020;21.82538399
20.08.2020;22.0871653
21.08.2020;25.12836242
22.08.2020;29.70077457
23.08.2020;11.29817019
24.08.2020;20.53332993
25.08.2020;20.96153786
26.08.2020;21.49039869
27.08.2020;22.38561391
28.08.2020;26.44378423
29.08.2020;29.6100766
30.08.2020;10.83858515
31.08.2020;21.01948221
01.09.2020;21.3436198
02.09.2020;21.63103709
03.09.2020;21.74524875
04.09.2020;25.4839019
05.09.2020;27.07956628
06.09.2020;11.556296
07.09.2020;21.13395461
08.09.2020;20.63585924
09.09.2020;21.54539288
10.09.2020;21.32929687
11.09.2020;26.08200341
12.09.2020;27.92658064
13.09.2020;11.48417093
14.09.2020;20.46068924
15.09.2020;19.96616091
16.09.2020;21.00183578
17.09.2020;23.07272519
18.09.2020;25.69413663
19.09.2020;28.90394147
20.09.2020;11.01765818
21.09.2020;19.25979512
22.09.2020;20.67333315
23.09.2020;21.63593451
24.09.2020;22.9078274
25.09.2020;27.1898513
26.09.2020;30.66519797
27.09.2020;10.89509858
28.09.2020;20.93968613
29.09.2020;21.6864167
30.09.2020;22.05377981
01.10.2020;22.94546664
02.10.2020;26.61375466
03.10.2020;30.38644872
04.10.2020;10.59466278
05.10.2020;21.03266021
06.10.2020;21.24037819
07.10.2020;22.20160416
08.10.2020;22.56725486
09.10.2020;26.18745779
10.10.2020;30.07242978
11.10.2020;10.26508417
12.10.2020;20.52928947
13.10.2020;20.91179209
14.10.2020;21.79387245
15.10.2020;23.36265043
16.10.2020;27.41249622
17.10.2020;29.21619589
18.10.2020;9.94283518
19.10.2020;19.65056071
20.10.2020;20.33651086
21.10.2020;20.97379459
22.10.2020;22.1430343
23.10.2020;25.67483446
24.10.2020;28.93333421
25.10.2020;9.591663483
26.10.2020;19.4639088
27.10.2020;20.34708726
28.10.2020;21.0880427
29.10.2020;21.84216577
30.10.2020;26.46789657
31.10.2020;29.07710178
01.11.2020;8.817003327
02.11.2020;19.74276921
03.11.2020;19.15088169
04.11.2020;19.46408675
05.11.2020;20.60220484
06.11.2020;25.05128698
07.11.2020;27.7294909
08.11.2020;8.358489661
09.11.2020;18.07270636
10.11.2020;19.20882487
11.11.2020;21.69014515
12.11.2020;20.26268917
13.11.2020;24.90052249
14.11.2020;27.89441972
15.11.2020;8.513960399
16.11.2020;18.83286523
17.11.2020;19.02162813
18.11.2020;19.56453618
19.11.2020;21.30942216
20.11.2020;26.01200338
21.11.2020;30.15916959
22.11.2020;8.2597207
23.11.2020;19.98150624
24.11.2020;21.71808605
25.11.2020;23.43723599
26.11.2020;27.43192057
27.11.2020;49.72549361
28.11.2020;37.1169388
29.11.2020;12.34034774
30.11.2020;25.81437839
01.12.2020;23.33900149
02.12.2020;24.14219745
03.12.2020;24.88189943
04.12.2020;28.33992709
05.12.2020;33.48397628
06.12.2020;10.56640946
07.12.2020;23.86225085
08.12.2020;24.15354916
09.12.2020;25.0267633
10.12.2020;26.61109228
11.12.2020;30.57885098
12.12.2020;31.69452523
13.12.2020;10.25892825
14.12.2020;25.39640734
15.12.2020;26.0903325
16.12.2020;29.51735085
17.12.2020;29.49848866
18.12.2020;32.66825697
19.12.2020;34.56548734
20.12.2020;10.11600751
21.12.2020;31.140938
22.12.2020;31.65907451
23.12.2020;34.56463441
24.12.2020;25.47021015
25.12.2020;5.251510185
26.12.2020;9.325200627
27.12.2020;7.297276736
28.12.2020;27.00712246
29.12.2020;26.79554824
30.12.2020;29.70756518
31.12.2020;23.96493053
01.01.2021;6.588662338
02.01.2021;19.17510243
03.01.2021;9.191524612
04.01.2021;21.9017657
05.01.2021;21.4810841
06.01.2021;19.98965508
07.01.2021;20.63679855
08.01.2021;24.12442488
09.01.2021;26.68478561
10.01.2021;7.663554533
11.01.2021;19.27589245
12.01.2021;18.65317391
13.01.2021;21.34593361
14.01.2021;22.85913992
15.01.2021;27.21680895
16.01.2021;31.87321318
17.01.2021;7.711766587
18.01.2021;15.81783405
19.01.2021;15.50910581
20.01.2021;15.92390303
21.01.2021;16.27554653
22.01.2021;19.07194094
23.01.2021;19.80101846
24.01.2021;8.632350554
25.01.2021;15.64993465
26.01.2021;16.49860514
27.01.2021;16.22061298
28.01.2021;17.59277876
29.01.2021;20.66389953
30.01.2021;20.96836916
31.01.2021;9.924348508
01.02.2021;17.25418697
02.02.2021;16.78391499
03.02.2021;17.1388903
04.02.2021;17.80803666
05.02.2021;21.00974706
06.02.2021;21.55021002
07.02.2021;10.37548315
08.02.2021;17.52203146
09.02.2021;17.31206719
10.02.2021;17.84173691
11.02.2021;18.31444804
12.02.2021;22.82611099
13.02.2021;23.30349264
14.02.2021;11.64958678
15.02.2021;18.00302752
16.02.2021;17.4873196
17.02.2021;17.91158521
18.02.2021;18.68927422
19.02.2021;22.83882889
20.02.2021;23.19268096
21.02.2021;11.46462161
22.02.2021;18.2907463
23.02.2021;17.96878455
24.02.2021;18.34288405
25.02.2021;19.29439989
26.02.2021;23.26080215
27.02.2021;23.06119487
28.02.2021;11.23330459
01.03.2021;22.84737082
02.03.2021;22.21559913
03.03.2021;22.94643191
04.03.2021;23.27332308
05.03.2021;27.33308088
06.03.2021;31.88731615
07.03.2021;10.5097479
08.03.2021;21.49580984
09.03.2021;20.96998959
10.03.2021;21.52839599
11.03.2021;21.77142223
12.03.2021;26.58561823
13.03.2021;31.10368927
14.03.2021;9.750548467
15.03.2021;19.38090024
16.03.2021;20.77017103
17.03.2021;21.44097282
18.03.2021;22.34103592
19.03.2021;25.89968714
20.03.2021;31.3934614
21.03.2021;10.77466986
22.03.2021;20.44392834
23.03.2021;20.8589314
24.03.2021;22.00966039
25.03.2021;23.13853703
26.03.2021;27.88055199
27.03.2021;32.2877216
28.03.2021;10.72739679
29.03.2021;22.1492654
30.03.2021;23.78850185
31.03.2021;27.57932355
01.04.2021;31.37843537
02.04.2021;12.10165079
03.04.2021;34.39675942
04.04.2021;9.229596752
05.04.2021;14.3361516
06.04.2021;24.86959884
07.04.2021;23.56885785
08.04.2021;24.56086871
09.04.2021;28.43950118
10.04.2021;31.38025213
11.04.2021;11.39510463
12.04.2021;21.25309093
13.04.2021;21.02658408
14.04.2021;21.52216231
15.04.2021;22.49071704
16.04.2021;26.31494851
17.04.2021;29.74671637
18.04.2021;9.029487833
19.04.2021;20.94744471
20.04.2021;20.36291238
21.04.2021;22.00782074
22.04.2021;22.53282709
23.04.2021;27.26397577
24.04.2021;29.76119987
25.04.2021;10.40688186
26.04.2021;21.19992668
27.04.2021;21.74090179
28.04.2021;22.74184207
29.04.2021;24.06847885
30.04.2021;29.24803603
01.05.2021;23.41102242
02.05.2021;9.570822749
03.05.2021;21.25360197
04.05.2021;21.6182192
05.05.2021;22.8936579
06.05.2021;23.12333827
07.05.2021;28.22979985
08.05.2021;31.65884247
09.05.2021;11.35317411
10.05.2021;21.72275861
11.05.2021;22.45153152
12.05.2021;26.13645412
13.05.2021;10.27798211
14.05.2021;34.06734644
15.05.2021;29.44598586
16.05.2021;11.28128054
17.05.2021;21.04481065
18.05.2021;20.87694427
19.05.2021;21.61204625
20.05.2021;22.27071764
21.05.2021;26.56355054
22.05.2021;31.63380803
23.05.2021;9.41622441
24.05.2021;12.62555631
25.05.2021;22.58504234
26.05.2021;21.72645009
27.05.2021;23.19665827
28.05.2021;28.00007903
29.05.2021;30.65417224
30.05.2021;10.65736859
31.05.2021;22.50801603
01.06.2021;23.01989628
02.06.2021;24.33339703
03.06.2021;22.65526315
04.06.2021;29.43797556
05.06.2021;31.578488
06.06.2021;11.2632974
07.06.2021;21.12736495
08.06.2021;22.30481756
09.06.2021;22.95145605
10.06.2021;24.46093019
11.06.2021;28.30784323
12.06.2021;29.92773682
13.06.2021;11.36987619
14.06.2021;22.52836348
15.06.2021;23.18773229
16.06.2021;23.58575303
17.06.2021;24.524949
18.06.2021;28.67384243
19.06.2021;31.31038601
20.06.2021;11.02549085
21.06.2021;21.87724051
22.06.2021;22.78502165
23.06.2021;23.79399068
24.06.2021;24.82555922
25.06.2021;28.39879486
26.06.2021;30.06549989
27.06.2021;12.47057398
28.06.2021;24.34023924
29.06.2021;23.73805659
30.06.2021;25.15020949
01.07.2021;26.13476786
02.07.2021;26.50456345
03.07.2021;29.98030893
04.07.2021;12.71881492
05.07.2021;23.2038908
06.07.2021;23.33508368
07.07.2021;23.86886977
08.07.2021;24.61171569
09.07.2021;28.26788916
10.07.2021;29.08693849
11.07.2021;12.2733124
12.07.2021;21.69216485
13.07.2021;22.7132251
14.07.2021;23.59942941
15.07.2021;23.28414327
16.07.2021;26.81974361
17.07.2021;28.74517605
18.07.2021;11.87036236
19.07.2021;22.29031654
20.07.2021;22.24973143
21.07.2021;22.82002786
22.07.2021;23.94697983
23.07.2021;25.74510895
24.07.2021;27.46775488
25.07.2021;12.19134627
26.07.2021;23.19183144
27.07.2021;22.9212714
28.07.2021;23.84633717
29.07.2021;23.41486267
30.07.2021;27.45689248
31.07.2021;28.66457257
01.08.2021;11.55599168
02.08.2021;23.1318108
03.08.2021;22.69010613
04.08.2021;24.79954324
05.08.2021;24.88882519
06.08.2021;26.38746622
07.08.2021;27.69900145
08.08.2021;12.91264967
09.08.2021;23.8462074
10.08.2021;23.69378423
11.08.2021;23.72881216
12.08.2021;24.7608542
13.08.2021;28.35076366
14.08.2021;28.28987534
15.08.2021;13.42364411
16.08.2021;24.21192502
17.08.2021;24.2584857
18.08.2021;24.81594449
19.08.2021;25.34734558
20.08.2021;29.10833558
21.08.2021;28.65828347
22.08.2021;13.44479787
23.08.2021;23.31578301
24.08.2021;23.92635067
25.08.2021;24.51937834
26.08.2021;24.97686329
27.08.2021;28.54286717
28.08.2021;31.31393283
29.08.2021;13.6410261
30.08.2021;23.38499724
31.08.2021;24.08080133
01.09.2021;24.72242443
02.09.2021;24.53222445
03.09.2021;28.51141527
04.09.2021;29.9565623
05.09.2021;13.46979224
06.09.2021;23.00367511
07.09.2021;22.83027113
08.09.2021;24.10071497
09.09.2021;23.29050038
10.09.2021;28.31863049
11.09.2021;29.67868095
12.09.2021;13.19284359
13.09.2021;21.79238477
14.09.2021;21.90819405
15.09.2021;23.4078552
16.09.2021;24.3827864
17.09.2021;27.83768821
18.09.2021;29.9322152
19.09.2021;12.52085399
20.09.2021;22.20189264
21.09.2021;22.6442105
22.09.2021;24.03124458
23.09.2021;24.30579414
24.09.2021;28.40692983
25.09.2021;30.007887
26.09.2021;12.66816644
27.09.2021;22.63414661
28.09.2021;23.77623425
29.09.2021;24.58684047
30.09.2021;25.96226293
01.10.2021;28.90587139
02.10.2021;30.87435162
03.10.2021;12.62321903
04.10.2021;22.99023716
05.10.2021;23.17556408
06.10.2021;24.34578274
07.10.2021;24.83078102
08.10.2021;28.72170829
09.10.2021;31.07129558
10.10.2021;12.5849861
11.10.2021;22.46601986
12.10.2021;23.23787301
13.10.2021;23.70320761
14.10.2021;24.67042838
15.10.2021;28.13468726
16.10.2021;30.24608891
17.10.2021;12.19616479
18.10.2021;22.21539658
19.10.2021;22.79529649
20.10.2021;23.39178952
21.10.2021;24.91417934
22.10.2021;28.56744593
23.10.2021;30.950373
24.10.2021;12.20490595
25.10.2021;21.9354938
26.10.2021;23.14241042
27.10.2021;23.80792066
28.10.2021;25.6232668
29.10.2021;30.62235291
30.10.2021;34.25340877
31.10.2021;13.13400588
01.11.2021;21.55384218
02.11.2021;23.16210318
03.11.2021;23.67691282
04.11.2021;24.86162504
05.11.2021;29.51773723
06.11.2021;33.10841202
07.11.2021;11.76974689
08.11.2021;22.28531514
09.11.2021;22.63519203
10.11.2021;24.86857997
11.11.2021;26.55166208
12.11.2021;29.22142932
13.11.2021;34.30191282
14.11.2021;11.74045121
15.11.2021;21.98548972
16.11.2021;22.67965633
17.11.2021;23.82313892
18.11.2021;24.8182239
19.11.2021;29.2282577
20.11.2021;34.22370796
21.11.2021;11.83002684
22.11.2021;23.32774949
23.11.2021;24.44658784
24.11.2021;27.37166727
25.11.2021;30.78592153
26.11.2021;48.90986964
27.11.2021;39.3752593
28.11.2021;15.18278959
29.11.2021;27.77594021
30.11.2021;26.04386937
01.12.2021;27.7157328
02.12.2021;26.14081157
03.12.2021;31.53544005
04.12.2021;35.54228255
05.12.2021;13.9101036
06.12.2021;24.85858461
07.12.2021;25.89837789
08.12.2021;25.78928621
09.12.2021;28.30444488
10.12.2021;30.4261836
11.12.2021;37.67610844
12.12.2021;16.15489338
13.12.2021;26.53318018
14.12.2021;27.77127744
15.12.2021;29.82272637
16.12.2021;31.01762254
17.12.2021;34.43890799
18.12.2021;38.01607171
19.12.2021;19.74629208
20.12.2021;31.04325602
21.12.2021;32.61972649
22.12.2021;35.13613884
23.12.2021;38.91000238
24.12.2021;30.76009936
25.12.2021;8.348580125
26.12.2021;12.19649395
27.12.2021;28.64081298
28.12.2021;28.08935902
29.12.2021;28.88868285
30.12.2021;33.06831363
31.12.2021;27.90538295
01.01.2022;13.04051663
02.01.2022;16.34586774
03.01.2022;26.37375038
04.01.2022;24.11714505
05.01.2022;24.76624273
06.01.2022;23.85548282
07.01.2022;27.53003948
08.01.2022;29.07812568
09.01.2022;11.70895652
10.01.2022;21.20045633
11.01.2022;20.80184028
12.01.2022;21.71642415
13.01.2022;22.50336883
14.01.2022;26.02086437
15.01.2022;29.59768387
16.01.2022;12.18175411
17.01.2022;20.42516656
18.01.2022;21.20304437
19.01.2022;22.35327989
20.01.2022;22.93839043
21.01.2022;26.95214977
22.01.2022;31.49717206
23.01.2022;12.8564044
24.01.2022;21.00011773
25.01.2022;21.26826664
26.01.2022;22.36893815
27.01.2022;23.38916849
28.01.2022;28.28473175
29.01.2022;32.25002814
30.01.2022;13.91127871
31.01.2022;22.53633182
01.02.2022;21.73999162
02.02.2022;22.33122478
03.02.2022;23.69966132
04.02.2022;28.4196125
05.02.2022;32.38999408
06.02.2022;14.13881591
07.02.2022;22.01555724
08.02.2022;22.3830428
09.02.2022;23.31656716
10.02.2022;24.78752279
11.02.2022;29.26793957
12.02.2022;33.65647048
13.02.2022;15.61764189
14.02.2022;25.11651768
15.02.2022;22.36880431
16.02.2022;23.51408025
17.02.2022;25.2606543
18.02.2022;30.12987877
19.02.2022;35.82778654
20.02.2022;16.13343572
21.02.2022;23.00337263
22.02.2022;23.41857539
23.02.2022;24.79405345
24.02.2022;25.60776457
25.02.2022;30.88238775
26.02.2022;34.97521982
27.02.2022;17.02745664
28.02.2022;26.24018083
01.03.2022;25.58435746
02.03.2022;25.93633791
03.03.2022;26.59585717
04.03.2022;32.07971216
05.03.2022;35.66554472
06.03.2022;16.38459889
07.03.2022;24.40796032
08.03.2022;24.74312216
09.03.2022;26.42107237
10.03.2022;26.48533402
11.03.2022;30.44883513
12.03.2022;34.13003444
13.03.2022;14.94190255
14.03.2022;23.57181472
15.03.2022;24.38813616
16.03.2022;25.03432965
17.03.2022;25.68135796
18.03.2022;30.8460105
19.03.2022;33.90991857
20.03.2022;14.93411102
21.03.2022;24.24035795
22.03.2022;24.12393646
23.03.2022;25.62703762
24.03.2022;26.98471219
25.03.2022;31.57495281
26.03.2022;34.71075851
27.03.2022;14.58865365
28.03.2022;23.8817666
29.03.2022;24.90455241
30.03.2022;26.07613379
31.03.2022;27.43623999
01.04.2022;29.77587273
02.04.2022;34.7171995
03.04.2022;14.73008405
04.04.2022;24.53914596
05.04.2022;24.65210977
06.04.2022;26.2115079
07.04.2022;26.77505449
08.04.2022;31.04192355
09.04.2022;35.23692251
10.04.2022;14.94472288
11.04.2022;25.34630191
12.04.2022;25.51216447
13.04.2022;28.17973055
14.04.2022;32.75436825
15.04.2022;14.79517208
16.04.2022;34.06629335
17.04.2022;11.44745682
18.04.2022;14.41432489
19.04.2022;26.41856886
20.04.2022;25.1988475
21.04.2022;25.11184952
22.04.2022;28.72410057
23.04.2022;31.44321316
24.04.2022;12.20351067
25.04.2022;23.08456995
26.04.2022;23.67286013
27.04.2022;25.06834233
28.04.2022;27.0892333
29.04.2022;30.71967706
30.04.2022;34.49535619
01.05.2022;12.52156292
02.05.2022;24.00748607
03.05.2022;24.15887656
04.05.2022;25.67022567
05.05.2022;26.69227213
06.05.2022;31.36613066
07.05.2022;34.77608178
08.05.2022;14.5782909
09.05.2022;24.44059688
10.05.2022;25.48234591
11.05.2022;26.62720177
12.05.2022;26.71012931
13.05.2022;31.34569777
14.05.2022;33.47342644
15.05.2022;13.2912789
16.05.2022;25.22159978
17.05.2022;25.64072358
18.05.2022;27.12870201
19.05.2022;27.41497952
20.05.2022;31.89265604
21.05.2022;33.76822276
22.05.2022;13.42969989
23.05.2022;24.82882159
24.05.2022;27.10736849
25.05.2022;30.78049701
26.05.2022;15.54539809
27.05.2022;35.54203811
28.05.2022;31.39458532
29.05.2022;14.2445056
30.05.2022;25.94371639
31.05.2022;27.29311794
01.06.2022;26.12876925
02.06.2022;26.78699947
03.06.2022;30.32689104
04.06.2022;32.91281434
05.06.2022;12.84590435
06.06.2022;16.06558418
07.06.2022;27.46009369
08.06.2022;27.67745705
09.06.2022;27.16981671
10.06.2022;31.35534292
11.06.2022;32.80637729
12.06.2022;14.12530288
13.06.2022;26.18743989
14.06.2022;26.75259801
15.06.2022;28.08303215
16.06.2022;27.12789506
17.06.2022;33.59380656
18.06.2022;33.02560218
19.06.2022;14.57673339
20.06.2022;26.48215422
21.06.2022;26.46732802
22.06.2022;27.11725284
23.06.2022;27.86323881
24.06.2022;28.93896035
25.06.2022;31.00608518
26.06.2022;14.42972995
27.06.2022;25.63003866
28.06.2022;27.06742108
29.06.2022;27.58520007
30.06.2022;28.62901244
01.07.2022;32.64239809
02.07.2022;33.2630703
03.07.2022;14.93387712
04.07.2022;26.02063208
05.07.2022;27.23281209
06.07.2022;27.90881301
07.07.2022;29.14024842
08.07.2022;32.13193012
09.07.2022;32.40945494
10.07.2022;14.83691459
11.07.2022;27.77446855
12.07.2022;27.35373023
13.07.2022;27.42349394
14.07.2022;28.30176576
15.07.2022;31.75677818
16.07.2022;32.28999936
17.07.2022;15.00896613
18.07.2022;27.04644918
19.07.2022;26.5822892
20.07.2022;26.70434812
21.07.2022;27.90701628
22.07.2022;30.32192002
23.07.2022;31.50298452
24.07.2022;14.61232664
25.07.2022;25.30322527
26.07.2022;26.79663007
27.07.2022;26.44680846
28.07.2022;27.54469726
29.07.2022;31.55041143
30.07.2022;32.19282078
31.07.2022;14.70462756
01.08.2022;14.69529618
02.08.2022;28.33017775
03.08.2022;26.95837357
04.08.2022;27.03360358
05.08.2022;30.4655503
06.08.2022;31.52183329
07.08.2022;14.7756875
08.08.2022;27.49347465
09.08.2022;27.23315934
10.08.2022;27.76743559
11.08.2022;28.21968704
12.08.2022;31.91597739
13.08.2022;31.72348034
14.08.2022;15.6000337
15.08.2022;25.98073806
16.08.2022;27.44421421
17.08.2022;27.89476991
18.08.2022;28.77568933
19.08.2022;32.00933516
20.08.2022;34.31297893
21.08.2022;15.5295235
22.08.2022;26.51392361
23.08.2022;27.05236326
24.08.2022;28.50110182
25.08.2022;29.56019484
26.08.2022;32.9107464
27.08.2022;32.99202682
28.08.2022;15.09538011
29.08.2022;26.07234142
30.08.2022;26.27302292
31.08.2022;28.3583449
01.09.2022;28.04731601
02.09.2022;31.03096732
03.09.2022;33.02995158
04.09.2022;14.68601666
05.09.2022;25.33333736
06.09.2022;25.77892623
07.09.2022;26.53205045
08.09.2022;24.94897011
09.09.2022;30.4486522
10.09.2022;33.03072436
11.09.2022;14.76503263
12.09.2022;24.92296935
13.09.2022;25.43300817
14.09.2022;26.98380527
15.09.2022;27.43113538
16.09.2022;32.23302571
17.09.2022;35.22747038
18.09.2022;14.68450822
19.09.2022;24.28687839
20.09.2022;25.76745251
21.09.2022;26.86615571
22.09.2022;27.47121342
23.09.2022;30.6363183
24.09.2022;33.97849137
25.09.2022;13.84823923
26.09.2022;25.04792629
27.09.2022;25.44561672
28.09.2022;26.99072543
29.09.2022;28.05827024
30.09.2022;33.08547415
01.10.2022;35.28254612
02.10.2022;13.70179872
03.10.2022;24.84879446
04.10.2022;24.83191303
05.10.2022;25.19474808
06.10.2022;26.24113052
07.10.2022;29.80018839
08.10.2022;32.75903593
09.10.2022;13.41872667
10.10.2022;22.8159126
11.10.2022;24.52046997
12.10.2022;25.2918561
13.10.2022;26.51075429
14.10.2022;30.00511577
15.10.2022;32.00676641
16.10.2022;13.10396961
17.10.2022;23.73009253
18.10.2022;24.16082501
19.10.2022;24.98776848
20.10.2022;26.05999037
21.10.2022;30.96316288
22.10.2022;32.9638425
23.10.2022;12.88205921
24.10.2022;23.80602438
25.10.2022;25.6616678
26.10.2022;25.89522089
27.10.2022;27.32137217
28.10.2022;32.2566938
29.10.2022;33.92564198
30.10.2022;14.22772382
31.10.2022;26.67757877
01.11.2022;23.32603806
02.11.2022;25.66677598
03.11.2022;26.45371639
04.11.2022;31.48091678
05.11.2022;35.58166109
06.11.2022;12.95006911
07.11.2022;24.42612819
08.11.2022;23.77615222
09.11.2022;25.74195908
10.11.2022;27.02117277
11.11.2022;32.08925625
12.11.2022;35.80126202
13.11.2022;12.46508405
14.11.2022;23.83759269
15.11.2022;24.63556153
16.11.2022;26.1304133
17.11.2022;26.43740254
18.11.2022;31.37670234
19.11.2022;36.03718028
20.11.2022;12.43614314
21.11.2022;25.31952189
22.11.2022;27.21290613
23.11.2022;29.30991893
24.11.2022;31.70215884
25.11.2022;47.75788606
26.11.2022;40.0749926
27.11.2022;16.1662605
28.11.2022;28.18992621
29.11.2022;26.67128432
30.11.2022;28.92982446
01.12.2022;29.99029614
02.12.2022;33.23287122
03.12.2022;37.26944584
04.12.2022;14.92439771
05.12.2022;27.23988885
06.12.2022;27.99667186
07.12.2022;29.31886767
08.12.2022;30.80038065
09.12.2022;35.09772787
10.12.2022;39.97793507
11.12.2022;18.3413594
12.12.2022;29.53493159
13.12.2022;29.54067928
14.12.2022;31.06468339
15.12.2022;32.65947024
16.12.2022;36.49067736
17.12.2022;41.62237295
18.12.2022;22.1927411
19.12.2022;31.56112477
20.12.2022;33.32394727
21.12.2022;35.19870837
22.12.2022;38.2011809
23.12.2022;42.2710661
24.12.2022;30.78701004
25.12.2022;10.09122655
26.12.2022;16.67493397
27.12.2022;31.61075981
28.12.2022;31.0666642
29.12.2022;32.28067018
30.12.2022;35.50140669
31.12.2022;29.37604293
01.01.2023;14.55775495
02.01.2023;23.79887628
03.01.2023;28.78351845
04.01.2023;27.58448451
05.01.2023;28.82628393
06.01.2023;30.58433235
07.01.2023;31.51231328
08.01.2023;13.25105762
09.01.2023;23.95990059
10.01.2023;24.06436275
11.01.2023;24.6131608
12.01.2023;25.85709467
13.01.2023;29.46210202
14.01.2023;33.68777421
15.01.2023;13.70003426
16.01.2023;23.946733
17.01.2023;23.37271617
18.01.2023;24.7194087
19.01.2023;26.72246414
20.01.2023;31.16204485
21.01.2023;34.88976903
22.01.2023;14.52523908
23.01.2023;23.86437739
24.01.2023;25.00642661
25.01.2023;26.18748111
26.01.2023;26.88182958
27.01.2023;32.88326812
28.01.2023;37.02336685
29.01.2023;16.51735358
30.01.2023;26.37051236
31.01.2023;26.54960813
01.02.2023;26.6135973
02.02.2023;26.92907282
03.02.2023;31.72080179
04.02.2023;35.44428636
05.02.2023;15.94686472
06.02.2023;24.72021825
07.02.2023;25.20666396
08.02.2023;26.24548159
09.02.2023;27.26230508
10.02.2023;32.47113386
11.02.2023;36.12123793
12.02.2023;16.4753852
13.02.2023;25.75480345
14.02.2023;27.45680116
15.02.2023;25.97581227
16.02.2023;26.39846787
17.02.2023;32.72155362
18.02.2023;36.39741547
19.02.2023;16.58386876
20.02.2023;25.62852598
21.02.2023;25.00454788
22.02.2023;26.05178471
23.02.2023;27.42171584
24.02.2023;32.89896917
25.02.2023;36.72860407
26.02.2023;15.96353153
27.02.2023;25.98880255
28.02.2023;26.30723679
01.03.2023;26.37320726
02.03.2023;27.38839473
03.03.2023;32.78089008
04.03.2023;36.20627989
05.03.2023;15.63414121
06.03.2023;24.05095388
07.03.2023;26.0341076
08.03.2023;26.64434109
09.03.2023;27.58889929
10.03.2023;32.27843128
11.03.2023;35.82428517
12.03.2023;15.25504264
13.03.2023;24.5376426
14.03.2023;25.91541863
15.03.2023;27.08596508
16.03.2023;27.5017098
17.03.2023;32.64403842
18.03.2023;36.27459628
19.03.2023;15.04425097
20.03.2023;24.98882671
21.03.2023;25.73676835
22.03.2023;26.59773554
23.03.2023;27.61453335
24.03.2023;32.1924552
25.03.2023;37.03394177
26.03.2023;14.5504742
27.03.2023;25.30691639
28.03.2023;26.73202861
29.03.2023;27.55253315
30.03.2023;29.10375035
31.03.2023;33.41255136
01.04.2023;37.81560121
02.04.2023;15.13641396
03.04.2023;27.13645402
04.04.2023;28.17700005
05.04.2023;30.70592491
06.04.2023;35.74401975
07.04.2023;16.42272418
08.04.2023;37.51151732
09.04.2023;13.15492947
10.04.2023;16.74103942
11.04.2023;28.05362985
12.04.2023;26.17488256
13.04.2023;26.86995854
14.04.2023;30.76520308
15.04.2023;33.66453534
16.04.2023;12.61584645
17.04.2023;24.62162616
18.04.2023;24.81419803
19.04.2023;25.92773812
20.04.2023;26.73090737
21.04.2023;31.10363587
22.04.2023;33.67131909
23.04.2023;12.99047128
24.04.2023;25.55929493
25.04.2023;25.67494682
26.04.2023;26.50126112
27.04.2023;27.45955822
28.04.2023;33.03970307
29.04.2023;35.36495593
30.04.2023;14.22415243
01.05.2023;22.74148623
02.05.2023;26.245446
03.05.2023;26.37296779
04.05.2023;28.09459743
05.05.2023;32.38712037
06.05.2023;33.96213849
07.05.2023;13.3500815
08.05.2023;26.05295286
09.05.2023;26.36464443
10.05.2023;27.2837402
11.05.2023;28.03647913
12.05.2023;32.92744394
13.05.2023;36.23192737
14.05.2023;14.68833701
15.05.2023;25.02771106
16.05.2023;26.36023061
17.05.2023;30.54095897
18.05.2023;14.52596337
19.05.2023;37.02116944
20.05.2023;31.94592259
21.05.2023;14.13793261
22.05.2023;25.97260221
23.05.2023;26.95309642
24.05.2023;28.91161462
25.05.2023;29.18413795
26.05.2023;34.3268235
27.05.2023;36.84723677
28.05.2023;13.87598591
29.05.2023;16.91607671
30.05.2023;30.58228337
31.05.2023;30.20030611
01.06.2023;29.9111354
02.06.2023;34.43403666
03.06.2023;36.49195461
04.06.2023;14.35382413
05.06.2023;27.6321105
06.06.2023;28.26741507
07.06.2023;29.81890124
08.06.2023;27.75695916
09.06.2023;35.13868552
10.06.2023;36.22190601
11.06.2023;15.06282994
12.06.2023;22.7838549
13.06.2023;28.88650252
14.06.2023;30.3773324
15.06.2023;30.6217914
16.06.2023;34.35737094
17.06.2023;36.69962839
18.06.2023;15.44220693
19.06.2023;27.90617252
20.06.2023;27.79529577
21.06.2023;28.9431747
22.06.2023;28.8278172
23.06.2023;33.72371164
24.06.2023;35.2200749
25.06.2023;15.85683362
26.06.2023;28.45576497
27.06.2023;29.10398431
28.06.2023;30.07503335
29.06.2023;29.75882194
30.06.2023;35.31497786
01.07.2023;36.77828974
02.07.2023;16.15670698
03.07.2023;28.29418964
04.07.2023;28.28622046
05.07.2023;29.53323403
06.07.2023;29.49827334
07.07.2023;33.70805115
08.07.2023;34.3137348
09.07.2023;15.74334092
10.07.2023;28.36048489
11.07.2023;27.7345012
12.07.2023;28.59309759
13.07.2023;29.88182142
14.07.2023;32.4642942
15.07.2023;33.01232949
16.07.2023;15.22334819
17.07.2023;27.6116347
18.07.2023;27.17143832
19.07.2023;27.46127405
20.07.2023;28.20275117
21.07.2023;31.56667764
22.07.2023;32.49520854
23.07.2023;14.91155485
24.07.2023;26.99455763
25.07.2023;26.64161732
26.07.2023;27.09428495
27.07.2023;27.22871155
28.07.2023;31.14533645
29.07.2023;31.62603469
30.07.2023;14.49805684
31.07.2023;31.74296658
01.08.2023;14.62438108
02.08.2023;28.49198748
03.08.2023;28.45152644
04.08.2023;32.11417356
05.08.2023;31.9236217
06.08.2023;14.84043922
07.08.2023;28.39880339
08.08.2023;28.24758611
09.08.2023;28.26836432
10.08.2023;29.3372128
11.08.2023;32.16011807
12.08.2023;32.91503533
13.08.2023;16.07680547
14.08.2023;29.602237
15.08.2023;26.63361278
16.08.2023;29.56044269
17.08.2023;29.83578883
18.08.2023;33.82330824
19.08.2023;34.41884036
20.08.2023;15.88827641
21.08.2023;27.51319762
22.08.2023;27.18885003
23.08.2023;27.93944819
24.08.2023;28.30315521
25.08.2023;32.85942416
26.08.2023;33.95718783
27.08.2023;14.56580117
28.08.2023;27.12443811
29.08.2023;27.80354244
30.08.2023;28.61149774
31.08.2023;29.36708423
01.09.2023;32.32850505
02.09.2023;32.85276728
03.09.2023;15.33544524
04.09.2023;26.48300624
05.09.2023;26.4146289
06.09.2023;27.41265621
07.09.2023;26.27047393
08.09.2023;31.81384797
09.09.2023;32.21219289
10.09.2023;15.23226784
11.09.2023;25.48536269
12.09.2023;25.9921065
13.09.2023;27.79950057
14.09.2023;27.91501996
15.09.2023;32.28520693
16.09.2023;33.88550458
17.09.2023;15.19298677
18.09.2023;25.13526748
19.09.2023;26.42216818
20.09.2023;26.92649074
21.09.2023;27.56032179
22.09.2023;32.92184811
23.09.2023;36.08823099
24.09.2023;15.18483553
25.09.2023;25.96851466
26.09.2023;26.43765486
27.09.2023;27.61840001
28.09.2023;28.96365485
29.09.2023;33.24341968
30.09.2023;35.96455934
01.10.2023;15.49848582
02.10.2023;26.16250531
03.10.2023;26.49475725
04.10.2023;26.73443747
05.10.2023;27.26459977
06.10.2023;31.02522338
07.10.2023;32.47819863
08.10.2023;14.13188095
09.10.2023;24.59617926
10.10.2023;25.41776818
11.10.2023;25.78912408
12.10.2023;26.43031
13.10.2023;30.31619057
14.10.2023;33.57590424
15.10.2023;13.04472073
16.10.2023;24.92848916
17.10.2023;25.12197824
18.10.2023;26.08055815
19.10.2023;26.27517341
20.10.2023;30.33749758
21.10.2023;34.07464994
22.10.2023;12.83949179
23.10.2023;23.79395187
24.10.2023;25.05646056
25.10.2023;25.89620399
26.10.2023;26.99439965
27.10.2023;32.29910772
28.10.2023;35.45545242
29.10.2023;13.49393069
30.10.2023;25.27228043
31.10.2023;26.73652685
01.11.2023;24.57571754
02.11.2023;26.49091315
03.11.2023;32.03516489
04.11.2023;35.91399323
05.11.2023;12.49994695
06.11.2023;24.43617495
07.11.2023;24.78120899
08.11.2023;26.35589535
09.11.2023;26.98825586
10.11.2023;32.10275953
11.11.2023;37.18464988
12.11.2023;11.96169177
13.11.2023;23.72740037
14.11.2023;23.83400694
15.11.2023;26.38582099
16.11.2023;27.44769271
17.11.2023;32.47533623
18.11.2023;36.60142343
19.11.2023;12.6949836
20.11.2023;26.89377525
21.11.2023;27.44994877
22.11.2023;29.20325161
23.11.2023;32.31090184
24.11.2023;46.27196814
25.11.2023;40.71106497
26.11.2023;15.84832179
27.11.2023;27.96300312
28.11.2023;26.73360711
29.11.2023;29.34706356
30.11.2023;28.63173385
01.12.2023;35.60921172
02.12.2023;37.0603309
03.12.2023;15.39801296
04.12.2023;27.79941109
05.12.2023;29.80250279
06.12.2023;30.28400606
07.12.2023;31.39620116
08.12.2023;35.09323669
09.12.2023;39.86998111
10.12.2023;17.3412126
11.12.2023;28.09156682
12.12.2023;29.08327181
13.12.2023;30.37261842
14.12.2023;32.24286314
15.12.2023;37.50625435
16.12.2023;41.2147505
17.12.2023;21.21733055
18.12.2023;32.59663301
19.12.2023;32.9296268
20.12.2023;35.18288875
21.12.2023;37.35587722
22.12.2023;42.60338291
23.12.2023;42.89367778
24.12.2023;12.99341001
25.12.2023;10.87357884
26.12.2023;18.58174302
27.12.2023;33.90567711
28.12.2023;33.62098533
29.12.2023;36.65421604
30.12.2023;37.02796666
31.12.2023;16.16526477
01.01.2024;15.14784247
02.01.2024;25.91785718
03.01.2024;31.11301738
04.01.2024;29.98308055
05.01.2024;32.598573
06.01.2024;32.44040037
07.01.2024;13.75319007
08.01.2024;25.04314699
09.01.2024;24.27896084
10.01.2024;25.32538389
11.01.2024;26.16787927
12.01.2024;30.46825625
13.01.2024;34.01641905
14.01.2024;14.35118487
15.01.2024;25.05396167
16.01.2024;24.78829706
17.01.2024;25.19753363
18.01.2024;26.70233461
19.01.2024;31.61757596
20.01.2024;34.87893867
21.01.2024;15.09886057
22.01.2024;24.05080465
23.01.2024;24.41829813
24.01.2024;26.67393086
25.01.2024;27.20240865
26.01.2024;32.1770071
27.01.2024;35.99519167
28.01.2024;16.57015828
29.01.2024;26.43085384
30.01.2024;26.80265672
31.01.2024;29.09112318
01.02.2024;27.55084321
02.02.2024;32.56880614
03.02.2024;35.77450112
04.02.2024;16.40903039
05.02.2024;24.50999784
06.02.2024;24.36717698
07.02.2024;25.88256412
08.02.2024;26.07904243
09.02.2024;31.35570429
10.02.2024;36.07924184
11.02.2024;16.13486532
12.02.2024;25.55538314
13.02.2024;25.82688942
14.02.2024;28.88493305
15.02.2024;27.42931667
16.02.2024;33.05684785
17.02.2024;37.29628952
18.02.2024;16.51688108
19.02.2024;25.19601477
20.02.2024;24.40162894
21.02.2024;25.41925545
22.02.2024;26.02083068
23.02.2024;31.91522302
24.02.2024;35.99878767
25.02.2024;15.40820934
26.02.2024;24.44220798
27.02.2024;25.2369163
28.02.2024;26.67597145
29.02.2024;28.00118379
01.03.2024;32.41418755
02.03.2024;35.65658645
03.03.2024;15.13369999
04.03.2024;25.00139806
05.03.2024;25.68654033
06.03.2024;25.5300888
07.03.2024;27.00459396
08.03.2024;32.31588088
09.03.2024;35.65184696
10.03.2024;14.39034489
11.03.2024;24.37191742
12.03.2024;25.61179265
13.03.2024;26.6910567
14.03.2024;26.54727023
15.03.2024;33.43753478
16.03.2024;36.57068985
17.03.2024;14.85610439
18.03.2024;24.87418435
19.03.2024;24.83179307
20.03.2024;26.55446819
21.03.2024;27.45419956
22.03.2024;32.25386315
23.03.2024;38.12691524
24.03.2024;15.08378817
25.03.2024;26.51082061
26.03.2024;28.60829848
27.03.2024;30.9729549
28.03.2024;35.31347091
29.03.2024;16.33754096
30.03.2024;38.31370195
31.03.2024;12.59490632
01.04.2024;15.88410798
02.04.2024;27.36228069
03.04.2024;26.14721103
04.04.2024;26.6336834
05.04.2024;30.87240123
06.04.2024;33.50773612
07.04.2024;14.10825174
08.04.2024;26.5910656
09.04.2024;26.78147377
10.04.2024;27.25950311
11.04.2024;28.02174867
12.04.2024;32.03467998
13.04.2024;34.40430541
14.04.2024;13.3709394
15.04.2024;25.11261486
16.04.2024;25.53201288
17.04.2024;25.80783174
18.04.2024;26.23890072
19.04.2024;31.74950787
20.04.2024;34.59935338
21.04.2024;12.46643711
22.04.2024;24.36214417
23.04.2024;25.06674704
24.04.2024;26.53629633
25.04.2024;28.13818516
26.04.2024;32.07347797
27.04.2024;33.85990788
28.04.2024;13.91012814
29.04.2024;25.45713555
30.04.2024;28.0577087
01.05.2024;23.23296507
02.05.2024;26.73820371
03.05.2024;31.56360641
04.05.2024;33.39905885
05.05.2024;12.64605753
06.05.2024;24.79013379
07.05.2024;26.76887849
08.05.2024;31.12265161
09.05.2024;14.30669494
10.05.2024;36.93781437
11.05.2024;32.34058738
12.05.2024;14.74932797
13.05.2024;26.32750686
14.05.2024;27.67245689
15.05.2024;28.14076689
16.05.2024;28.17052353
17.05.2024;34.21217414
18.05.2024;36.69166904
19.05.2024;13.13339728
20.05.2024;15.61363657
21.05.2024;28.5659428
22.05.2024;28.4600425
23.05.2024;27.87837968
24.05.2024;32.76641183
25.05.2024;35.03837985
26.05.2024;13.93507482
27.05.2024;25.7046633
28.05.2024;27.91075411
29.05.2024;28.84670627
30.05.2024;27.41259686
31.05.2024;33.97265183
01.06.2024;35.47412946
02.06.2024;14.25663027
03.06.2024;25.94640166
04.06.2024;26.84073473
05.06.2024;27.71426223
06.06.2024;28.08394197
07.06.2024;33.19249543
08.06.2024;35.15169997
09.06.2024;14.16188479
10.06.2024;27.08098142
11.06.2024;27.67529805
12.06.2024;28.86129869
13.06.2024;29.05906173
14.06.2024;33.31114851
15.06.2024;34.99853518
16.06.2024;14.88655307
17.06.2024;27.89651377
18.06.2024;27.36431845
19.06.2024;28.73614761
20.06.2024;29.31318544
21.06.2024;32.93887332
22.06.2024;36.2775159
23.06.2024;15.10300863
24.06.2024;28.54436107
25.06.2024;28.43508502
26.06.2024;29.83956211
27.06.2024;29.94480574
28.06.2024;34.26613727
29.06.2024;33.76753661
30.06.2024;15.64283957
01.07.2024;28.08743119
02.07.2024;27.78308674
03.07.2024;29.33623158
04.07.2024;29.02312959
05.07.2024;31.452088
06.07.2024;33.20410632
07.07.2024;15.20981894
08.07.2024;28.30521542
09.07.2024;28.02544559
10.07.2024;29.5146026
11.07.2024;29.41701557
12.07.2024;32.95613073
13.07.2024;35.06391633
14.07.2024;15.34605581
15.07.2024;28.61035035
16.07.2024;27.31337702
17.07.2024;28.08075371
18.07.2024;28.30049858
19.07.2024;30.7971612
20.07.2024;31.3427432
21.07.2024;14.74688136
22.07.2024;27.65349768
23.07.2024;27.25626754
24.07.2024;28.19046743
25.07.2024;28.26915466
26.07.2024;31.02759567
27.07.2024;31.22504029
28.07.2024;15.07767698
29.07.2024;28.37978936
30.07.2024;28.20867857
31.07.2024;31.05024116
01.08.2024;14.51833516
02.08.2024;32.99668435
03.08.2024;30.52730718
04.08.2024;15.56310142
05.08.2024;28.03876176
06.08.2024;28.51300025
07.08.2024;28.72136315
08.08.2024;29.30343811
09.08.2024;32.02767422
10.08.2024;32.0470904
11.08.2024;15.94216375
12.08.2024;28.40253274
13.08.2024;28.12717894
14.08.2024;30.08606043
15.08.2024;27.98609922
16.08.2024;33.83903929
17.08.2024;35.48279013
18.08.2024;15.47063805
19.08.2024;27.81083641
20.08.2024;27.18057259
21.08.2024;28.13976506
22.08.2024;28.03387115
23.08.2024;32.81431448
24.08.2024;32.47774181
25.08.2024;15.240809
26.08.2024;27.28807425
27.08.2024;27.40299925
28.08.2024;30.51946716
29.08.2024;28.53128433
30.08.2024;33.07952484
31.08.2024;33.66184408
01.09.2024;15.1519936
02.09.2024;26.15775387
03.09.2024;26.673687
04.09.2024;27.29807027
05.09.2024;26.39893048
06.09.2024;33.57312031
07.09.2024;31.31484515
08.09.2024;14.6105469
09.09.2024;26.38107874
10.09.2024;26.39382006
11.09.2024;27.14524401
12.09.2024;27.77157265
13.09.2024;32.85112135
14.09.2024;35.32704502
15.09.2024;14.99955411
16.09.2024;24.87391218
17.09.2024;26.16052162
18.09.2024;27.21846137
19.09.2024;27.31945814
20.09.2024;31.90123194
21.09.2024;33.36161094
22.09.2024;14.40862319
23.09.2024;25.44232962
24.09.2024;26.28896269
25.09.2024;26.74747481
26.09.2024;26.85217145
27.09.2024;32.45280357
28.09.2024;34.83907476
29.09.2024;14.77144274
30.09.2024;26.38588606
01.10.2024;26.07210786
02.10.2024;25.80728742
03.10.2024;26.53022094
04.10.2024;30.75937291
05.10.2024;32.56430604
06.10.2024;13.59868281
07.10.2024;24.26709584
08.10.2024;24.56271171
09.10.2024;25.20890889
10.10.2024;25.92847498
11.10.2024;29.19993227
12.10.2024;31.50208222
13.10.2024;12.65851006
14.10.2024;23.76909689
15.10.2024;24.08145936
16.10.2024;24.73528914
17.10.2024;25.50177707
18.10.2024;30.37241004
19.10.2024;32.45362088
20.10.2024;12.71774535
21.10.2024;23.09086372
22.10.2024;23.86954603
23.10.2024;25.08682215
24.10.2024;26.2261796
25.10.2024;30.60490852
26.10.2024;33.18370278
27.10.2024;13.0816716
28.10.2024;24.28996723
29.10.2024;24.82678588
30.10.2024;26.48105539
31.10.2024;27.47974302
01.11.2024;28.54934945
02.11.2024;34.92695142
03.11.2024;12.91225803
04.11.2024;23.70972267
05.11.2024;21.31976648
06.11.2024;24.58827872
07.11.2024;25.43533272
08.11.2024;30.50710021
09.11.2024;33.93683961
10.11.2024;12.45126484
11.11.2024;23.66722427
12.11.2024;24.03030048
13.11.2024;25.52228228
14.11.2024;25.9659587
15.11.2024;31.01504267
16.11.2024;35.82806784
17.11.2024;12.35275223
18.11.2024;23.66590889
19.11.2024;24.11102083
20.11.2024;26.07719972
21.11.2024;25.29550408
22.11.2024;30.70743067
23.11.2024;37.88384705
24.11.2024;13.3894888
25.11.2024;28.04105938
26.11.2024;28.55289867
27.11.2024;30.28295612
28.11.2024;32.41934395
29.11.2024;45.76332543
30.11.2024;41.8517975
01.12.2024;17.27138455
02.12.2024;28.81308998
03.12.2024;27.40949731
04.12.2024;28.60940295
05.12.2024;29.72708414
06.12.2024;33.36480625
07.12.2024;37.03299955
08.12.2024;15.58274102
09.12.2024;27.13282278
10.12.2024;28.38834006
11.12.2024;29.81584097
12.12.2024;30.99290577
13.12.2024;34.53081379
14.12.2024;39.21759435
15.12.2024;18.18760134
16.12.2024;29.15816273
17.12.2024;30.20990097
18.12.2024;33.31468109
19.12.2024;32.38991958
20.12.2024;38.09187364
21.12.2024;39.36791929
22.12.2024;20.26857238
23.12.2024;39.58631445
24.12.2024;29.47290549
25.12.2024;11.35845965
26.12.2024;19.10468175
27.12.2024;35.94299526
28.12.2024;33.48451959
29.12.2024;17.45506084
30.12.2024;37.49452442
31.12.2024;31.02758309
01.01.2025;15.18078198
02.01.2025;26.90312898
03.01.2025;35.5533777
04.01.2025;33.01833868
05.01.2025;15.28658054
06.01.2025;26.21409065
07.01.2025;24.9534203
08.01.2025;25.09963409
09.01.2025;25.44528217
10.01.2025;30.22056379
11.01.2025;33.96814429
12.01.2025;14.37558985
13.01.2025;23.79384725
14.01.2025;24.09623932
15.01.2025;25.38660178
16.01.2025;25.65089497
17.01.2025;30.7949115
18.01.2025;33.53078832
19.01.2025;14.98927318
20.01.2025;24.20931092
21.01.2025;23.95272875
22.01.2025;25.2832079
23.01.2025;26.22091312
24.01.2025;31.77800829
25.01.2025;34.04511581
26.01.2025;15.35368596
27.01.2025;24.14128289
28.01.2025;24.65864428
29.01.2025;25.48796695
30.01.2025;26.9813425
31.01.2025;34.91092966
01.02.2025;35.87321256
02.02.2025;17.03240895
03.02.2025;24.9813235
04.02.2025;24.38632022
05.02.2025;25.33571283
06.02.2025;25.74831099
07.02.2025;31.34477027
08.02.2025;34.64099656
09.02.2025;15.65348809
10.02.2025;24.31413061
11.02.2025;23.93620075
12.02.2025;24.99327652
13.02.2025;26.82457447
14.02.2025;33.04466954
15.02.2025;36.10791683
16.02.2025;16.50576528
17.02.2025;25.322009
18.02.2025;24.273084
19.02.2025;25.14717718
20.02.2025;25.88865349
21.02.2025;31.57993392
22.02.2025;35.14619727
23.02.2025;15.94234573
24.02.2025;24.66048745
25.02.2025;24.87838584
26.02.2025;25.6378175
27.02.2025;26.48217978
28.02.2025;32.83056749
01.03.2025;35.31307158
02.03.2025;15.95206511
03.03.2025;24.38676886
04.03.2025;24.60815307
05.03.2025;25.82917917
06.03.2025;26.1071211
07.03.2025;32.21519856
08.03.2025;34.97824788
09.03.2025;14.83605113
10.03.2025;24.30888679
11.03.2025;26.1954165
12.03.2025;26.29031894
13.03.2025;26.41561001
14.03.2025;31.46668403
15.03.2025;35.27312655
16.03.2025;14.71597351
17.03.2025;24.46033854
18.03.2025;24.72484235
19.03.2025;24.98788448
20.03.2025;26.25201221
21.03.2025;31.87156865
22.03.2025;35.74863235
23.03.2025;14.62456014
24.03.2025;24.94473394
25.03.2025;24.70771755
26.03.2025;25.79504215
27.03.2025;27.45338921
28.03.2025;33.05322485
29.03.2025;36.91542307
30.03.2025;15.0806407
31.03.2025;26.04571372
01.04.2025;25.71249483
02.04.2025;26.57503309
03.04.2025;27.65708202
04.04.2025;32.29882073
05.04.2025;34.88255581
06.04.2025;15.7053977
07.04.2025;26.99352718
08.04.2025;26.13484095
09.04.2025;25.91826799
10.04.2025;27.43967479
11.04.2025;31.92530787
12.04.2025;33.79093441
13.04.2025;13.29080876
14.04.2025;26.01763539
15.04.2025;26.49026075
16.04.2025;28.455378
17.04.2025;32.28094696
18.04.2025;14.13388488
19.04.2025;35.1133392
20.04.2025;10.68083102
21.04.2025;13.69460608
22.04.2025;25.27461687
23.04.2025;24.51804045
24.04.2025;25.55265794
25.04.2025;29.00067402
26.04.2025;29.83287429
27.04.2025;12.20283774
28.04.2025;24.03564456
29.04.2025;25.21615983
30.04.2025;28.51838646
01.05.2025;23.27321556
02.05.2025;31.46105984
03.05.2025;31.85489743
04.05.2025;12.97297421
05.05.2025;24.11744889
06.05.2025;25.09654056
07.05.2025;26.14760837
08.05.2025;26.34410481
09.05.2025;31.35139578
10.05.2025;34.58388202
11.05.2025;14.93485554
12.05.2025;24.21204793
13.05.2025;25.1087345
14.05.2025;25.9629564
15.05.2025;27.00360119
16.05.2025;31.93839167
17.05.2025;33.63597461
18.05.2025;13.66787387
19.05.2025;25.31356299
20.05.2025;25.20516656
21.05.2025;26.67854905
22.05.2025;26.7714995
23.05.2025;31.33844673
24.05.2025;32.81803376
25.05.2025;13.44541988
26.05.2025;25.46605299
27.05.2025;26.28740734
28.05.2025;30.43799888
29.05.2025;15.25866082
30.05.2025;35.87076706
31.05.2025;31.78948214
01.06.2025;14.75137545
02.06.2025;25.94507167
03.06.2025;26.09554294
04.06.2025;26.67762126
05.06.2025;27.97189377
06.06.2025;32.56031539
07.06.2025;36.57037059
08.06.2025;13.63418322
09.06.2025;16.39423807
10.06.2025;28.97220925
11.06.2025;28.5011754
12.06.2025;28.72096789
13.06.2025;32.96022614
14.06.2025;34.54133335
15.06.2025;14.54813454
16.06.2025;27.64297159
17.06.2025;27.8263318
18.06.2025;29.39666946
19.06.2025;28.22705633
20.06.2025;34.65619773
21.06.2025;34.56773278
22.06.2025;15.44142494
23.06.2025;27.22945527
24.06.2025;28.06433816
25.06.2025;28.46582433
26.06.2025;29.14113928
27.06.2025;33.64802913
28.06.2025;34.66375436
29.06.2025;15.52600422
30.06.2025;29.10702809
01.07.2025;29.8176994
02.07.2025;28.16470803
03.07.2025;28.75245602
04.07.2025;32.57871394
05.07.2025;34.18124683
06.07.2025;15.73029144
07.07.2025;27.52835046
08.07.2025;27.66203082
09.07.2025;27.77432766
10.07.2025;28.3027122
11.07.2025;31.50356002
12.07.2025;33.01893346
13.07.2025;15.10501103
14.07.2025;27.25006228
15.07.2025;26.89058219
16.07.2025;27.15079186
17.07.2025;27.72201924
18.07.2025;30.50004582
19.07.2025;31.11026916
20.07.2025;14.57913406
21.07.2025;26.67803528
22.07.2025;26.2089894
23.07.2025;25.99223808
24.07.2025;27.14353442
25.07.2025;29.93653498
26.07.2025;30.19747028
27.07.2025;13.95421788
28.07.2025;26.649348
29.07.2025;26.33807734
30.07.2025;27.90976138
31.07.2025;31.6517833
01.08.2025;14.93843289
02.08.2025;32.6652734
03.08.2025;15.69250349
04.08.2025;28.29695065
05.08.2025;27.43822895
06.08.2025;27.80140986
07.08.2025;27.79789973
08.08.2025;31.89383795
09.08.2025;31.29242101
10.08.2025;16.19253109
11.08.2025;28.42325144
12.08.2025;27.46271599
13.08.2025;28.71732986
14.08.2025;29.65381776
15.08.2025;30.45035755
16.08.2025;34.32492774
17.08.2025;16.40645212
18.08.2025;27.52354803
19.08.2025;26.53402457
20.08.2025;27.98561541
21.08.2025;28.11099326
22.08.2025;32.41318877
23.08.2025;34.37118222
24.08.2025;15.77594636
25.08.2025;26.07204805
26.08.2025;26.38756859
27.08.2025;27.20134738
28.08.2025;27.83000682
29.08.2025;32.48551303
30.08.2025;33.69385131
31.08.2025;15.23464723
01.09.2025;25.59139592
02.09.2025;25.86750074
03.09.2025;26.66315964
04.09.2025;26.53465903
05.09.2025;30.83755451
06.09.2025;32.071215
07.09.2025;14.95305125
08.09.2025;25.47821644
09.09.2025;25.75207043
10.09.2025;26.95811889
11.09.2025;25.66220372
12.09.2025;30.9472259
13.09.2025;32.68656941
14.09.2025;14.71976475
15.09.2025;24.98633076
16.09.2025;25.30497816
17.09.2025;26.25153745
18.09.2025;26.10778298
19.09.2025;30.77732633
20.09.2025;31.6694683
21.09.2025;14.40793907
22.09.2025;24.26322445
23.09.2025;25.49942957
24.09.2025;26.47342752
25.09.2025;26.94043538
26.09.2025;31.04917474
27.09.2025;33.08625375
28.09.2025;14.68996528
29.09.2025;25.57115153
30.09.2025;26.05099865
01.10.2025;26.04258245
02.10.2025;25.67757898
03.10.2025;30.30734857
04.10.2025;31.91720333
05.10.2025;13.72900745
06.10.2025;25.02610976
07.10.2025;24.06746151
08.10.2025;24.48743853
09.10.2025;25.7168833
10.10.2025;29.55014091
11.10.2025;30.80311347
12.10.2025;13.3668081
13.10.2025;24.04717282
14.10.2025;23.89798259
15.10.2025;24.69426664
16.10.2025;25.70653204
17.10.2025;29.91989799
18.10.2025;31.91860569
19.10.2025;13.01038243
20.10.2025;23.60625431
21.10.2025;23.83461166
22.10.2025;24.709324
23.10.2025;24.65312157
24.10.2025;30.82487339
25.10.2025;33.13105452
26.10.2025;13.2178301
27.10.2025;23.33311537
28.10.2025;24.98317173
29.10.2025;25.86460087
30.10.2025;26.53573128
31.10.2025;31.4447407
01.11.2025;29.41120809
02.11.2025;12.79711147
03.11.2025;24.39068226
04.11.2025;23.60078463
05.11.2025;24.75977141
06.11.2025;25.2660061
07.11.2025;30.62787698
08.11.2025;33.92628174
09.11.2025;12.50311391
10.11.2025;23.89412563
11.11.2025;24.28043829
12.11.2025;24.8370304
13.11.2025;25.66391133
14.11.2025;30.20544487
15.11.2025;34.09180218
16.11.2025;12.30693853
17.11.2025;23.12908624
18.11.2025;24.19676925
19.11.2025;25.84932979
20.11.2025;26.04436729
21.11.2025;31.50795702
22.11.2025;37.38010605
23.11.2025;13.19543891
24.11.2025;27.44880903
25.11.2025;27.93808771
26.11.2025;29.50127015
27.11.2025;31.11217087
28.11.2025;44.58741703
29.11.2025;40.21875276
30.11.2025;17.13955049
01.12.2025;29.26782834
02.12.2025;26.86188873
03.12.2025;27.83958469
04.12.2025;28.77126876
05.12.2025;33.3457207
06.12.2025;36.26803298
07.12.2025;14.8076962
08.12.2025;26.80491465
09.12.2025;27.18169645
10.12.2025;28.6854596
11.12.2025;29.13457401
12.12.2025;34.0666704
13.12.2025;37.47932413
14.12.2025;17.26360796
15.12.2025;28.20964742
16.12.2025;28.93487479
17.12.2025;30.56458779
18.12.2025;33.25093753
19.12.2025;36.69584001
20.12.2025;38.74096054
21.12.2025;21.59860005
22.12.2025;36.78524185
23.12.2025;39.14785017
24.12.2025;29.65394657
25.12.2025;10.61108306
26.12.2025;18.57879823
27.12.2025;33.30891145
28.12.2025;17.18782487
29.12.2025;32.83477399
30.12.2025;34.2825229
31.12.2025;29.72476437
01.01.2026;14.11853847
02.01.2026;26.50224255
03.01.2026;32.55186812
04.01.2026;15.6503545
05.01.2026;27.07443358
06.01.2026;25.2709555
07.01.2026;25.47487931
08.01.2026;23.70487791
09.01.2026;28.61650975
10.01.2026;31.37079479
11.01.2026;13.34050633
12.01.2026;23.96937336
13.01.2026;23.71519582
14.01.2026;24.57817893
15.01.2026;25.51005118
16.01.2026;29.9105078
17.01.2026;33.59588081
18.01.2026;15.07375352
19.01.2026;24.29930449
20.01.2026;23.85917461
21.01.2026;24.92309503
22.01.2026;25.95871171
23.01.2026;30.49464041
24.01.2026;33.45606337
25.01.2026;15.20047715
26.01.2026;24.49961694
27.01.2026;24.0870261
28.01.2026;25.0737989
29.01.2026;27.38800278
30.01.2026;32.19920468
31.01.2026;35.34491059
01.02.2026;16.97613564
02.02.2026;24.77168369
03.02.2026;23.41173264
04.02.2026;24.4270831
05.02.2026;25.29629307
06.02.2026;29.75419079
07.02.2026;32.42708895
08.02.2026;11.1685339
