Date;Non-Online Retail Sales, Swiss-Wide Volume in CHF
01.01.2019;10.44870466
02.01.2019;18.95127651
03.01.2019;22.72914749
04.01.2019;24.15025794
05.01.2019;25.30864445
06.01.2019;8.120564236
07.01.2019;15.00745766
08.01.2019;14.89683319
09.01.2019;15.52747731
10.01.2019;16.43068195
11.01.2019;20.72919325
12.01.2019;25.98599719
13.01.2019;7.05687552
14.01.2019;14.42572876
15.01.2019;15.72917029
16.01.2019;16.18963557
17.01.2019;17.15848664
18.01.2019;22.24130882
19.01.2019;26.46868152
20.01.2019;8.351503655
21.01.2019;15.09903566
22.01.2019;15.59991345
23.01.2019;16.92166575
24.01.2019;18.50514668
25.01.2019;21.87532094
26.01.2019;26.71001365
27.01.2019;8.884479294
28.01.2019;14.91184717
29.01.2019;15.4105337
30.01.2019;16.84279558
31.01.2019;18.46189678
01.02.2019;21.07210357
02.02.2019;27.90766539
03.02.2019;9.553021217
04.02.2019;15.99505707
05.02.2019;16.38268057
06.02.2019;17.95517035
07.02.2019;18.8673277
08.02.2019;23.1171497
09.02.2019;28.24081607
10.02.2019;10.43071299
11.02.2019;16.54604739
12.02.2019;17.18684741
13.02.2019;18.20738918
14.02.2019;20.42653205
15.02.2019;24.20798537
16.02.2019;28.73091049
17.02.2019;11.93572295
18.02.2019;16.68010365
19.02.2019;16.82315479
20.02.2019;17.3434191
21.02.2019;18.96822836
22.02.2019;24.24769242
23.02.2019;29.4887272
24.02.2019;11.25217142
25.02.2019;16.10345181
26.02.2019;15.90631398
27.02.2019;17.41150055
28.02.2019;18.27023956
01.03.2019;23.20247658
02.03.2019;28.66285859
03.03.2019;10.34324914
04.03.2019;16.2898378
05.03.2019;16.83139464
06.03.2019;18.20293177
07.03.2019;19.30525201
08.03.2019;24.0792507
09.03.2019;30.00589145
10.03.2019;9.874095172
11.03.2019;15.67600461
12.03.2019;16.47427487
13.03.2019;16.90211837
14.03.2019;18.17798368
15.03.2019;22.638512
16.03.2019;28.72136689
17.03.2019;19.07076201
18.03.2019;45.81430428
19.03.2019;44.32220134
20.03.2019;49.06847937
21.03.2019;50.94187138
22.03.2019;65.39421665
23.03.2019;80.42770439
24.03.2019;20.25209422
25.03.2019;50.76982434
26.03.2019;50.85187407
27.03.2019;54.11053209
28.03.2019;56.58690794
29.03.2019;72.02445814
30.03.2019;88.17670631
31.03.2019;19.06244086
01.04.2019;48.08533505
02.04.2019;48.95711551
03.04.2019;52.51616273
04.04.2019;49.78958752
05.04.2019;68.65079759
06.04.2019;86.10367291
07.04.2019;17.89056082
08.04.2019;47.56039136
09.04.2019;49.87147594
10.04.2019;52.91861422
11.04.2019;54.09726255
12.04.2019;67.17887651
13.04.2019;82.5892382
14.04.2019;17.54381152
15.04.2019;50.41207852
16.04.2019;53.44813569
17.04.2019;60.01504545
18.04.2019;73.71345731
19.04.2019;23.31684634
20.04.2019;84.20804604
21.04.2019;16.10834049
22.04.2019;21.2663716
23.04.2019;52.63815304
24.04.2019;49.69396998
25.04.2019;58.08367534
26.04.2019;69.83762551
27.04.2019;81.66262237
28.04.2019;16.94876655
29.04.2019;49.54532885
30.04.2019;54.02477066
01.05.2019;45.78731228
02.05.2019;55.48477091
03.05.2019;67.45359953
04.05.2019;80.70290836
05.05.2019;16.9504027
06.05.2019;46.61101906
07.05.2019;47.03893204
08.05.2019;50.85415454
09.05.2019;53.04949841
10.05.2019;67.31881297
11.05.2019;84.96097967
12.05.2019;20.43044862
13.05.2019;45.28072329
14.05.2019;47.37654819
15.05.2019;50.27748344
16.05.2019;51.58268367
17.05.2019;64.42753259
18.05.2019;78.66129011
19.05.2019;17.36166311
20.05.2019;45.64825522
21.05.2019;44.88744742
22.05.2019;50.48799144
23.05.2019;52.71375685
24.05.2019;71.51499338
25.05.2019;85.75688721
26.05.2019;18.67594213
27.05.2019;51.66071545
28.05.2019;55.08837371
29.05.2019;68.80724987
30.05.2019;20.97328063
31.05.2019;84.98237492
01.06.2019;73.68011378
02.06.2019;19.45422916
03.06.2019;53.00959734
04.06.2019;52.32578926
05.06.2019;56.73808108
06.06.2019;59.45294182
07.06.2019;71.37770727
08.06.2019;86.93764851
09.06.2019;18.06349516
10.06.2019;23.39885408
11.06.2019;56.17121762
12.06.2019;54.57092384
13.06.2019;55.55664137
14.06.2019;65.48069861
15.06.2019;79.60323487
16.06.2019;18.88156441
17.06.2019;50.20155081
18.06.2019;50.68172153
19.06.2019;55.49445345
20.06.2019;52.33807925
21.06.2019;71.44415934
22.06.2019;80.6636725
23.06.2019;19.08939449
24.06.2019;52.45627052
25.06.2019;57.99284773
26.06.2019;60.9614925
27.06.2019;63.54879232
28.06.2019;75.84411705
29.06.2019;85.04208199
30.06.2019;20.57119225
01.07.2019;56.54141722
02.07.2019;56.5740215
03.07.2019;58.70008555
04.07.2019;59.72489015
05.07.2019;68.78440133
06.07.2019;78.3996665
07.07.2019;19.69248666
08.07.2019;53.73247922
09.07.2019;53.31186611
10.07.2019;55.04639678
11.07.2019;56.72755297
12.07.2019;65.34720367
13.07.2019;76.15375386
14.07.2019;19.17463588
15.07.2019;51.94951245
16.07.2019;49.27210718
17.07.2019;50.77901145
18.07.2019;54.36284286
19.07.2019;62.58971038
20.07.2019;69.12653895
21.07.2019;19.254294
22.07.2019;50.03779466
23.07.2019;48.46226584
24.07.2019;49.946615
25.07.2019;57.40446743
26.07.2019;65.16880086
27.07.2019;75.75162158
28.07.2019;19.1700886
29.07.2019;55.22779372
30.07.2019;54.0238278
31.07.2019;68.78463183
01.08.2019;20.31552059
02.08.2019;70.56233192
03.08.2019;65.60726555
04.08.2019;20.91825261
05.08.2019;52.48104306
06.08.2019;52.77403732
07.08.2019;56.71946737
08.08.2019;55.74575315
09.08.2019;61.79415113
10.08.2019;73.73635777
11.08.2019;20.70621903
12.08.2019;52.41188612
13.08.2019;52.64112784
14.08.2019;53.77848186
15.08.2019;51.03134225
16.08.2019;66.80866229
17.08.2019;71.40031103
18.08.2019;19.85798134
19.08.2019;49.17243282
20.08.2019;49.21831215
21.08.2019;52.36264719
22.08.2019;53.23928839
23.08.2019;69.0283475
24.08.2019;74.36207567
25.08.2019;19.16888251
26.08.2019;50.33456712
27.08.2019;50.95130766
28.08.2019;54.65960678
29.08.2019;56.37254365
30.08.2019;65.96099679
31.08.2019;73.64298456
01.09.2019;18.46532561
02.09.2019;49.58953267
03.09.2019;49.70915702
04.09.2019;51.51846588
05.09.2019;50.95057042
06.09.2019;66.08589732
07.09.2019;76.41861749
08.09.2019;17.67674899
09.09.2019;48.59930474
10.09.2019;48.96534306
11.09.2019;50.99618595
12.09.2019;51.39948088
13.09.2019;63.06972594
14.09.2019;72.95788457
15.09.2019;19.27256526
16.09.2019;43.4917682
17.09.2019;47.01077844
18.09.2019;50.51220196
19.09.2019;51.77361385
20.09.2019;63.74202821
21.09.2019;72.1336973
22.09.2019;18.58833081
23.09.2019;46.78661591
24.09.2019;47.72021963
25.09.2019;56.55944749
26.09.2019;57.88540193
27.09.2019;69.64035155
28.09.2019;82.15852701
29.09.2019;19.63259013
30.09.2019;51.44488935
01.10.2019;49.96441663
02.10.2019;54.08151689
03.10.2019;56.06458361
04.10.2019;68.36589603
05.10.2019;82.01397551
06.10.2019;18.3658998
07.10.2019;48.90103146
08.10.2019;49.70405293
09.10.2019;51.23136712
10.10.2019;54.71688726
11.10.2019;63.2183638
12.10.2019;72.75496161
13.10.2019;18.47390761
14.10.2019;45.18293068
15.10.2019;47.28840724
16.10.2019;50.03243945
17.10.2019;50.95732325
18.10.2019;63.46836647
19.10.2019;76.70091534
20.10.2019;16.48847073
21.10.2019;44.79917865
22.10.2019;46.22430712
23.10.2019;48.63473021
24.10.2019;52.42176852
25.10.2019;72.80945604
26.10.2019;84.54007319
27.10.2019;19.38814741
28.10.2019;50.99610536
29.10.2019;51.667556
30.10.2019;55.73497701
31.10.2019;59.17064769
01.11.2019;59.45874255
02.11.2019;89.0300989
03.11.2019;15.803129
04.11.2019;47.85708379
05.11.2019;48.38865753
06.11.2019;53.10714377
07.11.2019;54.15696463
08.11.2019;68.68530083
09.11.2019;87.04090867
10.11.2019;16.27247743
11.11.2019;48.58378325
12.11.2019;48.95268457
13.11.2019;51.91764912
14.11.2019;54.24531107
15.11.2019;66.93803017
16.11.2019;85.30994448
17.11.2019;15.17472893
18.11.2019;46.13914804
19.11.2019;37.38659984
20.11.2019;51.26463752
21.11.2019;53.03424296
22.11.2019;66.38921006
23.11.2019;83.88276788
24.11.2019;16.31707204
25.11.2019;51.9830513
26.11.2019;55.06674091
27.11.2019;59.00698088
28.11.2019;64.77921181
29.11.2019;99.5528902
30.11.2019;99.509005
01.12.2019;19.68496122
02.12.2019;55.03749324
03.12.2019;54.91247572
04.12.2019;58.6601561
05.12.2019;60.99513801
06.12.2019;73.95551827
07.12.2019;91.85667183
08.12.2019;22.89836585
09.12.2019;51.7848156
10.12.2019;57.02529972
11.12.2019;59.40991402
12.12.2019;62.79504954
13.12.2019;73.6269422
14.12.2019;98.03619169
15.12.2019;30.03621848
16.12.2019;59.01514618
17.12.2019;62.81444625
18.12.2019;69.38932252
19.12.2019;73.8219425
20.12.2019;90.100349
21.12.2019;107.5870766
22.12.2019;45.62525432
23.12.2019;107.9708654
24.12.2019;77.23909738
25.12.2019;13.50369167
26.12.2019;31.36690939
27.12.2019;79.47096791
28.12.2019;76.48815456
29.12.2019;25.32152646
30.12.2019;84.83005818
31.12.2019;70.33166376
01.01.2020;19.55653249
02.01.2020;48.45740673
03.01.2020;75.04137908
04.01.2020;75.21690089
05.01.2020;19.52440482
06.01.2020;49.18750355
07.01.2020;48.6338594
08.01.2020;51.33197417
09.01.2020;51.38372638
10.01.2020;64.664858
11.01.2020;80.20080953
12.01.2020;18.3953814
13.01.2020;45.44426507
14.01.2020;46.41881186
15.01.2020;49.08162448
16.01.2020;50.22792008
17.01.2020;62.49157108
18.01.2020;79.06637824
19.01.2020;18.4063393
20.01.2020;45.57603954
21.01.2020;45.6749071
22.01.2020;49.49502078
23.01.2020;50.87569254
24.01.2020;69.72817666
25.01.2020;85.96241986
26.01.2020;21.33541624
27.01.2020;50.35935836
28.01.2020;48.71713737
29.01.2020;52.89426533
30.01.2020;55.13376162
31.01.2020;68.64956418
01.02.2020;86.10600697
02.02.2020;19.39396389
03.02.2020;47.42461064
04.02.2020;46.11806362
05.02.2020;50.79651231
06.02.2020;52.39882647
07.02.2020;64.40738703
08.02.2020;79.40950913
09.02.2020;20.79183984
10.02.2020;44.54891154
11.02.2020;46.48154952
12.02.2020;49.9830087
13.02.2020;51.55210429
14.02.2020;70.57549249
15.02.2020;79.80989553
16.02.2020;22.14594176
17.02.2020;46.70257173
18.02.2020;46.71756715
19.02.2020;49.04364663
20.02.2020;49.92604288
21.02.2020;65.33136202
22.02.2020;78.46823792
23.02.2020;22.13503883
24.02.2020;48.91052775
25.02.2020;55.21948148
26.02.2020;56.82263265
27.02.2020;58.57648211
28.02.2020;77.73706603
29.02.2020;89.55002758
01.03.2020;19.77812563
02.03.2020;48.44816098
03.03.2020;48.01437995
04.03.2020;50.439469
05.03.2020;50.56627179
06.03.2020;66.88446287
07.03.2020;84.02547515
08.03.2020;19.16302996
09.03.2020;45.59409473
10.03.2020;46.30730233
11.03.2020;49.94833372
12.03.2020;55.95869673
13.03.2020;86.98905193
14.03.2020;85.62939859
15.03.2020;12.30693683
16.03.2020;76.54016994
17.03.2020;33.32517069
18.03.2020;33.76175152
19.03.2020;36.04049796
20.03.2020;50.28293835
21.03.2020;34.57341051
22.03.2020;4.132891875
23.03.2020;28.93244298
24.03.2020;29.12377181
25.03.2020;32.02916791
26.03.2020;33.59636827
27.03.2020;44.80655835
28.03.2020;41.07188827
29.03.2020;4.277417898
30.03.2020;30.5993063
31.03.2020;32.98811685
01.04.2020;33.09291007
02.04.2020;35.6152812
03.04.2020;48.88465396
04.04.2020;44.85444459
05.04.2020;5.44198911
06.04.2020;35.09188129
07.04.2020;41.24000679
08.04.2020;51.74337581
09.04.2020;58.36598445
10.04.2020;9.657751173
11.04.2020;53.56459802
12.04.2020;5.261842831
13.04.2020;6.700753776
14.04.2020;38.65579937
15.04.2020;36.3589428
16.04.2020;36.30545074
17.04.2020;46.51341653
18.04.2020;45.12706621
19.04.2020;5.436756064
20.04.2020;30.12370451
21.04.2020;32.70677939
22.04.2020;33.17746616
23.04.2020;36.63207954
24.04.2020;53.47154111
25.04.2020;50.0359275
26.04.2020;5.85103635
27.04.2020;46.42038141
28.04.2020;46.4150766
29.04.2020;47.54910856
30.04.2020;53.70085652
01.05.2020;43.64158848
02.05.2020;63.59646489
03.05.2020;6.308078192
04.05.2020;42.0862741
05.05.2020;44.24263648
06.05.2020;44.65200659
07.05.2020;47.34775618
08.05.2020;62.58920438
09.05.2020;67.67402497
10.05.2020;8.936376004
11.05.2020;60.47121351
12.05.2020;62.16188036
13.05.2020;59.98802854
14.05.2020;63.48513495
15.05.2020;80.23810409
16.05.2020;93.43364204
17.05.2020;10.39470632
18.05.2020;57.27302444
19.05.2020;64.99036778
20.05.2020;80.80628027
21.05.2020;14.49249627
22.05.2020;98.41382901
23.05.2020;85.69085953
24.05.2020;11.80953445
25.05.2020;62.48894536
26.05.2020;63.79031151
27.05.2020;66.28469724
28.05.2020;69.84943467
29.05.2020;91.79411696
30.05.2020;104.3172116
31.05.2020;14.61049388
01.06.2020;19.6297328
02.06.2020;66.06127858
03.06.2020;62.58192814
04.06.2020;64.41262783
05.06.2020;80.86478547
06.06.2020;97.50763494
07.06.2020;11.00951519
08.06.2020;53.21819462
09.06.2020;56.12423307
10.06.2020;62.00495302
11.06.2020;55.16481209
12.06.2020;79.02286022
13.06.2020;88.30047683
14.06.2020;12.91090011
15.06.2020;52.27179418
16.06.2020;53.71766623
17.06.2020;56.78992207
18.06.2020;58.51880641
19.06.2020;73.35846952
20.06.2020;84.69852264
21.06.2020;15.58585126
22.06.2020;52.23148046
23.06.2020;54.00947548
24.06.2020;58.52399848
25.06.2020;67.13255533
26.06.2020;83.46010275
27.06.2020;94.09721182
28.06.2020;16.83158637
29.06.2020;58.9444441
30.06.2020;58.7653794
01.07.2020;61.91461784
02.07.2020;65.89569626
03.07.2020;81.22541098
04.07.2020;88.68581919
05.07.2020;18.74093187
06.07.2020;59.19758716
07.07.2020;59.15081675
08.07.2020;59.09542453
09.07.2020;61.44476965
10.07.2020;75.75234537
11.07.2020;89.37180233
12.07.2020;19.20831062
13.07.2020;55.55921689
14.07.2020;55.65341972
15.07.2020;60.52864282
16.07.2020;61.11318618
17.07.2020;72.97368688
18.07.2020;77.85340442
19.07.2020;19.60195374
20.07.2020;53.7133533
21.07.2020;56.11078768
22.07.2020;57.41767723
23.07.2020;58.8218071
24.07.2020;80.58229067
25.07.2020;80.70504752
26.07.2020;19.86813238
27.07.2020;59.88549027
28.07.2020;60.17965577
29.07.2020;64.78379363
30.07.2020;69.21353612
31.07.2020;87.87482048
01.08.2020;24.25500417
02.08.2020;19.44300876
03.08.2020;70.16077242
04.08.2020;64.069747
05.08.2020;60.56971762
06.08.2020;61.93792238
07.08.2020;74.01782966
08.08.2020;78.79700175
09.08.2020;20.42835351
10.08.2020;56.50289287
11.08.2020;55.52368014
12.08.2020;56.58107491
13.08.2020;62.20175306
14.08.2020;76.60083877
15.08.2020;68.04640416
16.08.2020;19.30905851
17.08.2020;55.19193027
18.08.2020;53.8529781
19.08.2020;55.33258094
20.08.2020;55.96994539
21.08.2020;68.87636341
22.08.2020;83.69931291
23.08.2020;18.24593907
24.08.2020;51.42708799
25.08.2020;58.37035822
26.08.2020;60.12596247
27.08.2020;61.39886019
28.08.2020;76.69766683
29.08.2020;90.52537213
30.08.2020;16.84176059
31.08.2020;55.05031463
01.09.2020;55.11150749
02.09.2020;57.63497534
03.09.2020;58.53606529
04.09.2020;72.29355473
05.09.2020;81.24417446
06.09.2020;18.19003596
07.09.2020;53.48563928
08.09.2020;52.84583493
09.09.2020;55.38051569
10.09.2020;55.1663332
11.09.2020;71.83422711
12.09.2020;80.65144977
13.09.2020;19.59026119
14.09.2020;50.46638344
15.09.2020;49.90460854
16.09.2020;53.00997175
17.09.2020;55.38683377
18.09.2020;68.31253239
19.09.2020;80.78992139
20.09.2020;17.90155169
21.09.2020;45.68851417
22.09.2020;50.49207833
23.09.2020;53.81111123
24.09.2020;57.01488721
25.09.2020;81.65190196
26.09.2020;96.2985817
27.09.2020;17.4963495
28.09.2020;56.46608318
29.09.2020;57.95537879
30.09.2020;58.96293701
01.10.2020;62.10267571
02.10.2020;77.13753226
03.10.2020;92.14763296
04.10.2020;17.44295489
05.10.2020;56.11949576
06.10.2020;56.31190604
07.10.2020;58.78183377
08.10.2020;59.02833949
09.10.2020;72.64619351
10.10.2020;87.96390695
11.10.2020;16.40865565
12.10.2020;53.23643557
13.10.2020;53.71372849
14.10.2020;56.08616336
15.10.2020;60.29665097
16.10.2020;74.33392876
17.10.2020;83.81845459
18.10.2020;15.64051041
19.10.2020;49.06221319
20.10.2020;50.63287268
21.10.2020;53.24971071
22.10.2020;55.99589485
23.10.2020;76.36416557
24.10.2020;89.51951721
25.10.2020;15.76408319
26.10.2020;53.77298779
27.10.2020;56.61771845
28.10.2020;58.36591212
29.10.2020;60.06247467
30.10.2020;77.00736768
31.10.2020;89.0622888
01.11.2020;12.09213912
02.11.2020;53.43976631
03.11.2020;52.09690202
04.11.2020;54.54518501
05.11.2020;55.6129098
06.11.2020;71.89097366
07.11.2020;85.49828776
08.11.2020;11.5397351
09.11.2020;46.76403234
10.11.2020;49.7535063
11.11.2020;52.52550541
12.11.2020;53.09884826
13.11.2020;70.56099776
14.11.2020;83.60454593
15.11.2020;12.09448501
16.11.2020;47.64639955
17.11.2020;48.23789242
18.11.2020;50.74610109
19.11.2020;54.76055967
20.11.2020;72.66798946
21.11.2020;87.7988291
22.11.2020;11.68701653
23.11.2020;48.66037667
24.11.2020;52.82909158
25.11.2020;65.21823303
26.11.2020;71.15702771
27.11.2020;104.0752286
28.11.2020;110.1882932
29.11.2020;15.80345327
30.11.2020;62.07705995
01.12.2020;59.53657129
02.12.2020;64.45623876
03.12.2020;67.56678984
04.12.2020;81.90385569
05.12.2020;104.1800385
06.12.2020;14.08285112
07.12.2020;60.57082992
08.12.2020;59.00581396
09.12.2020;63.80858314
10.12.2020;69.0924997
11.12.2020;85.15975099
12.12.2020;91.62352129
13.12.2020;10.29355562
14.12.2020;64.36561144
15.12.2020;67.28857231
16.12.2020;74.92948187
17.12.2020;79.07025233
18.12.2020;97.88746976
19.12.2020;112.0836617
20.12.2020;13.86607424
21.12.2020;95.56920062
22.12.2020;97.90724343
23.12.2020;116.6467821
24.12.2020;86.75262993
25.12.2020;5.647832854
26.12.2020;19.33686817
27.12.2020;9.187648268
28.12.2020;80.11943717
29.12.2020;76.78057838
30.12.2020;89.16680987
31.12.2020;75.0244286
01.01.2021;8.093747599
02.01.2021;48.31827735
03.01.2021;10.04751717
04.01.2021;59.81826182
05.01.2021;55.30480002
06.01.2021;51.6431016
07.01.2021;54.20404792
08.01.2021;68.06441934
09.01.2021;81.59212981
10.01.2021;7.600498403
11.01.2021;50.5980083
12.01.2021;47.2090431
13.01.2021;55.7115547
14.01.2021;59.22035502
15.01.2021;77.07177354
16.01.2021;96.53456424
17.01.2021;5.830869975
18.01.2021;36.46360989
19.01.2021;36.84656524
20.01.2021;38.28709882
21.01.2021;39.50501553
22.01.2021;53.38119631
23.01.2021;58.97315189
24.01.2021;10.08381146
25.01.2021;38.59095599
26.01.2021;42.76241038
27.01.2021;40.85176165
28.01.2021;45.19131561
29.01.2021;60.37295417
30.01.2021;65.94898356
31.01.2021;11.300424
01.02.2021;40.59682874
02.02.2021;41.46759009
03.02.2021;41.47686794
04.02.2021;44.62757404
05.02.2021;58.76970996
06.02.2021;65.34754637
07.02.2021;11.25440479
08.02.2021;39.5700077
09.02.2021;40.19291554
10.02.2021;41.72697827
11.02.2021;43.19261555
12.02.2021;59.40327749
13.02.2021;67.56616904
14.02.2021;16.5761122
15.02.2021;39.96200558
16.02.2021;40.90790293
17.02.2021;41.65308937
18.02.2021;44.16218796
19.02.2021;59.03295656
20.02.2021;64.63625515
21.02.2021;16.15630236
22.02.2021;41.3244469
23.02.2021;41.58386669
24.02.2021;43.07528826
25.02.2021;51.25609936
26.02.2021;69.26508911
27.02.2021;73.69600888
28.02.2021;15.04576933
01.03.2021;65.2191134
02.03.2021;61.9585579
03.03.2021;63.76308015
04.03.2021;64.57628288
05.03.2021;80.71705763
06.03.2021;97.72129433
07.03.2021;14.58631943
08.03.2021;55.79582174
09.03.2021;54.97736851
10.03.2021;57.73457028
11.03.2021;58.55056662
12.03.2021;76.74053325
13.03.2021;93.64240257
14.03.2021;12.70188666
15.03.2021;49.16250575
16.03.2021;52.09750066
17.03.2021;54.45353772
18.03.2021;58.56643623
19.03.2021;71.50135864
20.03.2021;91.45628738
21.03.2021;14.66912418
22.03.2021;50.97385414
23.03.2021;52.25545799
24.03.2021;56.12408923
25.03.2021;66.46077358
26.03.2021;85.75978602
27.03.2021;104.6055473
28.03.2021;16.10101901
29.03.2021;61.07238208
30.03.2021;66.58561774
31.03.2021;80.75079123
01.04.2021;100.0873344
02.04.2021;25.05540587
03.04.2021;112.1593374
04.04.2021;15.40013182
05.04.2021;22.08199482
06.04.2021;66.47842296
07.04.2021;62.068351
08.04.2021;64.16521119
09.04.2021;79.08589473
10.04.2021;93.4282217
11.04.2021;13.43414161
12.04.2021;53.68613547
13.04.2021;55.27341514
14.04.2021;56.75791497
15.04.2021;59.66416573
16.04.2021;75.41592883
17.04.2021;88.89868368
18.04.2021;12.14344513
19.04.2021;53.25879833
20.04.2021;52.88058174
21.04.2021;57.40667973
22.04.2021;60.64604084
23.04.2021;83.29655154
24.04.2021;97.00826016
25.04.2021;17.41409861
26.04.2021;60.42042386
27.04.2021;61.24419656
28.04.2021;63.41109641
29.04.2021;67.62442412
30.04.2021;88.68677044
01.05.2021;72.50506346
02.05.2021;13.48028076
03.05.2021;60.29277288
04.05.2021;59.59322555
05.05.2021;63.30938248
06.05.2021;63.1522782
07.05.2021;84.95738011
08.05.2021;101.0318289
09.05.2021;20.96181552
10.05.2021;54.84446933
11.05.2021;60.19866488
12.05.2021;77.43084796
13.05.2021;16.53282129
14.05.2021;100.6195886
15.05.2021;85.71467363
16.05.2021;15.38075334
17.05.2021;52.76599153
18.05.2021;53.19957751
19.05.2021;56.03118528
20.05.2021;58.42880156
21.05.2021;76.14711481
22.05.2021;95.18995363
23.05.2021;17.12308685
24.05.2021;20.86320042
25.05.2021;64.69103754
26.05.2021;63.01824378
27.05.2021;65.69087921
28.05.2021;84.09457662
29.05.2021;97.94840546
30.05.2021;18.36703138
31.05.2021;60.52002369
01.06.2021;61.73538753
02.06.2021;68.17360784
03.06.2021;59.7954796
04.06.2021;88.01054918
05.06.2021;97.75354077
06.06.2021;18.44575763
07.06.2021;55.59964877
08.06.2021;57.58635397
09.06.2021;61.2586066
10.06.2021;64.95102978
11.06.2021;81.66459933
12.06.2021;91.11962793
13.06.2021;20.23159611
14.06.2021;57.75272125
15.06.2021;59.14436928
16.06.2021;61.50332161
17.06.2021;63.71734648
18.06.2021;79.82938525
19.06.2021;90.77770745
20.06.2021;17.89030678
21.06.2021;54.96102646
22.06.2021;56.83173342
23.06.2021;59.63037292
24.06.2021;61.73877364
25.06.2021;88.16776008
26.06.2021;97.15475681
27.06.2021;21.30222768
28.06.2021;61.93003508
29.06.2021;60.42337659
30.06.2021;68.07944947
01.07.2021;69.4027224
02.07.2021;79.14716374
03.07.2021;92.3567472
04.07.2021;20.17461481
05.07.2021;61.91238403
06.07.2021;60.28577065
07.07.2021;64.42024942
08.07.2021;64.41150588
09.07.2021;78.96545733
10.07.2021;87.39734183
11.07.2021;22.11268112
12.07.2021;56.4365226
13.07.2021;58.10756941
14.07.2021;61.74080623
15.07.2021;61.80844714
16.07.2021;74.69967472
17.07.2021;84.20444166
18.07.2021;21.5419074
19.07.2021;56.82244946
20.07.2021;56.53967158
21.07.2021;57.78352132
22.07.2021;61.50428602
23.07.2021;75.98027556
24.07.2021;83.13507997
25.07.2021;20.738483
26.07.2021;63.86248677
27.07.2021;62.1339087
28.07.2021;64.17757783
29.07.2021;63.29845396
30.07.2021;77.291983
31.07.2021;84.55025982
01.08.2021;19.32065885
02.08.2021;60.60346724
03.08.2021;60.60405643
04.08.2021;64.90581868
05.08.2021;65.18899185
06.08.2021;73.95252189
07.08.2021;81.06180029
08.08.2021;22.36862593
09.08.2021;60.90140678
10.08.2021;60.17142894
11.08.2021;60.59373883
12.08.2021;62.99053864
13.08.2021;77.08218624
14.08.2021;81.34032004
15.08.2021;23.95970857
16.08.2021;60.00557327
17.08.2021;59.63811818
18.08.2021;61.61493921
19.08.2021;63.59016911
20.08.2021;77.39781025
21.08.2021;81.56575976
22.08.2021;22.03304983
23.08.2021;57.39196138
24.08.2021;58.85504543
25.08.2021;68.66656935
26.08.2021;68.23086143
27.08.2021;84.5006013
28.08.2021;95.42522594
29.08.2021;22.75532942
30.08.2021;62.05248819
31.08.2021;62.55601209
01.09.2021;65.04168672
02.09.2021;65.04760325
03.09.2021;80.84991492
04.09.2021;90.06133388
05.09.2021;24.54231311
06.09.2021;57.82722251
07.09.2021;57.94269051
08.09.2021;61.14579329
09.09.2021;59.38389781
10.09.2021;78.44225538
11.09.2021;87.37479304
12.09.2021;23.68598832
13.09.2021;54.37601051
14.09.2021;54.7976602
15.09.2021;59.2636831
16.09.2021;61.07195222
17.09.2021;73.66443128
18.09.2021;84.30940947
19.09.2021;19.36919685
20.09.2021;52.71738938
21.09.2021;55.77523955
22.09.2021;59.14137096
23.09.2021;60.289836
24.09.2021;84.46877168
25.09.2021;93.97603716
26.09.2021;21.55737213
27.09.2021;61.84343028
28.09.2021;62.59593936
29.09.2021;66.21563379
30.09.2021;67.91640092
01.10.2021;83.27040414
02.10.2021;94.82107204
03.10.2021;21.445303
04.10.2021;61.91159333
05.10.2021;61.61747835
06.10.2021;63.96300384
07.10.2021;65.82582688
08.10.2021;80.08830066
09.10.2021;91.9858581
10.10.2021;22.41806824
11.10.2021;57.81907706
12.10.2021;59.70313536
13.10.2021;61.79135265
14.10.2021;63.10872539
15.10.2021;77.71322358
16.10.2021;88.06706502
17.10.2021;21.58555317
18.10.2021;55.55772344
19.10.2021;56.75389791
20.10.2021;58.49172758
21.10.2021;63.31539164
22.10.2021;78.96730159
23.10.2021;89.28498941
24.10.2021;20.88556318
25.10.2021;62.37147258
26.10.2021;63.89108102
27.10.2021;67.0005903
28.10.2021;69.89849536
29.10.2021;89.11914572
30.10.2021;105.3176609
31.10.2021;22.92020116
01.11.2021;53.82164343
02.11.2021;64.05441432
03.11.2021;65.31522473
04.11.2021;67.03483635
05.11.2021;84.81722261
06.11.2021;101.3396899
07.11.2021;20.00651658
08.11.2021;57.08161803
09.11.2021;58.63149784
10.11.2021;64.31897636
11.11.2021;65.69664823
12.11.2021;81.44502001
13.11.2021;100.8101268
14.11.2021;18.68008805
15.11.2021;55.61001067
16.11.2021;57.01440833
17.11.2021;61.07552068
18.11.2021;62.98778356
19.11.2021;79.67883707
20.11.2021;97.56126104
21.11.2021;19.34986557
22.11.2021;55.97774703
23.11.2021;59.21477071
24.11.2021;66.55655351
25.11.2021;83.16424405
26.11.2021;115.7369421
27.11.2021;119.8799578
28.11.2021;23.63681818
29.11.2021;68.78723664
30.11.2021;68.96936526
01.12.2021;74.27707558
02.12.2021;72.94185488
03.12.2021;93.13417415
04.12.2021;110.7098112
05.12.2021;22.98405064
06.12.2021;66.27437607
07.12.2021;68.84003075
08.12.2021;64.14088102
09.12.2021;74.19319275
10.12.2021;84.09230795
11.12.2021;113.3236286
12.12.2021;29.41222614
13.12.2021;66.83967962
14.12.2021;70.42479883
15.12.2021;75.86018949
16.12.2021;79.15121677
17.12.2021;99.42761967
18.12.2021;119.4585938
19.12.2021;42.34639566
20.12.2021;86.35021385
21.12.2021;95.41773788
22.12.2021;107.8555784
23.12.2021;128.8673427
24.12.2021;105.1473165
25.12.2021;15.48550484
26.12.2021;22.21770932
27.12.2021;83.29742185
28.12.2021;79.55430837
29.12.2021;81.66788873
30.12.2021;97.38946859
31.12.2021;84.52465638
01.01.2022;23.44358847
02.01.2022;28.71969807
03.01.2022;70.92093562
04.01.2022;64.23803725
05.01.2022;64.39632686
06.01.2022;63.05210169
07.01.2022;77.20847802
08.01.2022;86.47894907
09.01.2022;18.4843621
10.01.2022;54.89126614
11.01.2022;53.86876855
12.01.2022;56.66134721
13.01.2022;58.6517099
14.01.2022;72.80821055
15.01.2022;87.71258899
16.01.2022;21.8199299
17.01.2022;52.57629083
18.01.2022;53.47773693
19.01.2022;56.56159588
20.01.2022;58.07550803
21.01.2022;74.35065232
22.01.2022;91.31008875
23.01.2022;22.44991879
24.01.2022;53.03284359
25.01.2022;60.66130094
26.01.2022;63.58257484
27.01.2022;65.57585339
28.01.2022;84.07232127
29.01.2022;100.9407271
30.01.2022;24.65520559
31.01.2022;60.43802978
01.02.2022;58.78293448
02.02.2022;61.58711096
03.02.2022;64.44256085
04.02.2022;81.5104169
05.02.2022;98.05114585
06.02.2022;24.95498679
07.02.2022;57.22821939
08.02.2022;58.18695799
09.02.2022;60.33529753
10.02.2022;63.68512497
11.02.2022;80.68857879
12.02.2022;97.42764114
13.02.2022;28.60025149
14.02.2022;63.15264973
15.02.2022;55.89645486
16.02.2022;58.6040548
17.02.2022;63.38034646
18.02.2022;79.9920358
19.02.2022;99.46314707
20.02.2022;28.30963143
21.02.2022;56.32631139
22.02.2022;58.23418479
23.02.2022;61.55688303
24.02.2022;64.3084787
25.02.2022;93.64515368
26.02.2022;106.9901465
27.02.2022;32.11205778
28.02.2022;70.37146682
01.03.2022;66.6585978
02.03.2022;69.18397313
03.03.2022;70.9587184
04.03.2022;90.09570524
05.03.2022;104.4825968
06.03.2022;29.37943415
07.03.2022;63.40426242
08.03.2022;63.05209957
09.03.2022;64.65531866
10.03.2022;67.15557562
11.03.2022;83.18298603
12.03.2022;99.79850734
13.03.2022;26.514603
14.03.2022;58.01808949
15.03.2022;58.87850702
16.03.2022;61.3621719
17.03.2022;63.46397944
18.03.2022;81.62824652
19.03.2022;94.70981503
20.03.2022;25.64258964
21.03.2022;57.79331418
22.03.2022;58.52129151
23.03.2022;62.56816541
24.03.2022;66.45273842
25.03.2022;94.62182003
26.03.2022;110.2229531
27.03.2022;27.00295022
28.03.2022;64.44817282
29.03.2022;65.3050415
30.03.2022;69.3071039
31.03.2022;70.31708519
01.04.2022;85.52400618
02.04.2022;104.4202611
03.04.2022;23.95600821
04.04.2022;64.10280628
05.04.2022;64.50069107
06.04.2022;68.07523824
07.04.2022;68.40940802
08.04.2022;85.95214387
09.04.2022;104.0271479
10.04.2022;24.77714311
11.04.2022;64.80531203
12.04.2022;68.12853563
13.04.2022;78.17945907
14.04.2022;95.37652806
15.04.2022;32.00123631
16.04.2022;105.5781016
17.04.2022;22.47135694
18.04.2022;27.71167704
19.04.2022;67.33185562
20.04.2022;64.02414629
21.04.2022;65.64702226
22.04.2022;80.21519334
23.04.2022;91.34159522
24.04.2022;19.52626974
25.04.2022;65.87809144
26.04.2022;66.38652849
27.04.2022;69.76936608
28.04.2022;72.66839483
29.04.2022;89.30706255
30.04.2022;105.0712985
01.05.2022;23.2921691
02.05.2022;65.96969007
03.05.2022;65.89980103
04.05.2022;69.49659946
05.05.2022;70.59161013
06.05.2022;89.31937934
07.05.2022;105.388715
08.05.2022;27.72059497
09.05.2022;61.35128737
10.05.2022;65.44042793
11.05.2022;68.48788409
12.05.2022;69.53638247
13.05.2022;86.89255611
14.05.2022;99.64522444
15.05.2022;24.45713325
16.05.2022;62.23572813
17.05.2022;67.15489668
18.05.2022;68.22597086
19.05.2022;72.24978909
20.05.2022;89.04483825
21.05.2022;98.10066474
22.05.2022;23.52172116
23.05.2022;60.70020141
24.05.2022;68.35484157
25.05.2022;94.85965357
26.05.2022;30.47550466
27.05.2022;113.633652
28.05.2022;95.70020215
29.05.2022;25.69289561
30.05.2022;70.1418477
31.05.2022;68.7316274
01.06.2022;70.66419112
02.06.2022;73.49602455
03.06.2022;90.58554857
04.06.2022;104.2848878
05.06.2022;24.68723375
06.06.2022;30.50614254
07.06.2022;74.23153725
08.06.2022;71.60497809
09.06.2022;69.87392703
10.06.2022;87.40664151
11.06.2022;96.60852168
12.06.2022;26.26758693
13.06.2022;65.3734843
14.06.2022;66.4552444
15.06.2022;72.17288207
16.06.2022;65.94943954
17.06.2022;91.68036086
18.06.2022;93.30590961
19.06.2022;26.29400368
20.06.2022;65.56235031
21.06.2022;64.58269987
22.06.2022;68.40634511
23.06.2022;69.18375599
24.06.2022;91.33057397
25.06.2022;103.3424563
26.06.2022;27.19907767
27.06.2022;71.5789863
28.06.2022;73.02748717
29.06.2022;75.49751954
30.06.2022;77.19145114
01.07.2022;95.42028635
02.07.2022;101.4519407
03.07.2022;27.94567033
04.07.2022;70.15010151
05.07.2022;71.78835609
06.07.2022;74.43924157
07.07.2022;76.83247779
08.07.2022;90.11979937
09.07.2022;96.13196391
10.07.2022;27.65699825
11.07.2022;69.58108887
12.07.2022;69.0671552
13.07.2022;69.41451242
14.07.2022;71.48222586
15.07.2022;85.81163613
16.07.2022;92.14831646
17.07.2022;27.83932009
18.07.2022;66.51808577
19.07.2022;64.69782798
20.07.2022;66.13123651
21.07.2022;69.48082938
22.07.2022;80.58900797
23.07.2022;87.51501736
24.07.2022;27.19707784
25.07.2022;70.22672817
26.07.2022;70.95977505
27.07.2022;70.39657474
28.07.2022;72.2929472
29.07.2022;89.44225681
30.07.2022;95.29761219
31.07.2022;28.74914984
01.08.2022;26.70777001
02.08.2022;76.96300027
03.08.2022;70.20153173
04.08.2022;70.88086854
05.08.2022;83.99664218
06.08.2022;91.7399146
07.08.2022;26.73691208
08.08.2022;69.9578924
09.08.2022;67.95393593
10.08.2022;70.20657658
11.08.2022;71.62924716
12.08.2022;85.69975044
13.08.2022;90.46320882
14.08.2022;28.54596905
15.08.2022;61.58525984
16.08.2022;68.56402049
17.08.2022;69.37661913
18.08.2022;71.46588853
19.08.2022;84.32916569
20.08.2022;94.6509089
21.08.2022;27.2294462
22.08.2022;62.83564879
23.08.2022;64.28171216
24.08.2022;69.00041128
25.08.2022;79.77830336
26.08.2022;95.06443312
27.08.2022;101.7920961
28.08.2022;27.63805899
29.08.2022;68.55154356
30.08.2022;68.58822437
31.08.2022;73.61508183
01.09.2022;73.14102925
02.09.2022;86.38799566
03.09.2022;98.10531062
04.09.2022;27.33866249
05.09.2022;64.02740907
06.09.2022;64.42572769
07.09.2022;68.66140245
08.09.2022;65.87717349
09.09.2022;83.59289463
10.09.2022;95.01936034
11.09.2022;26.89386803
12.09.2022;61.59477879
13.09.2022;61.59085139
14.09.2022;66.61821982
15.09.2022;67.01211692
16.09.2022;83.53918631
17.09.2022;97.3435582
18.09.2022;25.9120985
19.09.2022;56.86902384
20.09.2022;62.18427424
21.09.2022;65.69014005
22.09.2022;66.63457585
23.09.2022;87.4934523
24.09.2022;102.5891389
25.09.2022;24.09481564
26.09.2022;67.68394886
27.09.2022;67.75954949
28.09.2022;70.90327723
29.09.2022;74.16331429
30.09.2022;91.0937126
01.10.2022;104.6639707
02.10.2022;24.68130313
03.10.2022;67.35266825
04.10.2022;64.9980833
05.10.2022;67.21033795
06.10.2022;68.45104074
07.10.2022;83.18396473
08.10.2022;96.81758732
09.10.2022;24.53303253
10.10.2022;55.88110015
11.10.2022;61.5741268
12.10.2022;64.75688547
13.10.2022;66.69974206
14.10.2022;81.45797498
15.10.2022;92.29338137
16.10.2022;24.92341057
17.10.2022;59.0691535
18.10.2022;59.74517231
19.10.2022;62.39071693
20.10.2022;65.38344702
21.10.2022;81.51765442
22.10.2022;92.39082086
23.10.2022;23.17716629
24.10.2022;58.71340512
25.10.2022;71.58665677
26.10.2022;72.91442774
27.10.2022;74.99662524
28.10.2022;93.24903598
29.10.2022;104.5805957
30.10.2022;27.14521064
31.10.2022;73.02625227
01.11.2022;59.39166986
02.11.2022;71.69909279
03.11.2022;70.56797767
04.11.2022;90.04359424
05.11.2022;107.6803765
06.11.2022;23.26672698
07.11.2022;63.21109202
08.11.2022;62.64685029
09.11.2022;66.954244
10.11.2022;70.53375899
11.11.2022;86.72545354
12.11.2022;104.6142912
13.11.2022;22.65206814
14.11.2022;59.72696461
15.11.2022;61.22397569
16.11.2022;65.63300738
17.11.2022;66.62494193
18.11.2022;84.23230949
19.11.2022;102.3460302
20.11.2022;21.39548306
21.11.2022;59.92185125
22.11.2022;63.092931
23.11.2022;68.38727992
24.11.2022;74.24984261
25.11.2022;121.1540314
26.11.2022;123.2966686
27.11.2022;27.41618225
28.11.2022;70.75250767
29.11.2022;71.99298917
30.11.2022;77.58271534
01.12.2022;80.36852289
02.12.2022;95.66556829
03.12.2022;114.2646414
04.12.2022;25.87997579
05.12.2022;72.07435317
06.12.2022;73.22328072
07.12.2022;76.97922313
08.12.2022;78.14762167
09.12.2022;95.91112618
10.12.2022;116.8742908
11.12.2022;33.90040271
12.12.2022;73.43743531
13.12.2022;73.8292763
14.12.2022;78.58087941
15.12.2022;83.78988253
16.12.2022;102.2003573
17.12.2022;127.0209351
18.12.2022;44.01825476
19.12.2022;84.07269103
20.12.2022;91.86308543
21.12.2022;101.8259762
22.12.2022;113.3618986
23.12.2022;139.7537396
24.12.2022;102.8479044
25.12.2022;18.90249227
26.12.2022;36.10795269
27.12.2022;89.34089239
28.12.2022;84.38140337
29.12.2022;88.80720054
30.12.2022;102.5903486
31.12.2022;85.1489155
01.01.2023;26.1587029
02.01.2023;52.27645124
03.01.2023;75.13386278
04.01.2023;71.06911004
05.01.2023;74.0060263
06.01.2023;83.77259712
07.01.2023;90.62054388
08.01.2023;22.10119035
09.01.2023;60.43657511
10.01.2023;61.60455391
11.01.2023;62.5774859
12.01.2023;65.3083085
13.01.2023;79.87897776
14.01.2023;97.65131384
15.01.2023;23.00687755
16.01.2023;57.91128388
17.01.2023;56.79863432
18.01.2023;60.90279082
19.01.2023;65.82902335
20.01.2023;82.67507362
21.01.2023;99.28645702
22.01.2023;25.54306069
23.01.2023;58.82221345
24.01.2023;61.30116639
25.01.2023;72.87853195
26.01.2023;73.75579865
27.01.2023;94.03728064
28.01.2023;110.9181206
29.01.2023;30.07881275
30.01.2023;67.34837957
31.01.2023;68.18094005
01.02.2023;70.32025531
02.02.2023;71.11520591
03.02.2023;88.94711336
04.02.2023;105.0604842
05.02.2023;28.96045741
06.02.2023;63.27259552
07.02.2023;63.58398108
08.02.2023;66.40193414
09.02.2023;68.92344612
10.02.2023;87.06710947
11.02.2023;102.260573
12.02.2023;30.83429989
13.02.2023;63.68346435
14.02.2023;69.95219811
15.02.2023;65.05493915
16.02.2023;65.522168
17.02.2023;84.35366765
18.02.2023;98.37395415
19.02.2023;30.09651736
20.02.2023;62.30033931
21.02.2023;61.52101719
22.02.2023;64.73427195
23.02.2023;68.41946756
24.02.2023;95.48092389
25.02.2023;110.9161954
26.02.2023;29.5027839
27.02.2023;70.47196679
28.02.2023;70.22535482
01.03.2023;70.60721405
02.03.2023;73.80572192
03.03.2023;92.54871286
04.03.2023;107.6876037
05.03.2023;29.00717772
06.03.2023;62.43538744
07.03.2023;65.35370292
08.03.2023;68.1548804
09.03.2023;69.7017978
10.03.2023;86.73276634
11.03.2023;103.6612526
12.03.2023;26.98670982
13.03.2023;60.79570623
14.03.2023;60.93182075
15.03.2023;66.57394113
16.03.2023;68.25410829
17.03.2023;86.38229205
18.03.2023;102.1584002
19.03.2023;25.99345325
20.03.2023;60.58230824
21.03.2023;61.96371542
22.03.2023;66.01795878
23.03.2023;68.24799798
24.03.2023;94.83801257
25.03.2023;114.284062
26.03.2023;25.77646483
27.03.2023;67.66617188
28.03.2023;68.1519181
29.03.2023;71.69368459
30.03.2023;74.59202524
31.03.2023;92.08553114
01.04.2023;112.9380017
02.04.2023;26.24306092
03.04.2023;71.28944452
04.04.2023;74.60567155
05.04.2023;86.10808887
06.04.2023;102.9867213
07.04.2023;34.58648163
08.04.2023;114.9358152
09.04.2023;25.4792853
10.04.2023;30.07045726
11.04.2023;72.20144815
12.04.2023;67.55903564
13.04.2023;69.11842721
14.04.2023;83.30247222
15.04.2023;96.3122287
16.04.2023;21.44018716
17.04.2023;60.61657617
18.04.2023;61.0492452
19.04.2023;64.16059772
20.04.2023;67.45123156
21.04.2023;82.82634153
22.04.2023;93.65652604
23.04.2023;22.3140821
24.04.2023;62.19886859
25.04.2023;71.848933
26.04.2023;73.83159984
27.04.2023;75.88069695
28.04.2023;95.33833157
29.04.2023;109.6351515
30.04.2023;26.30480789
01.05.2023;59.29590865
02.05.2023;72.02714363
03.05.2023;71.57949006
04.05.2023;73.66642193
05.05.2023;92.40459997
06.05.2023;103.1523784
07.05.2023;24.02845599
08.05.2023;66.97737165
09.05.2023;66.16313241
10.05.2023;71.48119973
11.05.2023;71.86100112
12.05.2023;89.06089924
13.05.2023;105.904816
14.05.2023;27.53982092
15.05.2023;61.25645937
16.05.2023;66.00690864
17.05.2023;83.11432484
18.05.2023;27.03359374
19.05.2023;102.4457271
20.05.2023;87.39377678
21.05.2023;25.16148138
22.05.2023;63.6772153
23.05.2023;65.38303824
24.05.2023;70.46503682
25.05.2023;81.75631012
26.05.2023;102.3849438
27.05.2023;117.2709298
28.05.2023;28.99292478
29.05.2023;33.14080391
30.05.2023;83.12986429
31.05.2023;79.97940029
01.06.2023;80.52890171
02.06.2023;98.22287884
03.06.2023;110.6663913
04.06.2023;26.41571433
05.06.2023;72.04392033
06.06.2023;72.98634322
07.06.2023;79.47757453
08.06.2023;70.06557177
09.06.2023;97.60705208
10.06.2023;104.268451
11.06.2023;27.71901953
12.06.2023;63.4612406
13.06.2023;70.19244384
14.06.2023;73.84425014
15.06.2023;75.21405659
16.06.2023;90.37395591
17.06.2023;100.842508
18.06.2023;27.79532808
19.06.2023;67.0595387
20.06.2023;67.20622784
21.06.2023;71.1041163
22.06.2023;71.26748865
23.06.2023;97.93269406
24.06.2023;107.0773746
25.06.2023;29.47848308
26.06.2023;76.03693788
27.06.2023;77.08355025
28.06.2023;79.93377607
29.06.2023;78.01585877
30.06.2023;96.5033443
01.07.2023;108.1844576
02.07.2023;28.59636984
03.07.2023;74.03555717
04.07.2023;73.52827695
05.07.2023;77.70927894
06.07.2023;78.64035169
07.07.2023;92.96865452
08.07.2023;100.7817634
09.07.2023;29.78847497
10.07.2023;71.88716457
11.07.2023;68.93972118
12.07.2023;73.16223009
13.07.2023;75.94295289
14.07.2023;87.22029367
15.07.2023;93.09185609
16.07.2023;28.25276487
17.07.2023;67.70200022
18.07.2023;66.44623739
19.07.2023;68.13823398
20.07.2023;70.46225061
21.07.2023;83.41658449
22.07.2023;88.20379017
23.07.2023;27.50905658
24.07.2023;65.78201972
25.07.2023;73.08459526
26.07.2023;73.11175829
27.07.2023;73.42590895
28.07.2023;86.04905611
29.07.2023;91.39762522
30.07.2023;27.72317722
31.07.2023;88.30655754
01.08.2023;24.36460167
02.08.2023;74.84511257
03.08.2023;73.73355237
04.08.2023;87.80180573
05.08.2023;91.07389159
06.08.2023;26.06113395
07.08.2023;72.5598255
08.08.2023;70.15618473
09.08.2023;71.09257485
10.08.2023;73.8701375
11.08.2023;85.90797345
12.08.2023;92.46240254
13.08.2023;30.14484502
14.08.2023;73.60620055
15.08.2023;63.29797253
16.08.2023;73.79021917
17.08.2023;74.43393098
18.08.2023;88.35208877
19.08.2023;94.99051392
20.08.2023;29.23517366
21.08.2023;66.40032629
22.08.2023;66.13810887
23.08.2023;68.42898618
24.08.2023;69.7452917
25.08.2023;97.67149306
26.08.2023;105.713855
27.08.2023;26.45953048
28.08.2023;70.94336591
29.08.2023;71.92256432
30.08.2023;75.28891296
31.08.2023;74.80752087
01.09.2023;89.33959478
02.09.2023;97.22709977
03.09.2023;28.90260045
04.09.2023;66.87543421
05.09.2023;66.95363668
06.09.2023;70.63295702
07.09.2023;67.2276718
08.09.2023;85.84830541
09.09.2023;92.83258224
10.09.2023;28.66274392
11.09.2023;63.17996705
12.09.2023;63.03990029
13.09.2023;68.6877012
14.09.2023;68.64677344
15.09.2023;82.37154703
16.09.2023;93.15103595
17.09.2023;27.63038606
18.09.2023;57.88723798
19.09.2023;63.80883381
20.09.2023;65.58638286
21.09.2023;66.45843569
22.09.2023;85.23103656
23.09.2023;97.44585526
24.09.2023;26.91879574
25.09.2023;70.68310065
26.09.2023;69.77045561
27.09.2023;73.37851855
28.09.2023;75.31942211
29.09.2023;92.29279411
30.09.2023;103.8955569
01.10.2023;29.22704794
02.10.2023;69.32999735
03.10.2023;68.80927506
04.10.2023;70.00129555
05.10.2023;71.42683807
06.10.2023;86.22324536
07.10.2023;95.90796848
08.10.2023;27.33925442
09.10.2023;63.61182983
10.10.2023;64.64564144
11.10.2023;65.97402539
12.10.2023;68.17785518
13.10.2023;81.11458189
14.10.2023;95.54126204
15.10.2023;23.9417104
16.10.2023;62.66108124
17.10.2023;62.54271869
18.10.2023;65.32271548
19.10.2023;66.54232556
20.10.2023;81.81376479
21.10.2023;95.62035334
22.10.2023;23.68688058
23.10.2023;59.19457451
24.10.2023;61.56832803
25.10.2023;75.58706713
26.10.2023;76.11498549
27.10.2023;95.5978258
28.10.2023;107.5628731
29.10.2023;25.65498367
30.10.2023;68.49490887
31.10.2023;72.12726615
01.11.2023;63.38355495
02.11.2023;73.07108446
03.11.2023;91.78369509
04.11.2023;107.7401149
05.11.2023;21.98351425
06.11.2023;64.27906695
07.11.2023;65.33817807
08.11.2023;69.13059141
09.11.2023;70.40505183
10.11.2023;88.45967114
11.11.2023;105.7260824
12.11.2023;20.92195178
13.11.2023;59.85300165
14.11.2023;59.52418934
15.11.2023;66.68676818
16.11.2023;67.96837756
17.11.2023;85.45219759
18.11.2023;102.8806621
19.11.2023;21.3107243
20.11.2023;60.9913372
21.11.2023;63.18055074
22.11.2023;68.86755871
23.11.2023;75.99423719
24.11.2023;117.2706983
25.11.2023;124.0312979
26.11.2023;27.4148138
27.11.2023;72.54654526
28.11.2023;71.38465707
29.11.2023;79.31502524
30.11.2023;74.66436102
01.12.2023;98.64425805
02.12.2023;112.4420089
03.12.2023;28.45785407
04.12.2023;73.07567508
05.12.2023;77.06951898
06.12.2023;80.11305952
07.12.2023;82.61340062
08.12.2023;92.51025194
09.12.2023;115.6509209
10.12.2023;31.90888491
11.12.2023;69.33417259
12.12.2023;72.12389319
13.12.2023;76.24461384
14.12.2023;80.71892728
15.12.2023;102.9146508
16.12.2023;122.3809318
17.12.2023;44.19173536
18.12.2023;81.06986234
19.12.2023;88.04162461
20.12.2023;99.57472481
21.12.2023;109.2513901
22.12.2023;138.7176422
23.12.2023;145.4138358
24.12.2023;28.25293822
25.12.2023;20.28948053
26.12.2023;41.79191883
27.12.2023;95.46905359
28.12.2023;91.27415663
29.12.2023;104.1300301
30.12.2023;109.0341035
31.12.2023;32.67885368
01.01.2024;26.83061158
02.01.2024;59.08047477
03.01.2024;82.13126196
04.01.2024;77.530304
05.01.2024;89.4211653
06.01.2024;91.53896794
07.01.2024;22.40604665
08.01.2024;61.7404161
09.01.2024;60.27233799
10.01.2024;64.24637724
11.01.2024;65.81705147
12.01.2024;81.73797403
13.01.2024;97.16838165
14.01.2024;25.27129501
15.01.2024;59.42743022
16.01.2024;60.0015004
17.01.2024;61.37229854
18.01.2024;63.54777814
19.01.2024;80.1707328
20.01.2024;96.56548262
21.01.2024;25.5494293
22.01.2024;56.77012299
23.01.2024;59.05363401
24.01.2024;63.8557522
25.01.2024;73.37805622
26.01.2024;91.2303282
27.01.2024;107.6004576
28.01.2024;29.13373284
29.01.2024;65.93675161
30.01.2024;66.00596407
31.01.2024;70.20078097
01.02.2024;70.14999746
02.02.2024;88.66816484
03.02.2024;102.7721544
04.02.2024;28.95818689
05.02.2024;64.20487203
06.02.2024;63.7711501
07.02.2024;67.20238925
08.02.2024;66.77869639
09.02.2024;84.33502144
10.02.2024;100.9543354
11.02.2024;28.80212649
12.02.2024;63.84310086
13.02.2024;64.4214351
14.02.2024;73.49669814
15.02.2024;67.85119612
16.02.2024;85.99249465
17.02.2024;100.830623
18.02.2024;30.13118733
19.02.2024;60.13087049
20.02.2024;60.34524225
21.02.2024;62.67884753
22.02.2024;64.50381842
23.02.2024;92.3848017
24.02.2024;107.4150145
25.02.2024;29.36727062
26.02.2024;67.08766936
27.02.2024;68.02392415
28.02.2024;71.47425386
29.02.2024;73.54663954
01.03.2024;90.59318073
02.03.2024;107.216101
03.03.2024;27.66991489
04.03.2024;65.76786967
05.03.2024;65.86597909
06.03.2024;67.34459148
07.03.2024;71.13863452
08.03.2024;89.44311746
09.03.2024;103.8386375
10.03.2024;25.72258761
11.03.2024;61.67501818
12.03.2024;61.97828131
13.03.2024;65.30663443
14.03.2024;66.61389858
15.03.2024;86.49199551
16.03.2024;101.7263084
17.03.2024;26.00172786
18.03.2024;60.98012621
19.03.2024;60.59208323
20.03.2024;65.52014236
21.03.2024;68.85691952
22.03.2024;86.23410345
23.03.2024;105.6287177
24.03.2024;25.52029199
25.03.2024;75.30884866
26.03.2024;78.33744678
27.03.2024;90.74019159
28.03.2024;106.4431651
29.03.2024;35.59512734
30.03.2024;119.6463891
31.03.2024;23.88460979
01.04.2024;28.75642381
02.04.2024;74.81570924
03.04.2024;70.00071929
04.04.2024;71.24547812
05.04.2024;87.95658508
06.04.2024;99.99519478
07.04.2024;24.90705735
08.04.2024;66.19725431
09.04.2024;66.69928028
10.04.2024;70.09379388
11.04.2024;71.04383128
12.04.2024;87.25394541
13.04.2024;99.55265236
14.04.2024;25.49575316
15.04.2024;62.58170075
16.04.2024;63.18041544
17.04.2024;64.65611047
18.04.2024;64.88954645
19.04.2024;81.61286715
20.04.2024;97.46506117
21.04.2024;21.67607889
22.04.2024;58.17029626
23.04.2024;60.56772917
24.04.2024;65.0683654
25.04.2024;77.68918324
26.04.2024;95.0386873
27.04.2024;105.3784286
28.04.2024;24.03650984
29.04.2024;68.75530031
30.04.2024;74.86607246
01.05.2024;61.4582448
02.05.2024;75.25840207
03.05.2024;92.15052784
04.05.2024;100.7984663
05.05.2024;23.06681847
06.05.2024;65.82499129
07.05.2024;70.14638543
08.05.2024;88.49791104
09.05.2024;28.58129696
10.05.2024;107.7009656
11.05.2024;94.58759391
12.05.2024;29.14242867
13.05.2024;64.58383602
14.05.2024;65.29706271
15.05.2024;68.42061418
16.05.2024;69.05108542
17.05.2024;89.24075563
18.05.2024;104.7269051
19.05.2024;25.71983527
20.05.2024;29.2527439
21.05.2024;70.05741549
22.05.2024;68.19943535
23.05.2024;69.47381723
24.05.2024;95.96171684
25.05.2024;107.768182
26.05.2024;26.08893347
27.05.2024;69.33794575
28.05.2024;71.4437327
29.05.2024;76.2356732
30.05.2024;68.09112185
31.05.2024;95.05569815
01.06.2024;103.5775877
02.06.2024;24.60433081
03.06.2024;66.9789132
04.06.2024;68.37418311
05.06.2024;71.92354358
06.06.2024;72.43075876
07.06.2024;89.86211082
08.06.2024;101.6672018
09.06.2024;24.6120502
10.06.2024;67.11723923
11.06.2024;66.83337153
12.06.2024;71.22152233
13.06.2024;71.77509765
14.06.2024;87.04033311
15.06.2024;96.53740614
16.06.2024;26.33358249
17.06.2024;65.21884402
18.06.2024;65.68341554
19.06.2024;69.00022298
20.06.2024;70.77982457
21.06.2024;83.35035818
22.06.2024;95.92251841
23.06.2024;25.41700706
24.06.2024;66.01500836
25.06.2024;76.08835355
26.06.2024;79.87605114
27.06.2024;80.1514274
28.06.2024;95.33977679
29.06.2024;100.6004785
30.06.2024;26.81690382
01.07.2024;74.58437521
02.07.2024;72.44431468
03.07.2024;75.65291927
04.07.2024;75.5743917
05.07.2024;86.88198567
06.07.2024;97.63714176
07.07.2024;27.01024654
08.07.2024;70.5318323
09.07.2024;68.92795157
10.07.2024;74.50034486
11.07.2024;73.2412463
12.07.2024;86.52554299
13.07.2024;98.41079998
14.07.2024;28.96722725
15.07.2024;66.89227486
16.07.2024;67.36869679
17.07.2024;68.08733709
18.07.2024;69.81152922
19.07.2024;80.50146376
20.07.2024;84.93232777
21.07.2024;26.34187752
22.07.2024;67.39934779
23.07.2024;64.80081589
24.07.2024;67.94099848
25.07.2024;77.16253193
26.07.2024;87.99292801
27.07.2024;90.01849727
28.07.2024;27.62507034
29.07.2024;74.10178752
30.07.2024;73.36810803
31.07.2024;85.55964229
01.08.2024;26.67334468
02.08.2024;92.00022635
03.08.2024;85.16598472
04.08.2024;28.54891701
05.08.2024;72.87355574
06.08.2024;70.98775236
07.08.2024;73.77738597
08.08.2024;74.47174553
09.08.2024;85.23472115
10.08.2024;90.28920968
11.08.2024;30.05804424
12.08.2024;69.92065955
13.08.2024;69.36821562
14.08.2024;75.5760007
15.08.2024;66.60088137
16.08.2024;89.30877469
17.08.2024;97.31428988
18.08.2024;25.93913783
19.08.2024;66.86229892
20.08.2024;64.86616897
21.08.2024;68.65712684
22.08.2024;68.78472815
23.08.2024;92.74307736
24.08.2024;95.95256845
25.08.2024;27.01627545
26.08.2024;72.68663533
27.08.2024;71.26177741
28.08.2024;75.82436661
29.08.2024;74.40947875
30.08.2024;89.83675325
31.08.2024;96.45307904
01.09.2024;27.97460748
02.09.2024;68.51854847
03.09.2024;66.50071689
04.09.2024;70.77416696
05.09.2024;67.19727238
06.09.2024;88.19268352
07.09.2024;90.07034932
08.09.2024;25.27544512
09.09.2024;65.60183886
10.09.2024;65.08552912
11.09.2024;67.18409503
12.09.2024;68.95587451
13.09.2024;83.65931943
14.09.2024;97.16125284
15.09.2024;26.16585593
16.09.2024;58.31125221
17.09.2024;62.89715067
18.09.2024;65.26408818
19.09.2024;65.68890306
20.09.2024;80.94500654
21.09.2024;90.1199067
22.09.2024;25.09984811
23.09.2024;60.50921205
24.09.2024;62.17463811
25.09.2024;73.74505467
26.09.2024;71.98643546
27.09.2024;92.32812633
28.09.2024;102.7878887
29.09.2024;26.60913941
30.09.2024;68.34192397
01.10.2024;66.46917606
02.10.2024;69.10936041
03.10.2024;70.97192311
04.10.2024;85.65050531
05.10.2024;95.2712386
06.10.2024;25.08911843
07.10.2024;62.85428664
08.10.2024;62.7288121
09.10.2024;64.63333739
10.10.2024;67.04889752
11.10.2024;78.9932901
12.10.2024;89.69944769
13.10.2024;22.96819533
14.10.2024;60.22450292
15.10.2024;59.49909141
16.10.2024;62.18419908
17.10.2024;63.54255466
18.10.2024;80.11366891
19.10.2024;90.59995728
20.10.2024;23.33926928
21.10.2024;57.01710592
22.10.2024;58.85982859
23.10.2024;62.60684732
24.10.2024;66.08730585
25.10.2024;93.95326589
26.10.2024;103.9759233
27.10.2024;25.759912
28.10.2024;66.76160864
29.10.2024;66.48954556
30.10.2024;71.39296195
31.10.2024;75.70735605
01.11.2024;75.78989888
02.11.2024;104.8478467
03.11.2024;23.89321325
04.11.2024;63.53220687
05.11.2024;60.719461
06.11.2024;66.81884346
07.11.2024;68.78507053
08.11.2024;85.25870899
09.11.2024;100.710407
10.11.2024;22.94619176
11.11.2024;60.66527945
12.11.2024;61.05534676
13.11.2024;65.30956912
14.11.2024;66.77143665
15.11.2024;83.82177758
16.11.2024;100.7569283
17.11.2024;21.66549592
18.11.2024;59.05705064
19.11.2024;60.47187945
20.11.2024;65.35358305
21.11.2024;62.50340591
22.11.2024;81.13265141
23.11.2024;106.0970288
24.11.2024;22.62258397
25.11.2024;75.45979123
26.11.2024;76.2947281
27.11.2024;80.81095675
28.11.2024;82.92390729
29.11.2024;114.2541454
30.11.2024;121.4298544
01.12.2024;29.74221596
02.12.2024;72.53061236
03.12.2024;71.598255
04.12.2024;75.59247868
05.12.2024;78.19596408
06.12.2024;93.5084797
07.12.2024;108.9051709
08.12.2024;27.72957551
09.12.2024;67.95881102
10.12.2024;71.79213146
11.12.2024;75.36391885
12.12.2024;77.61074765
13.12.2024;94.98499314
14.12.2024;114.4134729
15.12.2024;35.28368338
16.12.2024;75.25604594
17.12.2024;78.6459663
18.12.2024;87.37185171
19.12.2024;90.72007144
20.12.2024;118.2875241
21.12.2024;128.059037
22.12.2024;49.89066385
23.12.2024;131.1669936
24.12.2024;94.30533837
25.12.2024;20.59290229
26.12.2024;42.18119163
27.12.2024;103.81723
28.12.2024;94.14406069
29.12.2024;33.74665568
30.12.2024;108.136026
31.12.2024;87.62706173
01.01.2025;26.82326885
02.01.2025;60.85748672
03.01.2025;96.53042093
04.01.2025;91.6563122
05.01.2025;24.93939781
06.01.2025;66.13873574
07.01.2025;62.94025607
08.01.2025;63.5547849
09.01.2025;64.16286233
10.01.2025;80.77414278
11.01.2025;97.42793043
12.01.2025;25.02953924
13.01.2025;58.87149458
14.01.2025;58.50433279
15.01.2025;62.27753167
16.01.2025;63.18124225
17.01.2025;79.83321579
18.01.2025;94.51766771
19.01.2025;25.7975901
20.01.2025;58.12002497
21.01.2025;57.8666944
22.01.2025;61.07866606
23.01.2025;63.71250247
24.01.2025;90.14896248
25.01.2025;103.5319647
26.01.2025;28.28233467
27.01.2025;63.73744942
28.01.2025;64.73418465
29.01.2025;67.53395922
30.01.2025;69.1552012
31.01.2025;87.52775229
01.02.2025;103.9114697
02.02.2025;30.26935437
03.02.2025;64.84109959
04.02.2025;62.92827688
05.02.2025;65.83407411
06.02.2025;66.87486241
07.02.2025;84.96467285
08.02.2025;99.57564031
09.02.2025;28.25450857
10.02.2025;61.5483761
11.02.2025;59.40297679
12.02.2025;63.13889206
13.02.2025;65.40076256
14.02.2025;88.8459458
15.02.2025;98.9030185
16.02.2025;30.1636533
17.02.2025;61.49002208
18.02.2025;60.17550546
19.02.2025;62.9212814
20.02.2025;64.6431497
21.02.2025;82.41573069
22.02.2025;95.95300476
23.02.2025;28.80961142
24.02.2025;61.8742565
25.02.2025;70.81053139
26.02.2025;71.98900814
27.02.2025;72.87821296
28.02.2025;93.37377635
01.03.2025;103.4396663
02.03.2025;30.02011466
03.03.2025;67.83410486
04.03.2025;65.38492064
05.03.2025;68.67757393
06.03.2025;70.26658324
07.03.2025;89.30747808
08.03.2025;101.6411834
09.03.2025;27.85783236
10.03.2025;62.97051973
11.03.2025;60.83005008
12.03.2025;63.36720302
13.03.2025;65.38299498
14.03.2025;83.02588057
15.03.2025;98.45975279
16.03.2025;24.27250519
17.03.2025;59.17799316
18.03.2025;60.42806428
19.03.2025;61.121103
20.03.2025;65.62544486
21.03.2025;83.70775393
22.03.2025;98.03981131
23.03.2025;24.29117298
24.03.2025;60.75768692
25.03.2025;69.59023486
26.03.2025;71.21458597
27.03.2025;74.32083612
28.03.2025;93.74892447
29.03.2025;110.1745015
30.03.2025;26.19330143
31.03.2025;66.50939707
01.04.2025;66.17259481
02.04.2025;69.46570991
03.04.2025;71.16520995
04.04.2025;90.94442709
05.04.2025;103.2610629
06.04.2025;26.64083957
07.04.2025;67.38310589
08.04.2025;66.05901668
09.04.2025;68.44272919
10.04.2025;71.7334629
11.04.2025;86.81798763
12.04.2025;99.04743403
13.04.2025;23.77202729
14.04.2025;67.83231228
15.04.2025;69.78787488
16.04.2025;77.74268048
17.04.2025;92.45547317
18.04.2025;30.24952088
19.04.2025;104.9199572
20.04.2025;20.61155833
21.04.2025;25.8063348
22.04.2025;65.83406447
23.04.2025;62.13647442
24.04.2025;66.49650523
25.04.2025;91.64835723
26.04.2025;97.89633416
27.04.2025;23.33249094
28.04.2025;68.15607819
29.04.2025;69.28296619
30.04.2025;78.43909327
01.05.2025;63.08257895
02.05.2025;94.85756975
03.05.2025;97.45908219
04.05.2025;22.59616654
05.05.2025;64.95203361
06.05.2025;65.24026971
07.05.2025;67.46235667
08.05.2025;69.383636
09.05.2025;88.10554436
10.05.2025;103.4791216
11.05.2025;29.81881993
12.05.2025;60.93215205
13.05.2025;62.60669974
14.05.2025;66.36086803
15.05.2025;68.17274618
16.05.2025;85.63874788
17.05.2025;96.33565626
18.05.2025;24.8571777
19.05.2025;61.89386306
20.05.2025;61.85177435
21.05.2025;65.39681006
22.05.2025;65.8954392
23.05.2025;91.12617094
24.05.2025;100.305693
25.05.2025;24.26701714
26.05.2025;69.93119514
27.05.2025;72.55528289
28.05.2025;88.17732492
29.05.2025;30.1667373
30.05.2025;107.4391528
31.05.2025;91.1248822
01.06.2025;26.23069068
02.06.2025;69.65888593
03.06.2025;68.10539674
04.06.2025;69.091045
05.06.2025;73.89962495
06.06.2025;89.92640681
07.06.2025;107.2772435
08.06.2025;26.60018825
09.06.2025;31.76374222
10.06.2025;75.8664261
11.06.2025;72.42922863
12.06.2025;72.88560509
13.06.2025;88.82728383
14.06.2025;97.37274562
15.06.2025;25.22621947
16.06.2025;68.60856119
17.06.2025;68.32449467
18.06.2025;73.54007687
19.06.2025;66.9585935
20.06.2025;91.82188578
21.06.2025;94.45495866
22.06.2025;27.79138018
23.06.2025;66.41234755
24.06.2025;68.26699131
25.06.2025;80.74444209
26.06.2025;81.10540014
27.06.2025;97.68608568
28.06.2025;104.3861434
29.06.2025;29.06914989
30.06.2025;76.64828839
01.07.2025;74.56954823
02.07.2025;75.39827007
03.07.2025;76.79857379
04.07.2025;91.83158165
05.07.2025;99.19381975
06.07.2025;27.47097051
07.07.2025;71.67148283
08.07.2025;70.01391894
09.07.2025;71.2120545
10.07.2025;73.35202083
11.07.2025;85.59152966
12.07.2025;93.538732
13.07.2025;27.91836135
14.07.2025;68.22088967
15.07.2025;66.36347267
16.07.2025;66.81761388
17.07.2025;69.45699072
18.07.2025;79.88665943
19.07.2025;85.99923913
20.07.2025;26.1630224
21.07.2025;65.54206415
22.07.2025;63.31083321
23.07.2025;62.81258984
24.07.2025;68.04078042
25.07.2025;89.08334923
26.07.2025;91.30097917
27.07.2025;25.65793579
28.07.2025;71.31853675
29.07.2025;69.350665
30.07.2025;73.78142881
31.07.2025;88.50744986
01.08.2025;28.29223508
02.08.2025;93.39717113
03.08.2025;27.81618023
04.08.2025;73.29721365
05.08.2025;69.3091622
06.08.2025;71.56170684
07.08.2025;72.28338601
08.08.2025;85.71569822
09.08.2025;89.2197313
10.08.2025;30.00472642
11.08.2025;71.27507198
12.08.2025;69.41173022
13.08.2025;71.64865958
14.08.2025;76.63808832
15.08.2025;77.544478
16.08.2025;96.4383994
17.08.2025;29.39496572
18.08.2025;67.64005201
19.08.2025;65.24567362
20.08.2025;69.12740094
21.08.2025;68.85091101
22.08.2025;85.20172172
23.08.2025;94.02577889
24.08.2025;28.3025229
25.08.2025;72.67760288
26.08.2025;70.9808073
27.08.2025;74.25004466
28.08.2025;74.43359021
29.08.2025;91.7550219
30.08.2025;99.48144146
31.08.2025;28.17214618
01.09.2025;66.277047
02.09.2025;67.1497115
03.09.2025;69.07566199
04.09.2025;67.79154472
05.09.2025;86.49778009
06.09.2025;93.89449718
07.09.2025;28.14582143
08.09.2025;64.62705449
09.09.2025;64.25755462
10.09.2025;68.72405688
11.09.2025;64.25024193
12.09.2025;82.08745907
13.09.2025;91.84425914
14.09.2025;25.69047791
15.09.2025;61.56724505
16.09.2025;62.21853355
17.09.2025;64.89357974
18.09.2025;64.54104494
19.09.2025;80.05501983
20.09.2025;87.35410905
21.09.2025;25.53137262
22.09.2025;57.73518899
23.09.2025;62.34945483
24.09.2025;65.82995661
25.09.2025;76.54911106
26.09.2025;91.92925398
27.09.2025;101.7482605
28.09.2025;26.49306823
29.09.2025;68.09396974
30.09.2025;67.91163813
01.10.2025;69.95743039
02.10.2025;69.83270249
03.10.2025;87.50649494
04.10.2025;95.61710639
05.10.2025;25.15171776
06.10.2025;66.45088662
07.10.2025;63.76818248
08.10.2025;64.9995228
09.10.2025;67.25696416
10.10.2025;82.24516952
11.10.2025;90.28430537
12.10.2025;24.99846774
13.10.2025;61.88196682
14.10.2025;61.23567737
15.10.2025;63.44383278
16.10.2025;65.70698925
17.10.2025;80.87353437
18.10.2025;91.1778719
19.10.2025;23.83064188
20.10.2025;59.90514276
21.10.2025;60.38041384
22.10.2025;63.18980574
23.10.2025;62.66138805
24.10.2025;94.09593084
25.10.2025;104.819435
26.10.2025;25.15030876
27.10.2025;66.70469918
28.10.2025;69.01822916
29.10.2025;71.02090424
30.10.2025;73.01095503
31.10.2025;92.30856683
01.11.2025;85.37977585
02.11.2025;22.4866425
03.11.2025;66.95819497
04.11.2025;64.32254391
05.11.2025;68.57170285
06.11.2025;69.40631728
07.11.2025;87.88611835
08.11.2025;102.3340782
09.11.2025;22.52487288
10.11.2025;62.90227352
11.11.2025;62.1616528
12.11.2025;64.97494406
13.11.2025;66.97109334
14.11.2025;83.56140364
15.11.2025;99.21634064
16.11.2025;21.4132659
17.11.2025;59.87237612
18.11.2025;62.72406107
19.11.2025;66.59167169
20.11.2025;66.72712644
21.11.2025;84.74696328
22.11.2025;104.5205969
23.11.2025;22.06907918
24.11.2025;63.27701053
25.11.2025;77.60983659
26.11.2025;81.13245997
27.11.2025;85.48615729
28.11.2025;115.0445144
29.11.2025;121.7877844
30.11.2025;28.655015
01.12.2025;74.77854503
02.12.2025;71.6902344
03.12.2025;75.30666172
04.12.2025;77.44234823
05.12.2025;95.72506742
06.12.2025;110.5546242
07.12.2025;27.08834638
08.12.2025;68.35970215
09.12.2025;71.59520972
10.12.2025;75.68789723
11.12.2025;76.37832552
12.12.2025;93.42594875
13.12.2025;111.417479
14.12.2025;34.10620101
15.12.2025;73.52986641
16.12.2025;76.90926886
17.12.2025;84.21524659
18.12.2025;88.36572242
19.12.2025;111.0164744
20.12.2025;123.5687866
21.12.2025;50.60693867
22.12.2025;115.2985752
23.12.2025;127.5570511
24.12.2025;96.89599051
25.12.2025;19.3421199
26.12.2025;42.46729996
27.12.2025;99.33811885
28.12.2025;33.1802134
29.12.2025;96.04067299
30.12.2025;100.3898608
31.12.2025;87.53813743
01.01.2026;25.43463422
02.01.2026;63.60386064
03.01.2026;92.92847118
04.01.2026;26.75273312
05.01.2026;72.75540883
06.01.2026;64.84386887
07.01.2026;67.0437929
08.01.2026;61.03654629
09.01.2026;79.42292011
10.01.2026;91.89792799
11.01.2026;23.40714959
12.01.2026;60.67497976
13.01.2026;59.79716975
14.01.2026;62.78368842
15.01.2026;63.81591866
16.01.2026;80.46018674
17.01.2026;96.51120097
18.01.2026;26.27169952
19.01.2026;59.56489441
20.01.2026;59.59741649
21.01.2026;62.62700344
22.01.2026;64.48674915
23.01.2026;88.69870326
24.01.2026;102.9071266
25.01.2026;27.48873272
26.01.2026;67.90356185
27.01.2026;65.58867789
28.01.2026;67.28130597
29.01.2026;70.40874234
30.01.2026;87.26039366
31.01.2026;104.0646644
01.02.2026;30.26319141
02.02.2026;66.32618146
03.02.2026;62.29249675
04.02.2026;65.85565588
05.02.2026;68.20624571
06.02.2026;84.33170009
07.02.2026;96.30490282
08.02.2026;22.62735937
