date,total_in,total_out
2020-01-01,15791,13511
2020-01-02,14246,11390
2020-01-03,21774,17331
2020-01-04,19017,15415
2020-01-05,17040,14874
2020-01-06,34895,29189
2020-01-07,36676,30872
2020-01-08,38807,32333
2020-01-09,39820,33800
2020-01-10,38747,31987
2020-01-11,23809,19014
2020-01-12,19324,15955
2020-01-13,38327,31870
2020-01-14,40624,33944
2020-01-15,40733,34070
2020-01-16,40330,33847
2020-01-17,38854,31753
2020-01-18,25025,19900
2020-01-19,17885,14783
2020-01-20,38420,32007
2020-01-21,40296,33483
2020-01-22,40702,33566
2020-01-23,40238,33409
2020-01-24,38828,32388
2020-01-25,26711,21593
2020-01-26,17904,14985
2020-01-27,38324,31990
2020-01-28,39889,32911
2020-01-29,39419,32718
2020-01-30,40710,33973
2020-01-31,41076,34350
2020-02-01,25773,20908
2020-02-02,16668,13654
2020-02-03,37392,30690
2020-02-04,39939,32956
2020-02-05,41158,33823
2020-02-06,41063,34120
2020-02-07,40176,32777
2020-02-08,27121,21920
2020-02-09,18424,15690
2020-02-10,32790,25964
2020-02-11,35373,27820
2020-02-12,36010,28297
2020-02-13,36463,28918
2020-02-14,36620,28786
2020-02-15,23811,19081
2020-02-16,17651,14735
2020-02-17,33806,26981
2020-02-18,37992,30631
2020-02-19,38147,30402
2020-02-20,38548,31148
2020-02-21,37325,29793
2020-02-22,27088,22295
2020-02-23,18483,15814
2020-02-24,38365,32213
2020-02-25,41105,34149
2020-02-26,41323,33878
2020-02-27,40979,33999
2020-02-28,39658,33149
2020-02-29,24623,19889
2020-03-01,18916,17028
2020-03-02,36602,30385
2020-03-03,40456,34248
2020-03-04,39649,33109
2020-03-05,37852,31598
2020-03-06,37384,30856
2020-03-07,27085,22884
2020-03-08,18732,16118
2020-03-09,35367,29472
2020-03-10,35623,29440
2020-03-11,37450,31507
2020-03-12,36085,30535
2020-03-13,32867,27354
2020-03-14,13119,9503
2020-03-15,11737,9294
2020-03-16,17091,12382
2020-03-17,17771,14298
2020-03-18,16633,13482
2020-03-19,15288,12430
2020-03-20,13552,10889
2020-03-21,7084,5727
2020-03-22,6560,5747
2020-03-23,12423,9895
2020-03-24,11893,9446
2020-03-25,12293,9926
2020-03-26,11602,9281
2020-03-27,12601,10124
2020-03-28,9827,8516
2020-03-29,4906,4184
2020-03-30,10942,8746
2020-03-31,12831,10563
2020-04-01,13011,10925
2020-04-02,12699,10439
2020-04-03,13042,10877
2020-04-04,9689,8144
2020-04-05,8762,7713
2020-04-06,12625,10319
2020-04-07,13065,10740
2020-04-08,13552,10943
2020-04-09,13433,10811
2020-04-10,9375,7828
2020-04-11,9774,8296
2020-04-12,8635,7404
2020-04-13,8879,7545
2020-04-14,12948,10375
2020-04-15,14123,11614
2020-04-16,14326,11843
2020-04-17,15191,12707
2020-04-18,11367,9637
2020-04-19,9729,8456
2020-04-20,13407,11093
2020-04-21,14345,11568
2020-04-22,15683,12852
2020-04-23,15565,12537
2020-04-24,16200,13232
2020-04-25,12566,10816
2020-04-26,10451,9120
2020-04-27,16819,14036
2020-04-28,14246,11369
2020-04-29,16398,13286
2020-04-30,15311,12130
2020-05-01,9550,7584
2020-05-02,10799,9056
2020-05-03,11082,9932
2020-05-04,17279,14164
2020-05-05,15152,11806
2020-05-06,18780,15535
2020-05-07,19605,16071
2020-05-08,15168,10925
2020-05-09,15985,13913
2020-05-10,12723,11118
2020-05-11,18178,14535
2020-05-12,20859,16990
2020-05-13,20296,16264
2020-05-14,11590,9504
2020-05-15,13266,10935
2020-05-16,19131,16230
2020-05-17,15138,13563
2020-05-18,21934,18217
2020-05-19,23495,19371
2020-05-20,24858,20377
2020-05-21,16616,14686
2020-05-22,20519,17538
2020-05-23,13516,10923
2020-05-24,14008,12191
2020-05-25,22710,18694
2020-05-26,24774,20483
2020-05-27,25953,21598
2020-05-28,25432,21078
2020-05-29,27143,22176
2020-05-30,20596,17041
2020-05-31,15421,13602
2020-06-01,16443,15269
2020-06-02,26236,22078
2020-06-03,26924,22464
2020-06-04,23268,18371
2020-06-05,25435,20399
2020-06-06,21159,17288
2020-06-07,12908,10866
2020-06-08,26613,22094
2020-06-09,26520,21074
2020-06-10,27241,22333
2020-06-11,29952,24961
2020-06-12,32372,27315
2020-06-13,23032,18711
2020-06-14,12999,10991
2020-06-15,26262,21775
2020-06-16,28351,23498
2020-06-17,27490,22436
2020-06-18,29431,24182
2020-06-19,28671,23345
2020-06-20,24846,20962
2020-06-21,16876,14583
2020-06-22,27899,23073
2020-06-23,30548,25706
2020-06-24,31693,26803
2020-06-25,31932,27213
2020-06-26,30031,24942
2020-06-27,24181,20894
2020-06-28,16572,14543
2020-06-29,28119,23036
2020-06-30,31364,26711
2020-07-01,31925,26731
2020-07-02,30372,24719
2020-07-03,30258,24240
2020-07-04,24155,20574
2020-07-05,16618,15147
2020-07-06,28233,23307
2020-07-07,31022,26141
2020-07-08,32338,27267
2020-07-09,31678,26908
2020-07-10,30062,24661
2020-07-11,20421,16506
2020-07-12,16744,14701
2020-07-13,26901,21742
2020-07-14,28776,23563
2020-07-15,26820,20711
2020-07-16,26808,20451
2020-07-17,26292,20348
2020-07-18,21303,17407
2020-07-19,15555,14001
2020-07-20,24924,19951
2020-07-21,25680,20365
2020-07-22,26226,20875
2020-07-23,26600,21377
2020-07-24,24952,19337
2020-07-25,20079,16901
2020-07-26,14481,12441
2020-07-27,23265,18718
2020-07-28,24017,19540
2020-07-29,25041,19981
2020-07-30,25545,20616
2020-07-31,23813,19634
2020-08-01,15939,13570
2020-08-02,10157,9184
2020-08-03,16175,13744
2020-08-04,18050,15306
2020-08-05,20282,17538
2020-08-06,20302,17773
2020-08-07,20089,17664
2020-08-08,15894,14563
2020-08-09,12017,10998
2020-08-10,19619,17199
2020-08-11,21462,19058
2020-08-12,21280,18666
2020-08-13,25411,20474
2020-08-14,29260,23481
2020-08-15,22528,18806
2020-08-16,16814,14983
2020-08-17,28699,23681
2020-08-18,31453,26333
2020-08-19,32204,27091
2020-08-20,32643,27977
2020-08-21,32078,27417
2020-08-22,21135,16904
2020-08-23,16101,14353
2020-08-24,29829,24898
2020-08-25,31800,26787
2020-08-26,32781,27690
2020-08-27,32639,27817
2020-08-28,30948,25055
2020-08-29,20383,16070
2020-08-30,11681,9421
2020-08-31,29862,24774
2020-09-01,31727,26770
2020-09-02,32629,27271
2020-09-03,33242,27964
2020-09-04,33640,28494
2020-09-05,23971,20169
2020-09-06,14100,11995
2020-09-07,29947,24943
2020-09-08,32830,27854
2020-09-09,33664,28352
2020-09-10,33457,27933
2020-09-11,33440,28029
2020-09-12,23959,20125
2020-09-13,16757,14576
2020-09-14,27210,23249
2020-09-15,33254,28134
2020-09-16,33696,28496
2020-09-17,34280,29139
2020-09-18,34087,28232
2020-09-19,24552,20204
2020-09-20,17426,15301
2020-09-21,31352,26264
2020-09-22,32692,27620
2020-09-23,33446,28022
2020-09-24,33180,27915
2020-09-25,31973,26443
2020-09-26,21350,16887
2020-09-27,16074,13714
2020-09-28,31002,25867
2020-09-29,31572,26427
2020-09-30,33795,28261
2020-10-01,33250,26682
2020-10-02,33386,26792
2020-10-03,25141,21118
2020-10-04,17297,15264
2020-10-05,28041,23441
2020-10-06,29559,24664
2020-10-07,30069,25020
2020-10-08,30209,25204
2020-10-09,29752,24230
2020-10-10,19153,15756
2020-10-11,14139,12314
2020-10-12,26422,21430
2020-10-13,28414,22909
2020-10-14,29567,23749
2020-10-15,27597,21815
2020-10-16,27119,21268
2020-10-17,20169,16648
2020-10-18,14074,12324
2020-10-19,28076,23100
2020-10-20,30096,25559
2020-10-21,30154,25417
2020-10-22,30142,25517
2020-10-23,27583,22514
2020-10-24,21870,18322
2020-10-25,15251,13343
2020-10-26,25483,20908
2020-10-27,28313,23967
2020-10-28,27723,23035
2020-10-29,25958,21495
2020-10-30,27841,23286
2020-10-31,19544,16157
2020-11-01,12293,10103
2020-11-02,25978,22096
2020-11-03,25419,21541
2020-11-04,26709,22546
2020-11-05,26517,22415
2020-11-06,27804,23180
2020-11-07,19864,16507
2020-11-08,11833,10501
2020-11-09,25220,21526
2020-11-10,26547,22475
2020-11-11,27525,23267
2020-11-12,27912,22783
2020-11-13,29022,24467
2020-11-14,22505,18916
2020-11-15,14967,12990
2020-11-16,25428,21378
2020-11-17,28018,23800
2020-11-18,27988,23830
2020-11-19,27109,23082
2020-11-20,28371,24082
2020-11-21,23360,19896
2020-11-22,14101,12205
2020-11-23,25827,21831
2020-11-24,27728,23602
2020-11-25,28199,23814
2020-11-26,28690,24253
2020-11-27,29432,24650
2020-11-28,21576,17974
2020-11-29,13442,11161
2020-11-30,26211,22248
2020-12-01,27563,23079
2020-12-02,28597,24155
2020-12-03,29396,25262
2020-12-04,29316,24361
2020-12-05,20941,17184
2020-12-06,13355,11150
2020-12-07,26052,21922
2020-12-08,28118,23779
2020-12-09,27409,23105
2020-12-10,27949,23962
2020-12-11,28023,23551
2020-12-12,18271,15155
2020-12-13,11248,9481
2020-12-14,24390,20734
2020-12-15,25423,21493
2020-12-16,25934,21377
2020-12-17,26036,21902
2020-12-18,26145,21709
2020-12-19,17640,14151
2020-12-20,11626,9812
2020-12-21,20340,16172
2020-12-22,19176,15096
2020-12-23,18445,14124
2020-12-24,14896,10550
2020-12-25,8854,7140
2020-12-26,10448,8871
2020-12-27,8910,7342
2020-12-28,13425,10781
2020-12-29,15094,12129
2020-12-30,15013,11933
2020-12-31,13575,10887
2021-01-01,9133,7987
2021-01-02,10762,8650
2021-01-03,9919,8588
2021-01-04,20206,16332
2021-01-05,20995,16668
2021-01-06,21443,17185
2021-01-07,21265,16869
2021-01-08,21816,17279
2021-01-09,15968,12829
2021-01-10,11552,9758
2021-01-11,23445,19638
2021-01-12,24404,20858
2021-01-13,24008,20133
2021-01-14,24870,20742
2021-01-15,25459,22558
2021-01-16,15654,13560
2021-01-17,10166,8495
2021-01-18,21221,17680
2021-01-19,22017,18406
2021-01-20,22497,18811
2021-01-21,22196,18632
2021-01-22,21716,18053
2021-01-23,14266,11694
2021-01-24,12667,11060
2021-01-25,20873,16891
2021-01-26,21925,17768
2021-01-27,21562,17380
2021-01-28,21041,17207
2021-01-29,21614,17112
2021-01-30,13184,10366
2021-01-31,11333,9803
2021-02-01,20524,16653
2021-02-02,21902,17900
2021-02-03,21195,17138
2021-02-04,22011,17794
2021-02-05,23609,19023
2021-02-06,16057,12799
2021-02-07,10475,8923
2021-02-08,20884,17267
2021-02-09,21696,17880
2021-02-10,21283,16941
2021-02-11,21486,17459
2021-02-12,20819,16747
2021-02-13,13967,11232
2021-02-14,11387,9510
2021-02-15,18504,14671
2021-02-16,20671,16536
2021-02-17,21524,17195
2021-02-18,20214,16331
2021-02-19,20727,16776
2021-02-20,17292,14310
2021-02-21,13903,12693
2021-02-22,20367,16345
2021-02-23,21544,17284
2021-02-24,21806,17830
2021-02-25,19899,15693
2021-02-26,23004,18411
2021-02-27,16639,13053
2021-02-28,14028,12057
2021-03-01,23087,19166
2021-03-02,24254,20230
2021-03-03,24225,19973
2021-03-04,24151,19922
2021-03-05,23119,18878
2021-03-06,19138,15671
2021-03-07,12090,10442
2021-03-08,23159,19010
2021-03-09,24141,20212
2021-03-10,25702,21440
2021-03-11,23633,19365
2021-03-12,25941,21386
2021-03-13,17861,13974
2021-03-14,10617,8668
2021-03-15,21361,17109
2021-03-16,23879,19387
2021-03-17,23788,19113
2021-03-18,24628,20313
2021-03-19,24925,20373
2021-03-20,18571,15093
2021-03-21,11352,9644
2021-03-22,22385,18058
2021-03-23,23549,18447
2021-03-24,27157,22716
2021-03-25,26614,22163
2021-03-26,27101,22305
2021-03-27,20737,17018
2021-03-28,15423,14059
2021-03-29,24793,20787
2021-03-30,26392,22261
2021-03-31,27324,23123
2021-04-01,26267,21619
2021-04-02,16210,13199
2021-04-03,15480,12227
2021-04-04,13843,11530
2021-04-05,11712,10322
2021-04-06,23387,19076
2021-04-07,23991,19519
2021-04-08,25652,21307
2021-04-09,26535,21923
2021-04-10,21195,17319
2021-04-11,15662,13514
2021-04-12,23090,18438
2021-04-13,25259,20727
2021-04-14,26455,21607
2021-04-15,26147,21411
2021-04-16,27275,22409
2021-04-17,19343,15919
2021-04-18,12964,11123
2021-04-19,23505,19630
2021-04-20,27333,22551
2021-04-21,28446,23759
2021-04-22,27640,22947
2021-04-23,30729,25258
2021-04-24,24836,20528
2021-04-25,16906,14516
2021-04-26,24560,19621
2021-04-27,26152,21447
2021-04-28,23717,18327
2021-04-29,23770,19079
2021-04-30,24632,19536
2021-05-01,14544,11224
2021-05-02,12384,9937
2021-05-03,24909,20164
2021-05-04,24738,20250
2021-05-05,24635,19693
2021-05-06,23346,18358
2021-05-07,26365,21431
2021-05-08,25024,20815
2021-05-09,18004,16102
2021-05-10,25640,20792
2021-05-11,24776,20116
2021-05-12,27451,22409
2021-05-13,14951,12408
2021-05-14,23605,19800
2021-05-15,18678,15225
2021-05-16,11942,10045
2021-05-17,25097,20195
2021-05-18,26950,22098
2021-05-19,26661,21778
2021-05-20,28763,24065
2021-05-21,25687,20610
2021-05-22,23030,19259
2021-05-23,15801,13566
2021-05-24,13103,11093
2021-05-25,27986,23252
2021-05-26,28001,22918
2021-05-27,28505,23197
2021-05-28,33618,28245
2021-05-29,25642,21570
2021-05-30,18716,16823
2021-05-31,28134,23204
2021-06-01,30386,25369
2021-06-02,30825,25730
2021-06-03,30675,25987
2021-06-04,32414,26753
2021-06-05,21338,17213
2021-06-06,15512,13009
2021-06-07,26330,21278
2021-06-08,29249,24058
2021-06-09,30848,25804
2021-06-10,31991,26435
2021-06-11,33431,27667
2021-06-12,26003,22055
2021-06-13,17782,15984
2021-06-14,29657,24192
2021-06-15,31437,26198
2021-06-16,32915,27411
2021-06-17,31723,26080
2021-06-18,31489,25534
2021-06-19,24218,20684
2021-06-20,16970,14912
2021-06-21,27252,21799
2021-06-22,29710,23953
2021-06-23,27940,23128
2021-06-24,25226,18841
2021-06-25,35090,28318
2021-06-26,25697,20976
2021-06-27,18440,16258
2021-06-28,27850,22799
2021-06-29,29845,24793
2021-06-30,30793,25093
2021-07-01,31637,25949
2021-07-02,38179,32778
2021-07-03,24157,19661
2021-07-04,15690,13004
2021-07-05,28820,23644
2021-07-06,30595,25157
2021-07-07,30745,24844
2021-07-08,29524,24332
2021-07-09,32594,26938
2021-07-10,26345,21267
2021-07-11,18573,16024
2021-07-12,30516,24905
2021-07-13,27687,23847
2021-07-14,30071,24249
2021-07-15,30661,25149
2021-07-16,29958,24398
2021-07-17,22094,17615
2021-07-18,17054,14033
2021-07-19,26621,21332
2021-07-20,28091,22627
2021-07-21,28151,22590
2021-07-22,27939,22198
2021-07-23,26685,21212
2021-07-24,21381,16761
2021-07-25,15763,13277
2021-07-26,21921,17120
2021-07-27,23850,18988
2021-07-28,24494,19307
2021-07-29,25417,20539
2021-07-30,23718,18816
2021-07-31,22094,17513
2021-08-01,13786,11639
2021-08-02,23229,18718
2021-08-03,23494,18689
2021-08-04,23375,18792
2021-08-05,24906,20009
2021-08-06,25449,20744
2021-08-07,18998,15455
2021-08-08,15701,13447
2021-08-09,24722,19794
2021-08-10,26921,22276
2021-08-11,27565,22541
2021-08-12,27194,22396
2021-08-13,26367,21493
2021-08-14,22400,18609
2021-08-15,16576,14366
2021-08-16,25654,20727
2021-08-17,28894,23141
2021-08-18,30302,24787
2021-08-19,30484,25006
2021-08-20,31064,25568
2021-08-21,29098,25119
2021-08-22,16131,13253
2021-08-23,29516,24935
2021-08-24,31190,25985
2021-08-25,32278,27227
2021-08-26,32062,27127
2021-08-27,32577,26838
2021-08-28,23230,18784
2021-08-29,17800,15033
2021-08-30,28101,23553
2021-08-31,31498,26812
2021-09-01,33830,28694
2021-09-02,34236,29475
2021-09-03,34037,28896
2021-09-04,27928,23195
2021-09-05,19661,17013
2021-09-06,31017,26101
2021-09-07,33145,28375
2021-09-08,34532,29198
2021-09-09,40561,36283
2021-09-10,32267,26731
2021-09-11,27470,22475
2021-09-12,18323,15903
2021-09-13,27079,23474
2021-09-14,33157,28172
2021-09-15,32787,27549
2021-09-16,33070,27984
2021-09-17,33267,28453
2021-09-18,27553,24565
2021-09-19,15462,12905
2021-09-20,30134,25034
2021-09-21,35037,30160
2021-09-22,35589,30836
2021-09-23,35482,31208
2021-09-24,38271,33597
2021-09-25,29421,25444
2021-09-26,19739,17468
2021-09-27,31808,27014
2021-09-28,33930,29047
2021-09-29,34960,29717
2021-09-30,38956,34312
2021-10-01,39105,34272
2021-10-02,30608,27365
2021-10-03,24536,21563
2021-10-04,32499,26969
2021-10-05,35821,30264
2021-10-06,36920,31206
2021-10-07,36722,31540
2021-10-08,36463,31555
2021-10-09,27955,24056
2021-10-10,19992,17946
2021-10-11,28866,23006
2021-10-12,30506,24378
2021-10-13,31570,25269
2021-10-14,32627,26416
2021-10-15,31426,25549
2021-10-16,25699,21323
2021-10-17,18497,15825
2021-10-18,29759,23867
2021-10-19,32132,25749
2021-10-20,32852,26675
2021-10-21,32863,26887
2021-10-22,33021,27056
2021-10-23,32016,27286
2021-10-24,19382,16628
2021-10-25,32071,27392
2021-10-26,35267,30200
2021-10-27,36486,31008
2021-10-28,36414,31949
2021-10-29,36056,31243
2021-10-30,31789,27623
2021-10-31,23080,20539
2021-11-01,31718,27227
2021-11-02,34290,29756
2021-11-03,34482,29546
2021-11-04,35977,30736
2021-11-05,35543,30466
2021-11-06,29143,25534
2021-11-07,19752,17416
2021-11-08,32121,27313
2021-11-09,34769,30331
2021-11-10,35193,30197
2021-11-11,36906,32028
2021-11-12,34481,29804
2021-11-13,24693,20875
2021-11-14,17206,14988
2021-11-15,31292,26562
2021-11-16,34589,29817
2021-11-17,34555,30108
2021-11-18,35404,29765
2021-11-19,34995,30252
2021-11-20,28245,24971
2021-11-21,17819,16043
2021-11-22,30314,25484
2021-11-23,33127,28355
2021-11-24,34254,29146
2021-11-25,35524,30989
2021-11-26,33939,29093
2021-11-27,26032,22023
2021-11-28,22104,19268
2021-11-29,30680,26009
2021-11-30,32893,28526
2021-12-01,33729,29302
2021-12-02,33162,28574
2021-12-03,34217,29527
2021-12-04,24864,20524
2021-12-05,18686,16192
2021-12-06,29648,25254
2021-12-07,31575,27863
2021-12-08,30289,25498
2021-12-09,32060,27904
2021-12-10,30582,25387
2021-12-11,23547,19438
2021-12-12,18531,16191
2021-12-13,29082,24762
2021-12-14,30305,26192
2021-12-15,31540,26681
2021-12-16,31539,27443
2021-12-17,32008,27428
2021-12-18,27233,23570
2021-12-19,16882,14218
2021-12-20,24233,19626
2021-12-21,24425,19415
2021-12-22,23513,19473
2021-12-23,22379,18252
2021-12-24,16625,11858
2021-12-25,10223,7865
2021-12-26,11013,9263
2021-12-27,15902,13053
2021-12-28,16741,13860
2021-12-29,13735,10592
2021-12-30,18049,14240
2021-12-31,18692,16015
2022-01-01,31856,28010
2022-01-02,12374,10724
2022-01-03,22714,19409
2022-01-04,23981,20552
2022-01-05,24159,20643
2022-01-06,24242,20821
2022-01-07,23995,20551
2022-01-08,19520,16529
2022-01-09,13906,12063
2022-01-10,23824,19890
2022-01-11,25221,21500
2022-01-12,26289,22553
2022-01-13,26518,22763
2022-01-14,26691,22602
2022-01-15,19965,16687
2022-01-16,15431,13328
2022-01-17,25239,21450
2022-01-18,26304,22339
2022-01-19,27841,24188
2022-01-20,26610,23078
2022-01-21,27114,22296
2022-01-22,21946,18646
2022-01-23,15137,13530
2022-01-24,24890,20980
2022-01-25,27836,23941
2022-01-26,28212,24315
2022-01-27,27880,24034
2022-01-28,28387,24157
2022-01-29,25140,21449
2022-01-30,16035,14233
2022-01-31,25397,21092
2022-02-01,27279,23048
2022-02-02,27687,23514
2022-02-03,28096,24281
2022-02-04,29551,25243
2022-02-05,30179,26926
2022-02-06,15590,13842
2022-02-07,26948,22726
2022-02-08,29035,25309
2022-02-09,30945,26558
2022-02-10,30202,26138
2022-02-11,28855,24629
2022-02-12,24779,21395
2022-02-13,21441,18871
2022-02-14,24752,20308
2022-02-15,26184,21481
2022-02-16,26315,21245
2022-02-17,27173,22402
2022-02-18,27673,23162
2022-02-19,22265,18903
2022-02-20,18456,16341
2022-02-21,25397,20963
2022-02-22,28679,23662
2022-02-23,30184,25013
2022-02-24,29749,25474
2022-02-25,28691,23711
2022-02-26,23048,19564
2022-02-27,26964,24261
2022-02-28,28812,24713
2022-03-01,32194,27957
2022-03-02,32721,28266
2022-03-03,34076,29612
2022-03-04,32770,28021
2022-03-05,26774,22763
2022-03-06,19156,16953
2022-03-07,30568,26307
2022-03-08,33520,28815
2022-03-09,34353,29865
2022-03-10,34044,29540
2022-03-11,33222,28617
2022-03-12,33027,28158
2022-03-13,19876,17403
2022-03-14,31070,26675
2022-03-15,31558,27202
2022-03-16,33689,29099
2022-03-17,33440,28997
2022-03-18,31415,26718
2022-03-19,25452,22355
2022-03-20,22133,19878
2022-03-21,31509,27355
2022-03-22,34597,30079
2022-03-23,35765,31082
2022-03-24,35526,31271
2022-03-25,36819,32046
2022-03-26,30515,26771
2022-03-27,21777,19724
2022-03-28,32271,28244
2022-03-29,38489,34300
2022-03-30,33393,28908
2022-03-31,34115,29522
2022-04-01,32540,27732
2022-04-02,28359,24077
2022-04-03,18485,15817
2022-04-04,33399,28890
2022-04-05,34071,29610
2022-04-06,35854,30918
2022-04-07,35454,30722
2022-04-08,33313,28182
2022-04-09,27326,22921
2022-04-10,21771,17946
2022-04-11,33859,29054
2022-04-12,36382,31605
2022-04-13,37767,33285
2022-04-14,34119,29592
2022-04-15,20681,17467
2022-04-16,26736,22166
2022-04-17,16508,13701
2022-04-18,17495,15187
2022-04-19,29823,25286
2022-04-20,31929,26843
2022-04-21,32338,27563
2022-04-22,31384,26388
2022-04-23,29301,24852
2022-04-24,17690,15166
2022-04-25,26738,22449
2022-04-26,31664,26520
2022-04-27,34621,29191
2022-04-28,35812,30412
2022-04-29,35452,30271
2022-04-30,24996,21141
2022-05-01,22490,19381
2022-05-02,34398,29643
2022-05-03,36726,31761
2022-05-04,37763,32404
2022-05-05,36626,32200
2022-05-06,34997,29258
2022-05-07,28688,24921
2022-05-08,22291,19331
2022-05-09,35395,30657
2022-05-10,38413,33931
2022-05-11,41334,36677
2022-05-12,44274,38479
2022-05-13,37439,32057
2022-05-14,31390,27482
2022-05-15,22808,20383
2022-05-16,35280,30785
2022-05-17,40153,35633
2022-05-18,40357,35386
2022-05-19,41777,37077
2022-05-20,39117,34289
2022-05-21,28450,24510
2022-05-22,28967,25941
2022-05-23,32809,27034
2022-05-24,36425,29977
2022-05-25,37960,32178
2022-05-26,22914,20659
2022-05-27,28721,25380
2022-05-28,25581,23198
2022-05-29,19910,18352
2022-05-30,50157,46623
2022-05-31,50716,46968
2022-06-01,37587,32169
2022-06-02,39133,34584
2022-06-03,36576,31993
2022-06-04,27609,25218
2022-06-05,17188,15140
2022-06-06,19122,17905
2022-06-07,35638,30812
2022-06-08,37872,33039
2022-06-09,37342,32272
2022-06-10,38854,34450
2022-06-11,29651,27155
2022-06-12,21723,20955
2022-06-13,35006,30306
2022-06-14,38411,32879
2022-06-15,38660,33563
2022-06-16,39266,34788
2022-06-17,38556,34293
2022-06-18,30650,27962
2022-06-19,22278,21541
2022-06-20,33416,28527
2022-06-21,36904,31609
2022-06-22,37049,30864
2022-06-23,37941,32149
2022-06-24,34304,27667
2022-06-25,30540,27169
2022-06-26,22406,20788
2022-06-27,32593,27079
2022-06-28,37230,31334
2022-06-29,38459,32770
2022-06-30,39989,33806
2022-07-01,34746,28837
2022-07-02,28280,25102
2022-07-03,20587,20199
2022-07-04,33150,27544
2022-07-05,38115,33091
2022-07-06,18955,17924
2022-07-07,10511,9778
2022-07-08,10461,10035
2022-07-09,8667,8070
2022-07-10,6662,6074
2022-07-11,26746,22079
2022-07-12,38290,33245
2022-07-13,37640,32591
2022-07-14,36520,31980
2022-07-15,34083,29520
2022-07-16,24631,21846
2022-07-17,36637,34912
2022-07-18,29438,24738
2022-07-19,31987,27176
2022-07-20,29700,24922
2022-07-21,31637,26410
2022-07-22,28885,24426
2022-07-23,24134,20258
2022-07-24,18198,17074
2022-07-25,26223,21653
2022-07-26,28990,23921
2022-07-27,35146,29474
2022-07-28,29417,24233
2022-07-29,25542,20618
2022-07-30,19972,16783
2022-07-31,16374,14465
2022-08-01,16134,14002
2022-08-02,27886,22926
2022-08-03,29197,24481
2022-08-04,28374,23816
2022-08-05,25966,21143
2022-08-06,23988,20376
2022-08-07,21781,18946
2022-08-08,28273,23454
2022-08-09,32205,26903
2022-08-10,32582,27489
2022-08-11,36618,30836
2022-08-12,32175,27562
2022-08-13,31851,26446
2022-08-14,23382,20998
2022-08-15,31060,25885
2022-08-16,35826,30233
2022-08-17,35138,29497
2022-08-18,34547,28437
2022-08-19,40065,35327
2022-08-20,32635,28526
2022-08-21,20684,18218
2022-08-22,33548,28970
2022-08-23,39030,33347
2022-08-24,39594,34571
2022-08-25,38625,33915
2022-08-26,37801,31847
2022-08-27,28799,23728
2022-08-28,28016,25152
2022-08-29,34223,29716
2022-08-30,36982,31934
2022-08-31,35919,30760
2022-09-01,38026,33273
2022-09-02,35946,30756
2022-09-03,29412,24900
2022-09-04,24919,22239
2022-09-05,34124,29609
2022-09-06,36282,31966
2022-09-07,37039,31890
2022-09-08,45814,41265
2022-09-09,35542,30013
2022-09-10,25954,21711
2022-09-11,21109,17851
2022-09-12,29087,25205
2022-09-13,37097,32357
2022-09-14,36821,31237
2022-09-15,35625,30708
2022-09-16,50862,46027
2022-09-17,41528,38424
2022-09-18,20611,18008
2022-09-19,34227,29751
2022-09-20,38085,33739
2022-09-21,39464,34279
2022-09-22,39200,34811
2022-09-23,38319,33896
2022-09-24,26894,22699
2022-09-25,20247,17530
2022-09-26,33441,28809
2022-09-27,36452,31622
2022-09-28,36053,30450
2022-09-29,37859,32712
2022-09-30,37305,32116
2022-10-01,31826,27020
2022-10-02,21060,18679
2022-10-03,35678,31003
2022-10-04,39154,34301
2022-10-05,39288,34222
2022-10-06,45059,38742
2022-10-07,36593,31434
2022-10-08,27521,24036
2022-10-09,26007,23028
2022-10-10,30356,25748
2022-10-11,35279,30204
2022-10-12,33284,28267
2022-10-13,31984,27511
2022-10-14,31265,26353
2022-10-15,25895,23102
2022-10-16,25502,23241
2022-10-17,30856,26014
2022-10-18,33842,28992
2022-10-19,34893,29774
2022-10-20,35506,30287
2022-10-21,33190,28204
2022-10-22,30072,27641
2022-10-23,26137,23824
2022-10-24,33484,29143
2022-10-25,39428,34364
2022-10-26,39701,35082
2022-10-27,44258,39166
2022-10-28,39653,34691
2022-10-29,36230,31698
2022-10-30,19601,15984
2022-10-31,33082,26968
2022-11-01,39762,34765
2022-11-02,40396,34827
2022-11-03,39521,34480
2022-11-04,38412,33380
2022-11-05,26172,21380
2022-11-06,19859,17421
2022-11-07,35240,31056
2022-11-08,38886,34153
2022-11-09,38281,32700
2022-11-10,42292,37153
2022-11-11,38626,33559
2022-11-12,31428,27213
2022-11-13,26148,22949
2022-11-14,33800,29490
2022-11-15,38087,33477
2022-11-16,38751,34053
2022-11-17,39350,34493
2022-11-18,37662,32762
2022-11-19,30525,26049
2022-11-20,20501,18463
2022-11-21,34948,30568
2022-11-22,38396,33640
2022-11-23,40375,33383
2022-11-24,38779,32829
2022-11-25,36995,31766
2022-11-26,28158,23660
2022-11-27,20586,17962
2022-11-28,34341,29859
2022-11-29,37595,32659
2022-11-30,38750,33534
2022-12-01,39288,34750
2022-12-02,36869,31841
2022-12-03,26760,22496
2022-12-04,17678,15266
2022-12-05,34337,29911
2022-12-06,38858,33860
2022-12-07,39062,34169
2022-12-08,39910,35343
2022-12-09,35655,30705
2022-12-10,26883,21916
2022-12-11,19446,16433
2022-12-12,33932,29304
2022-12-13,37348,31903
2022-12-14,37515,31752
2022-12-15,38125,32960
2022-12-16,36650,31341
2022-12-17,25610,20779
2022-12-18,19151,16188
2022-12-19,32492,27953
2022-12-20,34655,30166
2022-12-21,33538,28988
2022-12-22,33405,29169
2022-12-23,27953,23301
2022-12-24,16284,11198
2022-12-25,9360,6857
2022-12-26,12426,10139
2022-12-27,19117,15566
2022-12-28,20498,17078
2022-12-29,20358,16598
2022-12-30,19704,16329
2022-12-31,19164,16061
2023-01-01,16238,13690
2023-01-02,14696,12547
2023-01-03,26160,21550
2023-01-04,28560,24084
2023-01-05,30548,25828
2023-01-06,28612,24285
2023-01-07,23294,19525
2023-01-08,12676,9399
2023-01-09,33300,28904
2023-01-10,37327,32537
2023-01-11,35789,30523
2023-01-12,37708,33235
2023-01-13,36447,30382
2023-01-14,25127,21454
2023-01-15,14412,10649
2023-01-16,34406,29956
2023-01-17,38366,32788
2023-01-18,38065,32748
2023-01-19,38757,33878
2023-01-20,35076,30807
2023-01-21,25533,21340
2023-01-22,13712,10243
2023-01-23,34154,29495
2023-01-24,37616,32560
2023-01-25,38159,33123
2023-01-26,37829,32829
2023-01-27,35581,30812
2023-01-28,24299,20568
2023-01-29,19410,15356
2023-01-30,34029,29698
2023-01-31,37771,33085
2023-02-01,40391,35616
2023-02-02,38985,33891
2023-02-03,36471,31794
2023-02-04,26867,22671
2023-02-05,13214,9995
2023-02-06,33715,29126
2023-02-07,37895,33079
2023-02-08,37744,32564
2023-02-09,38215,33247
2023-02-10,35350,30417
2023-02-11,24163,20213
2023-02-12,21610,16881
2023-02-13,29892,24809
2023-02-14,33744,27894
2023-02-15,34148,28562
2023-02-16,29519,23147
2023-02-17,23412,16986
2023-02-18,19008,14538
2023-02-19,20140,16092
2023-02-20,23825,17292
2023-02-21,25869,19355
2023-02-22,26791,19714
2023-02-23,25873,18805
2023-02-24,24583,18137
2023-02-25,24316,18549
2023-02-26,15243,11681
2023-02-27,24017,17370
2023-02-28,26433,19736
2023-03-01,27243,20393
2023-03-02,34225,27972
2023-03-03,36367,31666
2023-03-04,27378,22945
2023-03-05,20093,16141
2023-03-06,35183,30599
2023-03-07,39916,35183
2023-03-08,37328,32043
2023-03-09,39453,34827
2023-03-10,35540,30427
2023-03-11,27578,22605
2023-03-12,18809,15335
2023-03-13,35886,31553
2023-03-14,37865,33428
2023-03-15,39513,34733
2023-03-16,39466,34658
2023-03-17,37659,32568
2023-03-18,35940,31365
2023-03-19,15977,12530
2023-03-20,35203,30563
2023-03-21,38738,34195
2023-03-22,41596,36673
2023-03-23,38623,34262
2023-03-24,35794,30923
2023-03-25,28408,24721
2023-03-26,15853,12487
2023-03-27,35476,30272
2023-03-28,40277,35303
2023-03-29,40593,35219
2023-03-30,40526,35765
2023-03-31,38251,33227
2023-04-01,26912,22365
2023-04-02,17526,14927
2023-04-03,35844,31189
2023-04-04,40179,35102
2023-04-05,39380,34533
2023-04-06,35289,30751
2023-04-07,18512,15622
2023-04-08,27583,23485
2023-04-09,14382,11072
2023-04-10,19397,17279
2023-04-11,36760,32016
2023-04-12,36841,31543
2023-04-13,38166,33273
2023-04-14,38530,33126
2023-04-15,26390,21833
2023-04-16,14637,11359
2023-04-17,32911,29106
2023-04-18,40073,35012
2023-04-19,39698,34114
2023-04-20,38711,33558
2023-04-21,37917,32954
2023-04-22,29618,24887
2023-04-23,22633,18327
2023-04-24,33393,27542
2023-04-25,38788,32825
2023-04-26,37200,31280
2023-04-27,37106,31537
2023-04-28,31507,26136
2023-04-29,28100,24040
2023-04-30,21087,16312
2023-05-01,17380,15451
2023-05-02,35262,29769
2023-05-03,38428,32740
2023-05-04,39167,33789
2023-05-05,35031,29663
2023-05-06,30043,26281
2023-05-07,17546,13650
2023-05-08,35658,31140
2023-05-09,39074,33886
2023-05-10,39784,34438
2023-05-11,40122,34803
2023-05-12,40399,35100
2023-05-13,32483,28023
2023-05-14,16110,11932
2023-05-15,35610,30890
2023-05-16,38994,33392
2023-05-17,39689,33830
2023-05-18,20916,17116
2023-05-19,27638,23089
2023-05-20,26569,22348
2023-05-21,25443,20898
2023-05-22,36128,31343
2023-05-23,40161,34934
2023-05-24,40265,34648
2023-05-25,42427,37325
2023-05-26,39249,33930
2023-05-27,28928,24000
2023-05-28,16979,13615
2023-05-29,28283,25181
2023-05-30,39293,34222
2023-05-31,42167,36911
2023-06-01,43574,38858
2023-06-02,41263,35601
2023-06-03,30897,26510
2023-06-04,19284,15622
2023-06-05,37453,32657
2023-06-06,42030,36816
2023-06-07,43164,37991
2023-06-08,41150,35906
2023-06-09,40324,35226
2023-06-10,32206,27610
2023-06-11,19322,15590
2023-06-12,37426,31836
2023-06-13,56534,52442
2023-06-14,42403,36206
2023-06-15,41559,36023
2023-06-16,38373,33315
2023-06-17,32067,28582
2023-06-18,19317,15891
2023-06-19,36418,30474
2023-06-20,40483,34859
2023-06-21,40514,34878
2023-06-22,39650,34434
2023-06-23,40706,35371
2023-06-24,34212,31369
2023-06-25,20033,16779
2023-06-26,35884,31206
2023-06-27,40467,35735
2023-06-28,40628,35537
2023-06-29,39778,34905
2023-06-30,35922,30138
2023-07-01,46035,41648
2023-07-02,31555,26791
2023-07-03,36750,31646
2023-07-04,40418,35196
2023-07-05,39693,34028
2023-07-06,46307,40089
2023-07-07,45955,37717
2023-07-08,39894,32178
2023-07-09,24064,19174
2023-07-10,37374,32171
2023-07-11,38693,34108
2023-07-12,37876,32153
2023-07-13,39619,33960
2023-07-14,37038,31479
2023-07-15,25342,21956
2023-07-16,16269,12379
2023-07-17,33042,26987
2023-07-18,37043,30648
2023-07-19,37616,31380
2023-07-20,35885,29690
2023-07-21,33245,28084
2023-07-22,26308,22545
2023-07-23,19818,16267
2023-07-24,28661,22861
2023-07-25,32160,26140
2023-07-26,31381,26110
2023-07-27,31194,25960
2023-07-28,28250,22887
2023-07-29,20246,16553
2023-07-30,17690,15582
2023-07-31,23566,19149
2023-08-01,15581,12953
2023-08-02,29450,24673
2023-08-03,31416,26453
2023-08-04,27754,22783
2023-08-05,27025,23082
2023-08-06,19721,17372
2023-08-07,28649,23702
2023-08-08,32525,27538
2023-08-09,32648,27362
2023-08-10,34901,29828
2023-08-11,33245,28171
2023-08-12,31604,26325
2023-08-13,24569,22769
2023-08-14,33420,28395
2023-08-15,38627,33178
2023-08-16,38473,32887
2023-08-17,37617,32422
2023-08-18,36007,30110
2023-08-19,31968,27820
2023-08-20,22476,22050
2023-08-21,35879,31679
2023-08-22,41450,36471
2023-08-23,41430,36442
2023-08-24,41584,36627
2023-08-25,40082,33327
2023-08-26,37025,31422
2023-08-27,22477,20549
2023-08-28,34372,28803
2023-08-29,39064,33073
2023-08-30,41402,35283
2023-08-31,49202,44066
2023-09-01,41032,35036
2023-09-02,30853,25972
2023-09-03,24873,21331
2023-09-04,37551,32279
2023-09-05,42011,36594
2023-09-06,41229,35805
2023-09-07,40642,35717
2023-09-08,37988,33119
2023-09-09,49102,46734
2023-09-10,23065,21218
2023-09-11,31849,28123
2023-09-12,40659,35911
2023-09-13,39151,33262
2023-09-14,40781,35370
2023-09-15,39470,34012
2023-09-16,31826,27924
2023-09-17,22988,20899
2023-09-18,35863,31412
2023-09-19,40893,35333
2023-09-20,41972,36743
2023-09-21,41497,36410
2023-09-22,39052,33662
2023-09-23,33272,28716
2023-09-24,22225,19408
2023-09-25,37839,33392
2023-09-26,48832,43039
2023-09-27,42064,36732
2023-09-28,41984,36991
2023-09-29,40427,34725
2023-09-30,34807,30241
2023-10-01,24503,21664
2023-10-02,38219,32550
2023-10-03,42084,35537
2023-10-04,41509,35640
2023-10-05,41412,35880
2023-10-06,38408,32646
2023-10-07,37443,32156
2023-10-08,20708,17896
2023-10-09,31749,26162
2023-10-10,35631,29806
2023-10-11,36430,30523
2023-10-12,34675,29133
2023-10-13,32819,27268
2023-10-14,24213,19988
2023-10-15,18891,16227
2023-10-16,31505,26446
2023-10-17,34881,29528
2023-10-18,34462,28785
2023-10-19,36162,29683
2023-10-20,33896,27801
2023-10-21,23134,18603
2023-10-22,20366,17799
2023-10-23,36908,31808
2023-10-24,39523,33857
2023-10-25,40669,34855
2023-10-26,41586,36096
2023-10-27,39269,33622
2023-10-28,38582,33239
2023-10-29,23018,19772
2023-10-30,36459,31806
2023-10-31,43520,37867
2023-11-01,41694,35850
2023-11-02,40353,35207
2023-11-03,39332,34074
2023-11-04,34105,28872
2023-11-05,19626,17005
2023-11-06,37699,32954
2023-11-07,40551,35125
2023-11-08,41179,35951
2023-11-09,42334,36563
2023-11-10,38453,32616
2023-11-11,30432,25363
2023-11-12,19769,17073
2023-11-13,31076,25972
2023-11-14,31317,24256
2023-11-15,21404,20003
2023-11-16,40961,35785
2023-11-17,39459,34351
2023-11-18,30319,25688
2023-11-19,21128,18401
2023-11-20,36811,32150
2023-11-21,40044,34580
2023-11-22,39756,34043
2023-11-23,41347,36307
2023-11-24,38292,33406
2023-11-25,41175,36950
2023-11-26,22274,20225
2023-11-27,36789,32046
2023-11-28,40026,34380
2023-11-29,41124,35747
2023-11-30,39161,32152
2023-12-01,37396,31835
2023-12-02,28987,24233
2023-12-03,20320,17097
2023-12-04,36405,31391
2023-12-05,41110,35479
2023-12-06,40518,34686
2023-12-07,41321,36192
2023-12-08,38678,33356
2023-12-09,28039,23251
2023-12-10,27696,24678
2023-12-11,35913,31004
2023-12-12,39869,34359
2023-12-13,40206,35176
2023-12-14,41419,35829
2023-12-15,38514,33066
2023-12-16,29797,25468
2023-12-17,20666,17896
2023-12-18,34619,29915
2023-12-19,37956,32893
2023-12-20,12173,12603
2024-01-16,17374,18431
2024-01-17,32136,34152
2024-01-18,33698,35702
2024-01-19,31397,33199
2024-01-20,21339,22256
2024-01-21,22406,23144
2024-01-22,29780,31747
2024-01-23,35370,37021
2024-01-24,35801,36988
2024-01-25,36429,37185
2024-01-26,33273,33913
2024-01-27,25056,25553
2024-01-28,25464,25791
2024-01-29,33061,33856
2024-01-30,37247,38140
2024-01-31,39556,40511
2024-02-01,36151,36940
2024-02-02,33802,34541
2024-02-03,28499,28984
2024-02-04,18363,18636
2024-02-05,32727,33562
2024-02-06,36405,37325
2024-02-07,35900,36750
2024-02-08,36158,36929
2024-02-09,32422,33058
2024-02-10,30375,30870
2024-02-11,17324,17548
2024-02-12,29666,30260
2024-02-13,33340,34168
2024-02-14,33088,33786
2024-02-15,33311,34125
2024-02-16,29757,30421
2024-02-17,23179,23553
2024-02-18,17266,17529
2024-02-19,29426,29955
2024-02-20,33273,33976
2024-02-21,33098,33814
2024-02-22,30693,31403
2024-02-23,31067,31798
2024-02-24,25032,25505
2024-02-25,19357,19737
2024-02-26,33600,34364
2024-02-27,37606,38341
2024-02-28,43284,44159
2024-02-29,38322,39105
2024-03-01,34523,35159
2024-03-02,25595,26068
2024-03-03,24667,25120
2024-03-04,35043,35791
2024-03-05,37541,38180
2024-03-06,35889,36820
2024-03-07,38177,38994
2024-03-08,38139,38970
2024-03-09,27377,27827
2024-03-10,17628,17792
2024-03-11,34874,35831
2024-03-12,38207,38929
2024-03-13,22302,22689
2024-03-14,25173,25692
2024-03-15,35213,35951
2024-03-16,30460,31063
2024-03-17,23575,23815
2024-03-18,32616,33296
2024-03-19,38796,39655
2024-03-20,28067,29548
2024-03-21,38878,39645
2024-03-22,38308,39144
2024-03-23,26014,26451
2024-03-24,19817,20128
2024-03-25,34697,35578
2024-03-26,38965,39981
2024-03-27,36921,37780
2024-03-28,34040,34695
2024-03-29,18273,18585
2024-03-30,20022,20274
2024-03-31,15940,16133
2024-04-01,18536,18810
2024-04-02,35942,36895
2024-04-03,41603,42423
2024-04-04,37986,38763
2024-04-05,38538,39576
2024-04-06,30198,30896
2024-04-07,21657,22127
2024-04-08,36371,37276
2024-04-09,37912,38861
2024-04-10,38955,39728
2024-04-11,40657,41816
2024-04-12,38126,39194
2024-04-13,35776,36514
2024-04-14,23702,24230
2024-04-15,29572,30140
2024-04-16,37346,38071
2024-04-17,37194,37955
2024-04-18,35296,36132
2024-04-19,32407,33360
2024-04-20,23036,23403
2024-04-21,23905,24280
2024-04-22,29905,30655
2024-04-23,33864,34526
2024-04-24,33934,34640
2024-04-25,34395,35159
2024-04-26,32801,33518
2024-04-27,27883,28449
2024-04-28,19688,19945
2024-04-29,30984,31647
2024-04-30,36088,36967
2024-05-01,22410,22911
2024-05-02,32624,33116
2024-05-03,31157,31797
2024-05-04,29480,30014
2024-05-05,25225,25554
2024-05-06,32667,33414
2024-05-07,34863,35728
2024-05-08,36420,37069
2024-05-09,19253,19587
2024-05-10,27603,28239
2024-05-11,25582,26285
2024-05-12,19077,19419
2024-05-13,35460,36257
2024-05-14,40780,41848
2024-05-15,42001,42810
2024-05-16,37396,38230
2024-05-17,34559,35242
2024-05-18,28793,29339
2024-05-19,20683,20973
2024-05-20,23638,24064
2024-05-21,35507,36324
2024-05-22,39051,39915
2024-05-23,37554,38736
2024-05-24,36738,37519
2024-05-25,34672,35365
2024-05-26,27971,28455
2024-05-27,33907,34738
2024-05-28,40710,41724
2024-05-29,38799,39648
2024-05-30,37848,38739
2024-05-31,32902,33607
2024-06-01,27954,28499
2024-06-02,22288,22525
2024-06-03,34073,34600
2024-06-04,41872,42947
2024-06-05,41650,42656
2024-06-06,39843,40831
2024-06-07,39608,40389
2024-06-08,29865,30470
2024-06-09,21573,21888
2024-06-10,35167,35934
2024-06-11,38210,38886
2024-06-12,40220,41314
2024-06-13,39896,40967
2024-06-14,37292,38046
2024-06-15,32584,33105
2024-06-16,23346,23763
2024-06-17,35675,36526
2024-06-18,40027,41263
2024-06-19,46175,47629
2024-06-20,40912,41854
2024-06-21,33320,33965
2024-06-22,20942,21317
2024-06-23,23316,23818
2024-06-24,37048,37872
2024-06-25,40009,41099
2024-06-26,39076,39973
2024-06-27,39243,40406
2024-06-28,36364,37343
2024-06-29,46199,46876
2024-06-30,22345,22628
2024-07-01,35842,36630
2024-07-02,38939,39654
2024-07-03,37015,37766
2024-07-04,39547,40405
2024-07-05,43210,44291
2024-07-06,31653,32208
2024-07-07,21517,21812
2024-07-08,38223,39426
2024-07-09,61860,63479
2024-07-10,57929,58997
2024-07-11,39811,40803
2024-07-12,32358,33093
2024-07-13,24850,25289
2024-07-14,23743,24310
2024-07-15,31785,32516
2024-07-16,37212,38012
2024-07-17,35060,35891
2024-07-18,34811,35679
2024-07-19,31206,31956
2024-07-20,22666,23184
2024-07-21,17862,18146
2024-07-22,27508,28055
2024-07-23,31242,32029
2024-07-24,31741,32553
2024-07-25,34251,35188
2024-07-26,28343,29143
2024-07-27,23080,23497
2024-07-28,21385,21722
2024-07-29,26376,27218
2024-07-30,28140,28878
2024-07-31,26791,27488
2024-08-01,16125,16350
2024-08-02,22239,22781
2024-08-03,22371,22871
2024-08-04,16640,16980
2024-08-05,28219,29043
2024-08-06,32058,32904
2024-08-07,30872,31537
2024-08-08,23422,24145
2024-08-09,27072,28009
2024-08-10,30044,30944
2024-08-11,27019,27593
2024-08-12,32386,33254
2024-08-13,36260,37334
2024-08-14,36459,37387
2024-08-15,37503,38551
2024-08-16,34603,35495
2024-08-17,28476,28929
2024-08-18,19103,19337
2024-08-19,35887,36638
2024-08-20,39732,40835
2024-08-21,39328,40203
2024-08-22,39892,41113
2024-08-23,37043,38196
2024-08-24,29914,30579
2024-08-25,19146,19310
2024-08-26,35714,36439
2024-08-27,40041,41107
2024-08-28,39855,41154
2024-08-29,39896,40929
2024-08-30,37500,38452
2024-08-31,29640,30245
2024-09-01,28163,28583
2024-09-02,36728,37572
2024-09-03,40056,41056
2024-09-04,40131,40976
2024-09-05,45663,46256
2024-09-06,38025,39013
2024-09-07,29137,29866
2024-09-08,19341,19599
2024-09-09,28380,28780
2024-09-10,38421,39226
2024-09-11,36230,37026
2024-09-12,38437,39114
2024-09-13,34022,34599
2024-09-14,25027,25382
2024-09-15,19768,20074
2024-09-16,33994,34733
2024-09-17,37723,38322
2024-09-18,38692,39551
2024-09-19,38622,39426
2024-09-20,37007,37825
2024-09-21,31216,31809
2024-09-22,21279,21613
2024-09-23,34014,34589
2024-09-24,40587,41433
2024-09-25,43387,44354
2024-09-26,38501,39359
2024-09-27,39939,40627
2024-09-28,27246,27531
2024-09-29,28458,28995
2024-09-30,35362,36038
2024-10-01,35874,36848
2024-10-02,38158,38958
2024-10-03,37629,38383
2024-10-04,33585,34308
2024-10-05,24856,25190
2024-10-06,23695,24015
2024-10-07,29574,30084
2024-10-08,30712,31239
2024-10-09,31818,32494
2024-10-10,30889,31415
2024-10-11,29054,29548
2024-10-12,20568,20705
2024-10-13,17206,17425
2024-10-14,29626,30150
2024-10-15,32989,33571
2024-10-16,33736,34436
2024-10-17,33859,34463
2024-10-18,31868,32370
2024-10-19,31211,31608
2024-10-20,19128,19342
2024-10-21,34824,35660
2024-10-22,38270,39056
2024-10-23,37181,37741
2024-10-24,38778,39612
2024-10-25,40929,41763
2024-10-26,29081,29550
2024-10-27,28022,28537
2024-10-28,35677,36405
2024-10-29,39253,40100
2024-10-30,38647,39441
2024-10-31,39123,39822
2024-11-01,38761,39550
2024-11-02,30951,31288
2024-11-03,19416,19624
2024-11-04,35216,35923
2024-11-05,39167,39981
2024-11-06,39452,40244
2024-11-07,40026,40665
2024-11-08,36981,37806
2024-11-09,27688,28093
2024-11-10,21597,21834
2024-11-11,34502,35113
2024-11-12,40053,40576
2024-11-13,39301,40015
2024-11-14,43972,44824
2024-11-15,41988,42759
2024-11-16,26935,27315
2024-11-17,19697,19927
2024-11-18,34522,35270
2024-11-19,38327,38963
2024-11-20,37847,38638
2024-11-21,40622,41646
2024-11-22,35348,36177
2024-11-23,26425,26804
2024-11-24,18028,18234
2024-11-25,34992,35723
2024-11-26,38534,39284
2024-11-27,38294,39085
2024-11-28,36641,37292
2024-11-29,40601,41557
2024-11-30,33836,34371
2024-12-01,19360,19683
2024-12-02,34076,34754
2024-12-03,45806,46654
2024-12-04,38676,39547
2024-12-05,39531,40465
2024-12-06,35725,36460
2024-12-07,25539,25912
2024-12-08,18314,18536
2024-12-09,34504,35331
2024-12-10,38758,39661
2024-12-11,37567,38421
2024-12-12,38399,39289
2024-12-13,37413,38154
2024-12-14,23510,23848
2024-12-15,23622,24111
2024-12-16,34044,34889
2024-12-17,37325,38173
2024-12-18,36020,36796
2024-12-19,34758,35337
2024-12-20,32323,33014
2024-12-21,21223,21559
2024-12-22,14324,14507
2024-12-23,18818,19151
2024-12-24,14830,15113
2024-12-25,10852,11022
2024-12-26,12172,12373
2024-12-27,16379,16700
2024-12-28,14653,14898
2024-12-29,12278,12426
2024-12-30,15706,15982
2024-12-31,16423,16701
2025-01-01,15575,15858
2025-01-02,12104,12242
2025-01-03,18225,18485
2025-01-04,16058,16443
2025-01-05,13106,13260
2025-01-06,30311,30963
2025-01-07,34056,34884
2025-01-08,33017,33651
2025-01-09,34291,34987
2025-01-10,31484,32241
2025-01-11,22986,23371
2025-01-12,16063,16408
2025-01-13,32458,33228
2025-01-14,35875,36729
2025-01-15,35848,36715
2025-01-16,36001,36850
2025-01-17,32063,32765
2025-01-18,21644,22075
2025-01-19,19144,19326
2025-01-20,32349,33101
2025-01-21,35815,36682
2025-01-22,35263,36006
2025-01-23,35722,36410
2025-01-24,33546,34380
2025-01-25,26240,26741
2025-01-26,18639,18944
2025-01-27,30536,31317
2025-01-28,35675,36480
2025-01-29,35758,36619
2025-01-30,36011,36769
2025-01-31,31919,32507
2025-02-01,22110,22456
2025-02-02,22197,22627
2025-02-03,32575,33350
2025-02-04,36810,37614
2025-02-05,35600,36412
2025-02-06,35469,36335
2025-02-07,32241,33082
2025-02-08,22770,23197
2025-02-09,20182,20529
2025-02-10,28267,28809
2025-02-11,29902,30576
2025-02-12,30878,31494
2025-02-13,30607,31164
2025-02-14,27481,27969
2025-02-15,20639,21031
2025-02-16,16994,17359
2025-02-17,28890,29524
2025-02-18,31951,32653
2025-02-19,26445,27041
2025-02-22,25323,25845
2025-02-23,17002,17188
2025-02-24,33883,34496
2025-02-25,37072,37859
2025-02-26,35886,36661
2025-02-27,40174,40989
2025-02-28,34021,34703
2025-03-01,24796,25243
2025-03-02,21896,22227
2025-03-03,34561,35447
2025-03-04,38804,39848
2025-03-05,38817,39808
2025-03-06,39067,40124
2025-03-07,35785,36702
2025-03-08,27520,28116
2025-03-09,23621,24077
2025-03-10,33721,34542
2025-03-11,38795,39495
2025-03-12,35851,36751
2025-03-13,37257,38039
2025-03-14,34077,34786
2025-03-15,27468,27891
2025-03-16,17519,17714
2025-03-17,34267,34949
2025-03-18,38544,39653
2025-03-19,39222,40433
2025-03-20,39510,40460
2025-03-21,35198,36033
2025-03-22,29682,30280
2025-03-23,18067,18349
2025-03-24,34557,35184
2025-03-25,38185,38894
2025-03-26,37274,38092
2025-03-27,39011,39852
2025-03-28,36895,37649
2025-03-29,27825,28200
2025-03-30,29075,29559
2025-03-31,34888,35568
2025-04-01,39620,40690
2025-04-02,42598,43819
2025-04-03,40253,41434
2025-04-04,38069,39267
2025-04-05,31269,31813
2025-04-06,22817,23237
2025-04-07,35613,36710
2025-04-08,39659,40833
2025-04-09,39407,40386
2025-04-10,39896,40973
2025-04-11,38738,39911
2025-04-12,38831,39579
2025-04-13,21741,22070
2025-04-14,35745,36625
2025-04-15,39683,40557
2025-04-16,37762,38539
2025-04-17,31799,32361
2025-04-18,18186,18498
2025-04-19,24797,25337
2025-04-20,14577,14816
2025-04-21,16028,16285
2025-04-22,30899,31579
2025-04-23,29967,30680
2025-04-24,31154,31752
2025-04-25,27961,28543
2025-04-26,23000,23413
2025-04-27,19701,20056
2025-04-28,29364,30111
2025-04-29,33872,34851
2025-04-30,34869,35929
2025-05-01,22922,23609
2025-05-02,28214,29102
2025-05-03,24254,24787
2025-05-04,15928,16143
2025-05-05,31953,32563
2025-05-06,37681,38321
2025-05-07,38201,38963
2025-05-08,38439,39154
2025-05-09,36383,37134
2025-05-10,35494,36430
2025-05-11,21505,22111
2025-05-12,35084,35905
2025-05-13,44173,45189
2025-05-14,41277,42482
2025-05-15,40126,41159
2025-05-16,38032,39049
2025-05-17,30590,31224
2025-05-18,22366,22860
2025-05-19,36964,38034
2025-05-20,38923,39802
2025-05-21,36965,37749
2025-05-22,39406,40106
2025-05-23,37231,38183
2025-05-24,28062,28514
2025-05-25,18908,19192
2025-05-26,34213,34919
2025-05-27,39046,39933
2025-05-28,35830,36670
2025-05-29,33622,34256
2025-05-30,27911,28870
2025-05-31,37459,38164
2025-06-01,17883,18408
2025-06-02,33199,33985
2025-06-03,38177,39015
2025-06-04,37733,38508
2025-06-05,38867,39739
2025-06-06,33967,34734
2025-06-07,21769,22070
2025-06-08,18458,18863
2025-06-09,18709,19226
2025-06-10,37611,38529
2025-06-11,40253,41415
2025-06-12,40440,41659
2025-06-13,38576,39878
2025-06-14,25946,26655
2025-06-15,17356,17619
2025-06-16,36028,36913
2025-06-17,40205,41602
2025-06-18,41365,42710
2025-06-19,41202,42544
2025-06-20,38294,39416
2025-06-21,24227,24844
2025-06-22,18435,18938
2025-06-23,35446,36394
2025-06-24,40273,41633
2025-06-25,39750,41073
2025-06-26,39526,40504
2025-06-27,38294,39539
2025-06-28,30481,31361
2025-06-29,23857,24458
2025-06-30,35673,36659
2025-07-01,42273,43600
2025-07-02,40755,42115
2025-07-03,39463,40438
2025-07-04,37898,38747
2025-07-05,35975,36929
2025-07-06,21002,21399
2025-07-07,32654,33264
2025-07-08,37683,38427
2025-07-09,46247,47414
2025-07-10,40138,41488
2025-07-11,35601,36590
2025-07-12,33831,34718
2025-07-13,20700,21204
2025-07-14,31487,32154
2025-07-15,34868,35642
2025-07-16,34643,35545
2025-07-17,37800,38929
2025-07-18,35183,36949
2025-07-19,21490,21888
2025-07-20,17001,17440
2025-07-21,28545,29139
2025-07-22,32192,32968
2025-07-23,36848,38228
2025-07-24,30230,31032
2025-07-25,31288,31948
2025-07-26,21550,21977
2025-07-27,16321,16527
2025-07-28,24665,25103
2025-07-29,30381,31131
2025-07-30,28867,29435
2025-07-31,28166,28728
2025-08-01,18769,19114
2025-08-02,29412,29750
2025-08-03,27115,27536
2025-08-04,27586,28249
2025-08-05,30749,31409
2025-08-06,31606,32347
2025-08-07,30761,31692
2025-08-08,29772,30674
2025-08-09,29742,30619
2025-08-10,23761,24610
2025-08-11,32728,33993
2025-08-12,45022,46106
2025-08-13,35185,36134
2025-08-14,35783,36752
2025-08-15,33306,34154
2025-08-16,28721,29487
2025-08-17,21870,22348
2025-08-18,35300,36330
2025-08-19,40201,41274
2025-08-20,37487,38257
2025-08-21,35361,36193
2025-08-22,36705,37585
2025-08-23,33601,34162
2025-08-24,25376,25972
2025-08-25,36208,37405
2025-08-26,39555,40716
2025-08-27,38565,39473
2025-08-28,44461,45182
2025-08-29,36145,37082
2025-08-30,27914,28506
2025-08-31,22011,22728
2025-09-01,34483,35166
2025-09-02,38067,39164
2025-09-03,39283,40384
2025-09-04,36674,37634
2025-09-05,34796,35531
2025-09-06,28644,29269
2025-09-07,22440,22968
2025-09-08,34397,35247
2025-09-09,37990,38699
2025-09-10,38350,39242
2025-09-11,38158,39063
2025-09-12,34717,35333
2025-09-13,31337,32058
2025-09-14,21916,22380
2025-09-15,32264,33180
2025-09-16,38280,39088
2025-09-17,39115,40267
2025-09-18,39471,40817
2025-09-19,37600,38784
2025-09-20,29778,30514
2025-09-21,19482,19844
2025-09-22,33562,33801
2025-09-23,38279,39055
2025-09-24,37208,37920
2025-09-25,38602,39372
2025-09-26,35299,36006
2025-09-27,31067,31603
2025-09-28,20850,21178
2025-09-29,35175,36013
2025-09-30,38162,38991
2025-10-01,38717,39694
2025-10-02,39461,40341
2025-10-03,35311,35951
2025-10-04,30236,30748
2025-10-05,17405,17760
2025-10-06,29283,29887
2025-10-07,31923,32746
2025-10-08,32636,33382
2025-10-09,32157,32782
2025-10-10,30027,30674
2025-10-11,22792,23068
2025-10-12,16342,16614
2025-10-13,28994,29536
2025-10-14,32987,33704
2025-10-15,33194,33967
2025-10-16,32931,33647
2025-10-17,31150,31788
2025-10-18,23483,23947
2025-10-19,20753,21003
2025-10-20,34371,35176
2025-10-21,38959,39718
2025-10-22,37744,38408
2025-10-23,38287,39109
2025-10-24,37326,38337
2025-10-25,25101,25622
2025-10-26,26140,26433
2025-10-27,31020,31606
2025-10-28,36849,37891
2025-10-29,38643,39774
2025-10-30,41315,42113
2025-10-31,37527,38529
2025-11-01,30822,31415
2025-11-02,17378,17745
2025-11-03,36557,37589
2025-11-04,39558,40572
2025-11-05,39430,40462
2025-11-06,39439,40328
2025-11-07,36711,37703
2025-11-08,30360,30993
2025-11-09,18704,18931
2025-11-10,35939,36675
2025-11-11,26281,26885
2025-11-12,39717,40741
2025-11-13,41272,42267
2025-11-14,38031,38913
2025-11-15,29715,30424
2025-11-16,19646,19891
2025-11-17,33736,34344
2025-11-18,39095,40078
2025-11-19,38179,39033
2025-11-20,38990,39647
2025-11-21,35809,36662
2025-11-22,24810,25274
2025-11-23,21392,21758
2025-11-24,30712,31516
2025-11-25,36804,37715
2025-11-26,37383,38136
2025-11-27,39318,40237
2025-11-28,37177,38134
2025-11-29,34057,34750
2025-11-30,18955,19283
2025-12-01,35038,35787
2025-12-02,38890,39862
2025-12-03,38060,39046
2025-12-04,38892,39825
2025-12-05,36070,36794
2025-12-06,29081,29671
2025-12-07,18983,19304
2025-12-08,35392,35989
2025-12-09,39423,40316
2025-12-10,38444,39509
2025-12-11,39020,39860
2025-12-12,37604,38427
2025-12-13,30422,30943
2025-12-14,20315,20491
2025-12-15,34677,35497
2025-12-16,38636,39609
2025-12-17,40226,41232
2025-12-18,37261,38218
2025-12-19,35194,35948
2025-12-20,25360,25803
2025-12-21,19987,20233
2025-12-22,23033,23554
2025-12-23,22038,22465
2025-12-24,15133,15516
2025-12-25,10388,10566
2025-12-26,12341,12572
2025-12-27,15049,15393
2025-12-28,12943,13245
2025-12-29,17168,17550
2025-12-30,17739,18165
2025-12-31,17813,18283
2026-01-01,16008,16380
2026-01-02,14609,14943
2026-01-03,16453,16816
2026-01-04,13592,13949
2026-01-05,30762,31796
2026-01-06,33879,34877
2026-01-07,33659,34627
2026-01-08,33432,34244
2026-01-09,32282,33055
2026-01-10,19239,19730
2026-01-11,15946,16262
2026-01-12,33786,34502
2026-01-13,37825,38593
2026-01-14,37692,38529
2026-01-15,38567,39438
2026-01-16,34999,35750
2026-01-17,23677,23971
2026-01-18,17943,18270
2026-01-19,34212,34937
2026-01-20,38667,39497
2026-01-21,37782,38697
2026-01-22,38348,39007
2026-01-23,35391,36024
2026-01-24,24975,25423
2026-01-25,24433,24752
2026-01-26,34392,35163
2026-01-27,39071,40021
2026-01-28,36915,37677
2026-01-29,38752,39551
2026-01-30,33943,34739
2026-01-31,26217,26729
2026-02-01,19381,19609
2026-02-02,34602,35425
2026-02-03,38855,39982
2026-02-04,38349,39272
2026-02-05,38464,39353
2026-02-06,33941,34710
2026-02-07,25804,26371
2026-02-08,16752,17025
2026-02-09,30647,31346
2026-02-10,33341,34033
2026-02-11,15516,15841
