structure,type,seas_adj,date,value
ch_sent_mean,index,sa,1995-01-01,0.8262224657134475
ch_sent_mean,index,sa,1995-02-01,0.6217223616727495
ch_sent_mean,index,sa,1995-03-01,0.5531387168020288
ch_sent_mean,index,sa,1995-04-01,0.24978313820090486
ch_sent_mean,index,sa,1995-05-01,0.036844780453196474
ch_sent_mean,index,sa,1995-06-01,0.11928289788326533
ch_sent_mean,index,sa,1995-07-01,-0.08853982109629023
ch_sent_mean,index,sa,1995-08-01,-0.2321640681191906
ch_sent_mean,index,sa,1995-09-01,-0.32553156652927934
ch_sent_mean,index,sa,1995-10-01,-0.6951755574616292
ch_sent_mean,index,sa,1995-11-01,-0.6091301053157184
ch_sent_mean,index,sa,1995-12-01,-0.7365733749351537
ch_sent_mean,index,sa,1996-01-01,-0.8886861335563816
ch_sent_mean,index,sa,1996-02-01,-0.8768927673912269
ch_sent_mean,index,sa,1996-03-01,-1.0072107002980037
ch_sent_mean,index,sa,1996-04-01,-1.2329199269793758
ch_sent_mean,index,sa,1996-05-01,-1.2990079120141427
ch_sent_mean,index,sa,1996-06-01,-1.1827136824372457
ch_sent_mean,index,sa,1996-07-01,-1.2387990973361953
ch_sent_mean,index,sa,1996-08-01,-1.0927306731933344
ch_sent_mean,index,sa,1996-09-01,-1.175133309363655
ch_sent_mean,index,sa,1996-10-01,-0.9793724453140151
ch_sent_mean,index,sa,1996-11-01,-0.8760500155880657
ch_sent_mean,index,sa,1996-12-01,-0.8583174954572393
ch_sent_mean,index,sa,1997-01-01,-0.7001905639569647
ch_sent_mean,index,sa,1997-02-01,-0.5805758203172873
ch_sent_mean,index,sa,1997-03-01,-0.4286192892472757
ch_sent_mean,index,sa,1997-04-01,-0.5088158610506006
ch_sent_mean,index,sa,1997-05-01,-0.12644310147587992
ch_sent_mean,index,sa,1997-06-01,-0.22029240430096192
ch_sent_mean,index,sa,1997-07-01,0.23044639458090135
ch_sent_mean,index,sa,1997-08-01,0.16290075390144967
ch_sent_mean,index,sa,1997-09-01,0.24204418275920134
ch_sent_mean,index,sa,1997-10-01,0.6520653113107693
ch_sent_mean,index,sa,1997-11-01,0.6439651481603794
ch_sent_mean,index,sa,1997-12-01,0.46316089121579007
ch_sent_mean,index,sa,1998-01-01,0.4035134983841452
ch_sent_mean,index,sa,1998-02-01,0.18704769936927984
ch_sent_mean,index,sa,1998-03-01,0.21213584739494706
ch_sent_mean,index,sa,1998-04-01,0.2233829842849609
ch_sent_mean,index,sa,1998-05-01,0.1776362275194662
ch_sent_mean,index,sa,1998-06-01,0.1256442485516311
ch_sent_mean,index,sa,1998-07-01,0.17246164628850938
ch_sent_mean,index,sa,1998-08-01,0.011845852403781209
ch_sent_mean,index,sa,1998-09-01,-0.16896747792863331
ch_sent_mean,index,sa,1998-10-01,-0.44507396580899883
ch_sent_mean,index,sa,1998-11-01,-0.5514958391557052
ch_sent_mean,index,sa,1998-12-01,-0.4261773619931574
ch_sent_mean,index,sa,1999-01-01,-0.5027916594934291
ch_sent_mean,index,sa,1999-02-01,-0.43414050777302016
ch_sent_mean,index,sa,1999-03-01,-0.5077688333312725
ch_sent_mean,index,sa,1999-04-01,-0.10799907317966188
ch_sent_mean,index,sa,1999-05-01,-0.16585030889674904
ch_sent_mean,index,sa,1999-06-01,-0.07516710258524727
ch_sent_mean,index,sa,1999-07-01,0.20763291554757562
ch_sent_mean,index,sa,1999-08-01,0.15979719125188538
ch_sent_mean,index,sa,1999-09-01,0.42478777253055505
ch_sent_mean,index,sa,1999-10-01,0.7801771115928513
ch_sent_mean,index,sa,1999-11-01,0.7462977834432015
ch_sent_mean,index,sa,1999-12-01,0.9557220954795317
ch_sent_mean,index,sa,2000-01-01,0.8285867144408546
ch_sent_mean,index,sa,2000-02-01,0.9318240959072396
ch_sent_mean,index,sa,2000-03-01,1.2433141289522915
ch_sent_mean,index,sa,2000-04-01,1.1983440534381995
ch_sent_mean,index,sa,2000-05-01,1.050663457266395
ch_sent_mean,index,sa,2000-06-01,1.4390305631434572
ch_sent_mean,index,sa,2000-07-01,0.9677402330575787
ch_sent_mean,index,sa,2000-08-01,1.001848339696444
ch_sent_mean,index,sa,2000-09-01,1.18280766266538
ch_sent_mean,index,sa,2000-10-01,1.1505103792492932
ch_sent_mean,index,sa,2000-11-01,1.1816995739054421
ch_sent_mean,index,sa,2000-12-01,1.082980588582419
ch_sent_mean,index,sa,2001-01-01,0.7175049694240002
ch_sent_mean,index,sa,2001-02-01,0.6786378699464888
ch_sent_mean,index,sa,2001-03-01,0.41855653442556345
ch_sent_mean,index,sa,2001-04-01,-0.022594581524889565
ch_sent_mean,index,sa,2001-05-01,-0.06848750913199994
ch_sent_mean,index,sa,2001-06-01,-0.10952307918760606
ch_sent_mean,index,sa,2001-07-01,-0.5429540804884339
ch_sent_mean,index,sa,2001-08-01,-0.46122244979227156
ch_sent_mean,index,sa,2001-09-01,-0.6066351404886803
ch_sent_mean,index,sa,2001-10-01,-1.30918199297276
ch_sent_mean,index,sa,2001-11-01,-1.2805840726122115
ch_sent_mean,index,sa,2001-12-01,-1.3178819750030017
ch_sent_mean,index,sa,2002-01-01,-0.9840965211308279
ch_sent_mean,index,sa,2002-02-01,-0.670786090475343
ch_sent_mean,index,sa,2002-03-01,-0.6610735263392192
ch_sent_mean,index,sa,2002-04-01,-0.48739544674185226
ch_sent_mean,index,sa,2002-05-01,-0.226694403937704
ch_sent_mean,index,sa,2002-06-01,-0.3994088329675817
ch_sent_mean,index,sa,2002-07-01,-0.4158651326197541
ch_sent_mean,index,sa,2002-08-01,-0.4839527196397751
ch_sent_mean,index,sa,2002-09-01,-0.7283024133124364
ch_sent_mean,index,sa,2002-10-01,-0.7660660930850355
ch_sent_mean,index,sa,2002-11-01,-0.5446362615554652
ch_sent_mean,index,sa,2002-12-01,-0.8131980830950103
ch_sent_mean,index,sa,2003-01-01,-0.5695228993148531
ch_sent_mean,index,sa,2003-02-01,-0.6632087416447229
ch_sent_mean,index,sa,2003-03-01,-0.8052252680480861
ch_sent_mean,index,sa,2003-04-01,-0.9975735128948322
ch_sent_mean,index,sa,2003-05-01,-0.9063669195022571
ch_sent_mean,index,sa,2003-06-01,-0.9600258983104839
ch_sent_mean,index,sa,2003-07-01,-0.6858150464691782
ch_sent_mean,index,sa,2003-08-01,-0.4765444914722818
ch_sent_mean,index,sa,2003-09-01,-0.47482312204585087
ch_sent_mean,index,sa,2003-10-01,0.04126009443083452
ch_sent_mean,index,sa,2003-11-01,0.08828315674288338
ch_sent_mean,index,sa,2003-12-01,0.1032742808149552
ch_sent_mean,index,sa,2004-01-01,0.3248261088761822
ch_sent_mean,index,sa,2004-02-01,0.22081049338408001
ch_sent_mean,index,sa,2004-03-01,0.5176533229704807
ch_sent_mean,index,sa,2004-04-01,0.7807732918042335
ch_sent_mean,index,sa,2004-05-01,0.660373821907662
ch_sent_mean,index,sa,2004-06-01,0.5904931731800929
ch_sent_mean,index,sa,2004-07-01,0.697225418751122
ch_sent_mean,index,sa,2004-08-01,0.5585209895180195
ch_sent_mean,index,sa,2004-09-01,0.6585831895252097
ch_sent_mean,index,sa,2004-10-01,0.5363802065186201
ch_sent_mean,index,sa,2004-11-01,0.35619861256564145
ch_sent_mean,index,sa,2004-12-01,0.46073939245328227
ch_sent_mean,index,sa,2005-01-01,0.39305548369119825
ch_sent_mean,index,sa,2005-02-01,0.2108192790524901
ch_sent_mean,index,sa,2005-03-01,0.2270298299409541
ch_sent_mean,index,sa,2005-04-01,0.2197270231449487
ch_sent_mean,index,sa,2005-05-01,0.23035596257141527
ch_sent_mean,index,sa,2005-06-01,0.14075110239557886
ch_sent_mean,index,sa,2005-07-01,0.20331910538027453
ch_sent_mean,index,sa,2005-08-01,0.05649137093527596
ch_sent_mean,index,sa,2005-09-01,0.3632884832418089
ch_sent_mean,index,sa,2005-10-01,0.6300033785697603
ch_sent_mean,index,sa,2005-11-01,0.4758328134690488
ch_sent_mean,index,sa,2005-12-01,0.6939440520058681
ch_sent_mean,index,sa,2006-01-01,0.8273092619271742
ch_sent_mean,index,sa,2006-02-01,0.9523175443882821
ch_sent_mean,index,sa,2006-03-01,0.9545936130114364
ch_sent_mean,index,sa,2006-04-01,1.1510941096106813
ch_sent_mean,index,sa,2006-05-01,1.0222414847672687
ch_sent_mean,index,sa,2006-06-01,1.2459343368826696
ch_sent_mean,index,sa,2006-07-01,1.0868801987290888
ch_sent_mean,index,sa,2006-08-01,1.1631369371232732
ch_sent_mean,index,sa,2006-09-01,1.153127885817687
ch_sent_mean,index,sa,2006-10-01,1.0723089695830523
ch_sent_mean,index,sa,2006-11-01,1.210688554186646
ch_sent_mean,index,sa,2006-12-01,1.2353216176423916
ch_sent_mean,index,sa,2007-01-01,1.1839786969619417
ch_sent_mean,index,sa,2007-02-01,1.339776140688872
ch_sent_mean,index,sa,2007-03-01,1.2117870415491796
ch_sent_mean,index,sa,2007-04-01,1.022754393370086
ch_sent_mean,index,sa,2007-05-01,0.9831910893224438
ch_sent_mean,index,sa,2007-06-01,1.2032275365569252
ch_sent_mean,index,sa,2007-07-01,0.9481940485831983
ch_sent_mean,index,sa,2007-08-01,1.0026719489942233
ch_sent_mean,index,sa,2007-09-01,0.9233018977892454
ch_sent_mean,index,sa,2007-10-01,0.6679745844468838
ch_sent_mean,index,sa,2007-11-01,0.8899779537157915
ch_sent_mean,index,sa,2007-12-01,0.7455664705401758
ch_sent_mean,index,sa,2008-01-01,0.6582618250287401
ch_sent_mean,index,sa,2008-02-01,0.6063735572284031
ch_sent_mean,index,sa,2008-03-01,0.4764828448473126
ch_sent_mean,index,sa,2008-04-01,0.023689199571980412
ch_sent_mean,index,sa,2008-05-01,0.2755196842352187
ch_sent_mean,index,sa,2008-06-01,0.017000244091343753
ch_sent_mean,index,sa,2008-07-01,-0.21506114698848353
ch_sent_mean,index,sa,2008-08-01,-0.3090130425939504
ch_sent_mean,index,sa,2008-09-01,-0.553294899347786
ch_sent_mean,index,sa,2008-10-01,-1.086488281844964
ch_sent_mean,index,sa,2008-11-01,-1.6088026300394855
ch_sent_mean,index,sa,2008-12-01,-1.8137424338701638
ch_sent_mean,index,sa,2009-01-01,-2.1517861590301837
ch_sent_mean,index,sa,2009-02-01,-2.336489760178697
ch_sent_mean,index,sa,2009-03-01,-2.5079615151704338
ch_sent_mean,index,sa,2009-04-01,-2.4295134885855902
ch_sent_mean,index,sa,2009-05-01,-2.1027878773375135
ch_sent_mean,index,sa,2009-06-01,-1.8166577045549188
ch_sent_mean,index,sa,2009-07-01,-1.3399747493546608
ch_sent_mean,index,sa,2009-08-01,-1.0608335103285744
ch_sent_mean,index,sa,2009-09-01,-0.7501786738689566
ch_sent_mean,index,sa,2009-10-01,-0.19211526168992854
ch_sent_mean,index,sa,2009-11-01,-0.1434250677178499
ch_sent_mean,index,sa,2009-12-01,0.06689754934265352
ch_sent_mean,index,sa,2010-01-01,0.3412721545095763
ch_sent_mean,index,sa,2010-02-01,0.4024966765171536
ch_sent_mean,index,sa,2010-03-01,0.690670270110156
ch_sent_mean,index,sa,2010-04-01,1.0937077602616287
ch_sent_mean,index,sa,2010-05-01,1.020602293307395
ch_sent_mean,index,sa,2010-06-01,0.961629858364384
ch_sent_mean,index,sa,2010-07-01,1.0057289553828312
ch_sent_mean,index,sa,2010-08-01,0.8571361587161903
ch_sent_mean,index,sa,2010-09-01,0.8822895198565752
ch_sent_mean,index,sa,2010-10-01,0.8533548893973588
ch_sent_mean,index,sa,2010-11-01,0.8884432765193513
ch_sent_mean,index,sa,2010-12-01,1.0304140488808058
ch_sent_mean,index,sa,2011-01-01,0.9496504787503561
ch_sent_mean,index,sa,2011-02-01,0.7732549442623656
ch_sent_mean,index,sa,2011-03-01,0.8203166265653327
ch_sent_mean,index,sa,2011-04-01,0.8038813653088349
ch_sent_mean,index,sa,2011-05-01,0.532281961963519
ch_sent_mean,index,sa,2011-06-01,0.3236900105089463
ch_sent_mean,index,sa,2011-07-01,-0.2744633286297075
ch_sent_mean,index,sa,2011-08-01,-0.706486700917553
ch_sent_mean,index,sa,2011-09-01,-0.6877443824432833
ch_sent_mean,index,sa,2011-10-01,-0.8837999323137484
ch_sent_mean,index,sa,2011-11-01,-1.0950773969280674
ch_sent_mean,index,sa,2011-12-01,-0.8477665625609351
ch_sent_mean,index,sa,2012-01-01,-0.8707215848209965
ch_sent_mean,index,sa,2012-02-01,-0.6569541548662041
ch_sent_mean,index,sa,2012-03-01,-0.4718103168842689
ch_sent_mean,index,sa,2012-04-01,-0.40291764065325725
ch_sent_mean,index,sa,2012-05-01,-0.6273606814959383
ch_sent_mean,index,sa,2012-06-01,-0.5710931166115293
ch_sent_mean,index,sa,2012-07-01,-0.6826183512494682
ch_sent_mean,index,sa,2012-08-01,-0.4951757983093057
ch_sent_mean,index,sa,2012-09-01,-0.4811516821515079
ch_sent_mean,index,sa,2012-10-01,-0.5213987670178849
ch_sent_mean,index,sa,2012-11-01,-0.5181113301873262
ch_sent_mean,index,sa,2012-12-01,-0.5051408822082116
ch_sent_mean,index,sa,2013-01-01,-0.22707510056180863
ch_sent_mean,index,sa,2013-02-01,-0.13825066836327657
ch_sent_mean,index,sa,2013-03-01,-0.2429331555233612
ch_sent_mean,index,sa,2013-04-01,-0.20951726843183935
ch_sent_mean,index,sa,2013-05-01,-0.11932937132464103
ch_sent_mean,index,sa,2013-06-01,-0.1273442810163141
ch_sent_mean,index,sa,2013-07-01,-0.06944036785330356
ch_sent_mean,index,sa,2013-08-01,0.06710010178725231
ch_sent_mean,index,sa,2013-09-01,0.128060063753608
ch_sent_mean,index,sa,2013-10-01,0.28702414599386045
ch_sent_mean,index,sa,2013-11-01,0.3789514062713028
ch_sent_mean,index,sa,2013-12-01,0.3283990589442276
ch_sent_mean,index,sa,2014-01-01,0.5766349959169721
ch_sent_mean,index,sa,2014-02-01,0.4861201821393723
ch_sent_mean,index,sa,2014-03-01,0.2789950836522639
ch_sent_mean,index,sa,2014-04-01,0.20896091789250146
ch_sent_mean,index,sa,2014-05-01,0.23523536755222132
ch_sent_mean,index,sa,2014-06-01,0.20042187217102753
ch_sent_mean,index,sa,2014-07-01,0.1375875094222451
ch_sent_mean,index,sa,2014-08-01,0.01041749946359582
ch_sent_mean,index,sa,2014-09-01,-0.12142430874539524
ch_sent_mean,index,sa,2014-10-01,-0.06920699472672798
ch_sent_mean,index,sa,2014-11-01,-0.18543222044003393
ch_sent_mean,index,sa,2014-12-01,-0.2325794575675593
ch_sent_mean,index,sa,2015-01-01,-0.5231239628628261
ch_sent_mean,index,sa,2015-02-01,-1.1960275038167245
ch_sent_mean,index,sa,2015-03-01,-0.9187631084335796
ch_sent_mean,index,sa,2015-04-01,-0.7964118247964175
ch_sent_mean,index,sa,2015-05-01,-0.7689677624100518
ch_sent_mean,index,sa,2015-06-01,-0.8153215326780681
ch_sent_mean,index,sa,2015-07-01,-0.6536092280308391
ch_sent_mean,index,sa,2015-08-01,-0.5614911877141682
ch_sent_mean,index,sa,2015-09-01,-0.6377003465105245
ch_sent_mean,index,sa,2015-10-01,-0.4794774198355613
ch_sent_mean,index,sa,2015-11-01,-0.4983643903553336
ch_sent_mean,index,sa,2015-12-01,-0.47028385246709825
ch_sent_mean,index,sa,2016-01-01,-0.4373676579113659
ch_sent_mean,index,sa,2016-02-01,-0.5572339768682489
ch_sent_mean,index,sa,2016-03-01,-0.3118488626471964
ch_sent_mean,index,sa,2016-04-01,-0.2220592319538207
ch_sent_mean,index,sa,2016-05-01,-0.17200306385207587
ch_sent_mean,index,sa,2016-06-01,-0.1953682004268188
ch_sent_mean,index,sa,2016-07-01,-0.1405022771749379
ch_sent_mean,index,sa,2016-08-01,-0.29947516764993753
ch_sent_mean,index,sa,2016-09-01,-0.037204193774729874
ch_sent_mean,index,sa,2016-10-01,-0.03272026483528253
ch_sent_mean,index,sa,2016-11-01,-0.015140897275467271
ch_sent_mean,index,sa,2016-12-01,0.15629790961145654
ch_sent_mean,index,sa,2017-01-01,0.21825638658625313
ch_sent_mean,index,sa,2017-02-01,0.27017869975138065
ch_sent_mean,index,sa,2017-03-01,0.3929472715794915
ch_sent_mean,index,sa,2017-04-01,0.37616660802974905
ch_sent_mean,index,sa,2017-05-01,0.2782603477750727
ch_sent_mean,index,sa,2017-06-01,0.4563168067354439
ch_sent_mean,index,sa,2017-07-01,0.560920716141777
ch_sent_mean,index,sa,2017-08-01,0.579841951340101
ch_sent_mean,index,sa,2017-09-01,0.740204809573481
ch_sent_mean,index,sa,2017-10-01,0.8424490527062327
ch_sent_mean,index,sa,2017-11-01,1.034999702599902
ch_sent_mean,index,sa,2017-12-01,0.9187155585335729
ch_sent_mean,index,sa,2018-01-01,1.0502789390573233
ch_sent_mean,index,sa,2018-02-01,0.9894112536179378
ch_sent_mean,index,sa,2018-03-01,0.8371636872291186
ch_sent_mean,index,sa,2018-04-01,0.872699302075025
ch_sent_mean,index,sa,2018-05-01,0.85293187578232
ch_sent_mean,index,sa,2018-06-01,0.7985973636983712
ch_sent_mean,index,sa,2018-07-01,0.7111220400751884
ch_sent_mean,index,sa,2018-08-01,0.5982751667704507
ch_sent_mean,index,sa,2018-09-01,0.5923972544303956
ch_sent_mean,index,sa,2018-10-01,0.2709614726345871
ch_sent_mean,index,sa,2018-11-01,0.28081925856581474
ch_sent_mean,index,sa,2018-12-01,0.23501480126547694
ch_sent_mean,index,sa,2019-01-01,-0.056034130771707824
ch_sent_mean,index,sa,2019-02-01,0.0015916277109570382
ch_sent_mean,index,sa,2019-03-01,-0.05482199509196219
ch_sent_mean,index,sa,2019-04-01,0.00764202159862976
ch_sent_mean,index,sa,2019-05-01,-0.027846350584190844
ch_sent_mean,index,sa,2019-06-01,-0.13061664225489908
ch_sent_mean,index,sa,2019-07-01,-0.4752097532809148
ch_sent_mean,index,sa,2019-08-01,-0.35095982479308
ch_sent_mean,index,sa,2019-09-01,-0.43990818920292385
ch_sent_mean,index,sa,2019-10-01,-0.3735944466544876
ch_sent_mean,index,sa,2019-11-01,-0.21604041103832716
ch_sent_mean,index,sa,2019-12-01,-0.22833220188488063
ch_sent_mean,index,sa,2020-01-01,-0.1496242821445752
ch_sent_mean,index,sa,2020-02-01,-0.1687327113459749
ch_sent_mean,index,sa,2020-03-01,-1.0264652581139397
ch_sent_mean,index,sa,2020-04-01,-1.9979724778642027
ch_sent_mean,index,sa,2020-05-01,-1.7462648120106783
ch_sent_mean,index,sa,2020-06-01,-1.1362419384459987
ch_sent_mean,index,sa,2020-07-01,-0.43652075199826645
ch_sent_mean,index,sa,2020-08-01,-0.20170288260802238
ch_sent_mean,index,sa,2020-09-01,-0.2717724007136723
ch_sent_mean,index,sa,2020-10-01,0.11869716473730045
ch_sent_mean,index,sa,2020-11-01,-0.09971362488320569
ch_sent_mean,index,sa,2020-12-01,0.24587512441560966
ch_sent_mean,index,sa,2021-01-01,0.37063304468190494
ch_sent_mean,index,sa,2021-02-01,0.5468236944200338
ch_sent_mean,index,sa,2021-03-01,0.8758399354385236
ch_sent_mean,index,sa,2021-04-01,1.507666314347224
ch_sent_mean,index,sa,2021-05-01,1.5054883908586967
ch_sent_mean,index,sa,2021-06-01,1.539150890306777
ch_sent_mean,index,sa,2021-07-01,1.782970772297718
ch_sent_mean,index,sa,2021-08-01,1.5586017624161153
ch_sent_mean,index,sa,2021-09-01,1.657500839405804
ch_sent_mean,index,sa,2021-10-01,1.526446045719599
ch_sent_mean,index,sa,2021-11-01,1.324974872725918
ch_sent_mean,index,sa,2021-12-01,1.1591467342493582
ch_sent_mean,index,sa,2022-01-01,1.1134647178124846
ch_sent_mean,index,sa,2022-02-01,1.2419069838083316
ch_sent_mean,index,sa,2022-03-01,0.8114525592475862
ch_sent_mean,index,sa,2022-04-01,0.773781908198003
ch_sent_mean,index,sa,2022-05-01,0.5546324261039187
ch_sent_mean,index,sa,2022-06-01,0.580209660443751
ch_sent_mean,index,sa,2022-07-01,0.1632188884759147
ch_sent_mean,index,sa,2022-08-01,-0.04635722524301853
ch_sent_mean,index,sa,2022-09-01,-0.21076189672658985
ch_sent_mean,index,sa,2022-10-01,-0.34377569410018066
ch_sent_mean,index,sa,2022-11-01,-0.39908729845664526
ch_sent_mean,index,sa,2022-12-01,-0.10405674330896492
ch_sent_mean,index,sa,2023-01-01,-0.3767034191825959
ch_sent_mean,index,sa,2023-02-01,-0.3193266854016582
ch_sent_mean,index,sa,2023-03-01,-0.4140288061172105
ch_sent_mean,index,sa,2023-04-01,-0.6919378969890705
ch_sent_mean,index,sa,2023-05-01,-0.9297857480405071
ch_sent_mean,index,sa,2023-06-01,-0.7400384527301419
ch_sent_mean,index,sa,2023-07-01,-1.0177846931920569
ch_sent_mean,index,sa,2023-08-01,-0.9542551986894049
ch_sent_mean,index,sa,2023-09-01,-0.8353431395747606
ch_sent_mean,index,sa,2023-10-01,-0.8866325570922675
ch_sent_mean,index,sa,2023-11-01,-0.6719157254715875
ch_sent_mean,index,sa,2023-12-01,-0.7557390251284551
ch_sent_mean,index,sa,2024-01-01,-0.5553912330341042
ch_sent_mean,index,sa,2024-02-01,-0.6016979796693962
ch_sent_mean,index,sa,2024-03-01,-0.4908845091357323
ch_sent_mean,index,sa,2024-04-01,-0.4136278693417007
ch_sent_mean,index,sa,2024-05-01,-0.16166721898242006
ch_sent_mean,index,sa,2024-06-01,-0.19970330757551483
ch_sent_mean,index,sa,2024-07-01,-0.17614360306033292
ch_sent_mean,index,sa,2024-08-01,-0.06944650059068261
ch_sent_mean,index,sa,2024-09-01,-0.10502903524615316
ch_sent_mean,index,sa,2024-10-01,-0.2018966295280698
ch_sent_mean,index,sa,2024-11-01,-0.2467812670160398
ch_sent_mean,index,sa,2024-12-01,-0.31660820494173836
ch_sent_mean,index,sa,2025-01-01,-0.1804841864647701
ch_sent_mean,index,sa,2025-02-01,-0.15762328251794955
ch_sent_mean,index,sa,2025-03-01,-0.21804042933643952
ch_sent_mean,index,sa,2025-04-01,-0.8004667810404366
ch_sent_mean,index,sa,2025-05-01,-0.530011840141217
ch_sent_mean,index,sa,2025-06-01,-0.36051510978485424
ch_sent_mean,index,sa,2025-07-01,-0.28987314864730035
ch_sent_mean,index,sa,2025-08-01,-0.7494243580832208
ch_sent_mean,index,sa,2025-09-01,-0.7569464867486027
ch_sent_mean,index,sa,2025-10-01,-0.4023878825105354
ch_sent_mean,index,sa,2025-11-01,-0.23612002950050942
ch_sent_mean,index,sa,2025-12-01,-0.12711729674377528
ch_sent_mean,index,sa,2026-01-01,0.05968394541852229
ch_sent_mean,index,sa,2026-02-01,0.08286737481345217
ch_sent_upper,index,sa,1995-01-01,1.4005288782586223
ch_sent_upper,index,sa,1995-02-01,1.0679819473319392
ch_sent_upper,index,sa,1995-03-01,1.0249465737858923
ch_sent_upper,index,sa,1995-04-01,0.6842217466137845
ch_sent_upper,index,sa,1995-05-01,0.5574570990489788
ch_sent_upper,index,sa,1995-06-01,0.6742231449098327
ch_sent_upper,index,sa,1995-07-01,0.3461831489500743
ch_sent_upper,index,sa,1995-08-01,0.1970498330985037
ch_sent_upper,index,sa,1995-09-01,0.2274827056294691
ch_sent_upper,index,sa,1995-10-01,-0.2506428866239112
ch_sent_upper,index,sa,1995-11-01,-0.19886231584220743
ch_sent_upper,index,sa,1995-12-01,-0.3322818901699736
ch_sent_upper,index,sa,1996-01-01,-0.45667032197764684
ch_sent_upper,index,sa,1996-02-01,-0.40114259327171803
ch_sent_upper,index,sa,1996-03-01,-0.5581426679483001
ch_sent_upper,index,sa,1996-04-01,-0.8851202754575824
ch_sent_upper,index,sa,1996-05-01,-0.888299817671083
ch_sent_upper,index,sa,1996-06-01,-0.8018630969906337
ch_sent_upper,index,sa,1996-07-01,-0.8339602390315879
ch_sent_upper,index,sa,1996-08-01,-0.7269990740477302
ch_sent_upper,index,sa,1996-09-01,-0.8493076405826006
ch_sent_upper,index,sa,1996-10-01,-0.5332573465545352
ch_sent_upper,index,sa,1996-11-01,-0.4744689416289299
ch_sent_upper,index,sa,1996-12-01,-0.40683056824219754
ch_sent_upper,index,sa,1997-01-01,-0.05077107901984412
ch_sent_upper,index,sa,1997-02-01,0.027463927399309696
ch_sent_upper,index,sa,1997-03-01,0.06725310936270873
ch_sent_upper,index,sa,1997-04-01,0.10988452969834483
ch_sent_upper,index,sa,1997-05-01,0.5662956523750454
ch_sent_upper,index,sa,1997-06-01,0.3639857605590439
ch_sent_upper,index,sa,1997-07-01,0.8929337963994209
ch_sent_upper,index,sa,1997-08-01,0.5659082766243844
ch_sent_upper,index,sa,1997-09-01,0.6621365337340376
ch_sent_upper,index,sa,1997-10-01,1.0882700809714403
ch_sent_upper,index,sa,1997-11-01,1.125101734899647
ch_sent_upper,index,sa,1997-12-01,0.9002767547373586
ch_sent_upper,index,sa,1998-01-01,0.8826731557235739
ch_sent_upper,index,sa,1998-02-01,0.6180339108616659
ch_sent_upper,index,sa,1998-03-01,0.7036566459812899
ch_sent_upper,index,sa,1998-04-01,0.7113797889703142
ch_sent_upper,index,sa,1998-05-01,0.6442061029495217
ch_sent_upper,index,sa,1998-06-01,0.5384317981110832
ch_sent_upper,index,sa,1998-07-01,0.6927966519906529
ch_sent_upper,index,sa,1998-08-01,0.5311129716618698
ch_sent_upper,index,sa,1998-09-01,0.28236077085731814
ch_sent_upper,index,sa,1998-10-01,0.09463314774843168
ch_sent_upper,index,sa,1998-11-01,-0.058304586265995495
ch_sent_upper,index,sa,1998-12-01,0.016642418214938892
ch_sent_upper,index,sa,1999-01-01,-0.0015307612217623223
ch_sent_upper,index,sa,1999-02-01,0.11683955821921876
ch_sent_upper,index,sa,1999-03-01,-0.025667409019890453
ch_sent_upper,index,sa,1999-04-01,0.34042481306777433
ch_sent_upper,index,sa,1999-05-01,0.28762568114314035
ch_sent_upper,index,sa,1999-06-01,0.385166974428943
ch_sent_upper,index,sa,1999-07-01,0.6802177562840315
ch_sent_upper,index,sa,1999-08-01,0.6775043175030387
ch_sent_upper,index,sa,1999-09-01,0.9441077328741068
ch_sent_upper,index,sa,1999-10-01,1.3216510676417679
ch_sent_upper,index,sa,1999-11-01,1.3081214296064363
ch_sent_upper,index,sa,1999-12-01,1.5239081512989912
ch_sent_upper,index,sa,2000-01-01,1.3215702768492705
ch_sent_upper,index,sa,2000-02-01,1.4058398248249402
ch_sent_upper,index,sa,2000-03-01,1.7833341426250828
ch_sent_upper,index,sa,2000-04-01,1.6629361255080695
ch_sent_upper,index,sa,2000-05-01,1.6178011996581412
ch_sent_upper,index,sa,2000-06-01,2.031694256690319
ch_sent_upper,index,sa,2000-07-01,1.5741321120920264
ch_sent_upper,index,sa,2000-08-01,1.5545368368576646
ch_sent_upper,index,sa,2000-09-01,1.6667461437462645
ch_sent_upper,index,sa,2000-10-01,1.6053777195629015
ch_sent_upper,index,sa,2000-11-01,1.623719344363404
ch_sent_upper,index,sa,2000-12-01,1.5493762217119245
ch_sent_upper,index,sa,2001-01-01,1.244900834725346
ch_sent_upper,index,sa,2001-02-01,1.2076789014492069
ch_sent_upper,index,sa,2001-03-01,1.009844566741666
ch_sent_upper,index,sa,2001-04-01,0.6630465245139423
ch_sent_upper,index,sa,2001-05-01,0.5563752254305094
ch_sent_upper,index,sa,2001-06-01,0.5555304503283877
ch_sent_upper,index,sa,2001-07-01,0.1346694322042179
ch_sent_upper,index,sa,2001-08-01,0.1169151455455254
ch_sent_upper,index,sa,2001-09-01,-0.05988414156772337
ch_sent_upper,index,sa,2001-10-01,-0.7876666276127535
ch_sent_upper,index,sa,2001-11-01,-0.7632831211436089
ch_sent_upper,index,sa,2001-12-01,-0.8227260791928421
ch_sent_upper,index,sa,2002-01-01,-0.4703421614532961
ch_sent_upper,index,sa,2002-02-01,-0.24373159254610033
ch_sent_upper,index,sa,2002-03-01,-0.20364369062011162
ch_sent_upper,index,sa,2002-04-01,0.1625300605078404
ch_sent_upper,index,sa,2002-05-01,0.458282083392596
ch_sent_upper,index,sa,2002-06-01,0.13255660121335822
ch_sent_upper,index,sa,2002-07-01,0.07293225310781459
ch_sent_upper,index,sa,2002-08-01,-0.0021510378050383916
ch_sent_upper,index,sa,2002-09-01,-0.24421434684171667
ch_sent_upper,index,sa,2002-10-01,-0.5247311110442661
ch_sent_upper,index,sa,2002-11-01,-0.11085039108062034
ch_sent_upper,index,sa,2002-12-01,-0.4666803989055412
ch_sent_upper,index,sa,2003-01-01,-0.1488498260743113
ch_sent_upper,index,sa,2003-02-01,-0.147490938781923
ch_sent_upper,index,sa,2003-03-01,-0.3062739479020648
ch_sent_upper,index,sa,2003-04-01,-0.5642503206475815
ch_sent_upper,index,sa,2003-05-01,-0.46388468883135886
ch_sent_upper,index,sa,2003-06-01,-0.5723363503564841
ch_sent_upper,index,sa,2003-07-01,-0.19115196694744174
ch_sent_upper,index,sa,2003-08-01,0.02157572980855893
ch_sent_upper,index,sa,2003-09-01,0.09360964509316161
ch_sent_upper,index,sa,2003-10-01,0.7259054563478733
ch_sent_upper,index,sa,2003-11-01,0.740101933560426
ch_sent_upper,index,sa,2003-12-01,0.8084061284935186
ch_sent_upper,index,sa,2004-01-01,0.973828537776084
ch_sent_upper,index,sa,2004-02-01,0.8884983692816312
ch_sent_upper,index,sa,2004-03-01,1.143526674234324
ch_sent_upper,index,sa,2004-04-01,1.4098541651229266
ch_sent_upper,index,sa,2004-05-01,1.1699422540904003
ch_sent_upper,index,sa,2004-06-01,1.2409079613569522
ch_sent_upper,index,sa,2004-07-01,1.3968365534072755
ch_sent_upper,index,sa,2004-08-01,1.138167455786085
ch_sent_upper,index,sa,2004-09-01,1.2819611622488525
ch_sent_upper,index,sa,2004-10-01,1.0564398314309171
ch_sent_upper,index,sa,2004-11-01,0.8039348729269975
ch_sent_upper,index,sa,2004-12-01,0.9052284089754774
ch_sent_upper,index,sa,2005-01-01,0.8252457652991467
ch_sent_upper,index,sa,2005-02-01,0.7914063508386905
ch_sent_upper,index,sa,2005-03-01,0.6798742622302473
ch_sent_upper,index,sa,2005-04-01,0.6633750769610626
ch_sent_upper,index,sa,2005-05-01,0.8138401659390222
ch_sent_upper,index,sa,2005-06-01,0.5157151199393879
ch_sent_upper,index,sa,2005-07-01,0.7430229373618038
ch_sent_upper,index,sa,2005-08-01,0.5383727849100715
ch_sent_upper,index,sa,2005-09-01,0.8274879467526849
ch_sent_upper,index,sa,2005-10-01,1.0882885554681185
ch_sent_upper,index,sa,2005-11-01,0.975929088058711
ch_sent_upper,index,sa,2005-12-01,1.2461914315028402
ch_sent_upper,index,sa,2006-01-01,1.2178080019939066
ch_sent_upper,index,sa,2006-02-01,1.32561760274504
ch_sent_upper,index,sa,2006-03-01,1.4353678956890954
ch_sent_upper,index,sa,2006-04-01,1.7486014839356914
ch_sent_upper,index,sa,2006-05-01,1.5855273221034807
ch_sent_upper,index,sa,2006-06-01,2.057172043188835
ch_sent_upper,index,sa,2006-07-01,1.5738546808300904
ch_sent_upper,index,sa,2006-08-01,1.6408704175286033
ch_sent_upper,index,sa,2006-09-01,1.6772203458604191
ch_sent_upper,index,sa,2006-10-01,1.6404559343711915
ch_sent_upper,index,sa,2006-11-01,1.8063836408961977
ch_sent_upper,index,sa,2006-12-01,1.8546009094923916
ch_sent_upper,index,sa,2007-01-01,1.7434826090326776
ch_sent_upper,index,sa,2007-02-01,1.8960731079238342
ch_sent_upper,index,sa,2007-03-01,1.7958727710204123
ch_sent_upper,index,sa,2007-04-01,1.5891746019114448
ch_sent_upper,index,sa,2007-05-01,1.5746870199393608
ch_sent_upper,index,sa,2007-06-01,1.7642089102902072
ch_sent_upper,index,sa,2007-07-01,1.5454142124023078
ch_sent_upper,index,sa,2007-08-01,1.6486923081105056
ch_sent_upper,index,sa,2007-09-01,1.5707474564468207
ch_sent_upper,index,sa,2007-10-01,1.3823953532043372
ch_sent_upper,index,sa,2007-11-01,1.5774632142528118
ch_sent_upper,index,sa,2007-12-01,1.4126805155690279
ch_sent_upper,index,sa,2008-01-01,1.3555081211988425
ch_sent_upper,index,sa,2008-02-01,1.3676881528522182
ch_sent_upper,index,sa,2008-03-01,1.2740550758467135
ch_sent_upper,index,sa,2008-04-01,0.8675764729668578
ch_sent_upper,index,sa,2008-05-01,1.032282416432234
ch_sent_upper,index,sa,2008-06-01,0.6947216234394745
ch_sent_upper,index,sa,2008-07-01,0.49445276002611893
ch_sent_upper,index,sa,2008-08-01,0.37098539237004585
ch_sent_upper,index,sa,2008-09-01,0.09887211669808682
ch_sent_upper,index,sa,2008-10-01,-0.4270498860829067
ch_sent_upper,index,sa,2008-11-01,-0.7774345831077163
ch_sent_upper,index,sa,2008-12-01,-1.0673953947925194
ch_sent_upper,index,sa,2009-01-01,-1.486843100411345
ch_sent_upper,index,sa,2009-02-01,-1.6510246844845842
ch_sent_upper,index,sa,2009-03-01,-1.867293779098072
ch_sent_upper,index,sa,2009-04-01,-1.7044174890557053
ch_sent_upper,index,sa,2009-05-01,-1.324174502309937
ch_sent_upper,index,sa,2009-06-01,-0.7489798806696482
ch_sent_upper,index,sa,2009-07-01,-0.5658606796981295
ch_sent_upper,index,sa,2009-08-01,-0.09581472709673455
ch_sent_upper,index,sa,2009-09-01,0.3454068558910617
ch_sent_upper,index,sa,2009-10-01,0.8442334899219673
ch_sent_upper,index,sa,2009-11-01,0.7666171862694375
ch_sent_upper,index,sa,2009-12-01,0.8918465339869006
ch_sent_upper,index,sa,2010-01-01,1.1019808647040896
ch_sent_upper,index,sa,2010-02-01,1.0815585465109194
ch_sent_upper,index,sa,2010-03-01,1.4023027929053997
ch_sent_upper,index,sa,2010-04-01,1.7219808179303318
ch_sent_upper,index,sa,2010-05-01,1.5615243436084907
ch_sent_upper,index,sa,2010-06-01,1.5293981001932673
ch_sent_upper,index,sa,2010-07-01,1.6250198096004103
ch_sent_upper,index,sa,2010-08-01,1.3590318235349605
ch_sent_upper,index,sa,2010-09-01,1.352302450038979
ch_sent_upper,index,sa,2010-10-01,1.4280544874235557
ch_sent_upper,index,sa,2010-11-01,1.5389717371337048
ch_sent_upper,index,sa,2010-12-01,1.5364429196534766
ch_sent_upper,index,sa,2011-01-01,1.5035825183733071
ch_sent_upper,index,sa,2011-02-01,1.2970714054631993
ch_sent_upper,index,sa,2011-03-01,1.4228847532481548
ch_sent_upper,index,sa,2011-04-01,1.3227821923704068
ch_sent_upper,index,sa,2011-05-01,0.97586075433471
ch_sent_upper,index,sa,2011-06-01,1.1583494500095157
ch_sent_upper,index,sa,2011-07-01,0.3583649883270558
ch_sent_upper,index,sa,2011-08-01,0.33237195629016936
ch_sent_upper,index,sa,2011-09-01,0.11351914349589598
ch_sent_upper,index,sa,2011-10-01,-0.34223881106393594
ch_sent_upper,index,sa,2011-11-01,-0.4610835827821107
ch_sent_upper,index,sa,2011-12-01,-0.13153548523999647
ch_sent_upper,index,sa,2012-01-01,-0.35410806991966315
ch_sent_upper,index,sa,2012-02-01,-0.15394193585651605
ch_sent_upper,index,sa,2012-03-01,0.03808764248165397
ch_sent_upper,index,sa,2012-04-01,0.13962621101867084
ch_sent_upper,index,sa,2012-05-01,-0.035644011287227495
ch_sent_upper,index,sa,2012-06-01,-0.024560943432172633
ch_sent_upper,index,sa,2012-07-01,-0.2597107535621125
ch_sent_upper,index,sa,2012-08-01,-0.07566173649288899
ch_sent_upper,index,sa,2012-09-01,-0.013644217209957732
ch_sent_upper,index,sa,2012-10-01,0.07228472184156298
ch_sent_upper,index,sa,2012-11-01,-0.1331972843668403
ch_sent_upper,index,sa,2012-12-01,-0.13239072834379934
ch_sent_upper,index,sa,2013-01-01,0.3218222865807426
ch_sent_upper,index,sa,2013-02-01,0.32381451837037734
ch_sent_upper,index,sa,2013-03-01,0.3122341676675587
ch_sent_upper,index,sa,2013-04-01,0.4376028146247508
ch_sent_upper,index,sa,2013-05-01,0.29369990564824233
ch_sent_upper,index,sa,2013-06-01,0.3182333085625352
ch_sent_upper,index,sa,2013-07-01,0.39187898237222896
ch_sent_upper,index,sa,2013-08-01,0.49284132095638733
ch_sent_upper,index,sa,2013-09-01,0.6521268415178165
ch_sent_upper,index,sa,2013-10-01,0.7671646826295598
ch_sent_upper,index,sa,2013-11-01,0.803804328971239
ch_sent_upper,index,sa,2013-12-01,0.7457771222586458
ch_sent_upper,index,sa,2014-01-01,1.321123317607051
ch_sent_upper,index,sa,2014-02-01,0.9532162330703913
ch_sent_upper,index,sa,2014-03-01,0.8038667707295037
ch_sent_upper,index,sa,2014-04-01,0.6181210911703621
ch_sent_upper,index,sa,2014-05-01,0.6074167123371959
ch_sent_upper,index,sa,2014-06-01,0.6419188415280818
ch_sent_upper,index,sa,2014-07-01,0.48403620853965745
ch_sent_upper,index,sa,2014-08-01,0.39689167652039836
ch_sent_upper,index,sa,2014-09-01,0.23157160940702387
ch_sent_upper,index,sa,2014-10-01,0.35582784266063644
ch_sent_upper,index,sa,2014-11-01,0.18742270435885866
ch_sent_upper,index,sa,2014-12-01,0.21651412845667448
ch_sent_upper,index,sa,2015-01-01,0.2077887868240179
ch_sent_upper,index,sa,2015-02-01,-0.2279273879424677
ch_sent_upper,index,sa,2015-03-01,-0.2652338196018562
ch_sent_upper,index,sa,2015-04-01,-0.20294195006312687
ch_sent_upper,index,sa,2015-05-01,-0.126360395034662
ch_sent_upper,index,sa,2015-06-01,-0.17016981008287113
ch_sent_upper,index,sa,2015-07-01,-0.029465034058108186
ch_sent_upper,index,sa,2015-08-01,0.06228910591914316
ch_sent_upper,index,sa,2015-09-01,-0.013334350209524115
ch_sent_upper,index,sa,2015-10-01,0.10269624273911998
ch_sent_upper,index,sa,2015-11-01,0.0527388687605474
ch_sent_upper,index,sa,2015-12-01,-0.011010188620264427
ch_sent_upper,index,sa,2016-01-01,0.08319260673888862
ch_sent_upper,index,sa,2016-02-01,-0.01065214029048589
ch_sent_upper,index,sa,2016-03-01,0.21996110930930096
ch_sent_upper,index,sa,2016-04-01,0.3181043258420757
ch_sent_upper,index,sa,2016-05-01,0.40815579506081057
ch_sent_upper,index,sa,2016-06-01,0.30012058777519457
ch_sent_upper,index,sa,2016-07-01,0.4027741570078943
ch_sent_upper,index,sa,2016-08-01,0.1851692055143796
ch_sent_upper,index,sa,2016-09-01,0.41804574851441917
ch_sent_upper,index,sa,2016-10-01,0.43452463893225546
ch_sent_upper,index,sa,2016-11-01,0.6449190274955604
ch_sent_upper,index,sa,2016-12-01,0.6629805546185933
ch_sent_upper,index,sa,2017-01-01,0.7708237115590235
ch_sent_upper,index,sa,2017-02-01,0.7944119166208153
ch_sent_upper,index,sa,2017-03-01,0.9163693841047211
ch_sent_upper,index,sa,2017-04-01,0.7789316851789505
ch_sent_upper,index,sa,2017-05-01,0.7572797509422211
ch_sent_upper,index,sa,2017-06-01,0.9686450885111171
ch_sent_upper,index,sa,2017-07-01,1.0826308642437508
ch_sent_upper,index,sa,2017-08-01,1.2430883644453194
ch_sent_upper,index,sa,2017-09-01,1.2939100838134072
ch_sent_upper,index,sa,2017-10-01,1.2645932266609354
ch_sent_upper,index,sa,2017-11-01,1.479384205001442
ch_sent_upper,index,sa,2017-12-01,1.3566069853543534
ch_sent_upper,index,sa,2018-01-01,1.4738431660174895
ch_sent_upper,index,sa,2018-02-01,1.3695115684143293
ch_sent_upper,index,sa,2018-03-01,1.3229914076165479
ch_sent_upper,index,sa,2018-04-01,1.35096422641874
ch_sent_upper,index,sa,2018-05-01,1.32717234697973
ch_sent_upper,index,sa,2018-06-01,1.4038323067816756
ch_sent_upper,index,sa,2018-07-01,1.162628391841074
ch_sent_upper,index,sa,2018-08-01,1.1968526033037645
ch_sent_upper,index,sa,2018-09-01,1.1252828328642834
ch_sent_upper,index,sa,2018-10-01,0.9420137238718647
ch_sent_upper,index,sa,2018-11-01,0.8508444193031159
ch_sent_upper,index,sa,2018-12-01,0.848349908520547
ch_sent_upper,index,sa,2019-01-01,0.6079899339004099
ch_sent_upper,index,sa,2019-02-01,0.5223194227911964
ch_sent_upper,index,sa,2019-03-01,0.39062342785875415
ch_sent_upper,index,sa,2019-04-01,0.5413802334836638
ch_sent_upper,index,sa,2019-05-01,0.4328125634721308
ch_sent_upper,index,sa,2019-06-01,0.346589887889472
ch_sent_upper,index,sa,2019-07-01,0.21220614933602416
ch_sent_upper,index,sa,2019-08-01,0.1917196389512829
ch_sent_upper,index,sa,2019-09-01,0.11156060036061555
ch_sent_upper,index,sa,2019-10-01,0.1298025218567711
ch_sent_upper,index,sa,2019-11-01,0.16139348422179461
ch_sent_upper,index,sa,2019-12-01,0.32986320842068234
ch_sent_upper,index,sa,2020-01-01,0.37719257114369864
ch_sent_upper,index,sa,2020-02-01,0.3546454027804382
ch_sent_upper,index,sa,2020-03-01,0.15422500924343607
ch_sent_upper,index,sa,2020-04-01,0.025419188194210296
ch_sent_upper,index,sa,2020-05-01,-0.2671754315748509
ch_sent_upper,index,sa,2020-06-01,0.42181982409155205
ch_sent_upper,index,sa,2020-07-01,0.5015370503491968
ch_sent_upper,index,sa,2020-08-01,0.7443211142665662
ch_sent_upper,index,sa,2020-09-01,0.5596340522430063
ch_sent_upper,index,sa,2020-10-01,0.7394534185388479
ch_sent_upper,index,sa,2020-11-01,0.6206804374772146
ch_sent_upper,index,sa,2020-12-01,0.9563370889031648
ch_sent_upper,index,sa,2021-01-01,1.1520981873859601
ch_sent_upper,index,sa,2021-02-01,1.4718950295895286
ch_sent_upper,index,sa,2021-03-01,1.7339258927555887
ch_sent_upper,index,sa,2021-04-01,2.301101785484949
ch_sent_upper,index,sa,2021-05-01,2.1736744066164793
ch_sent_upper,index,sa,2021-06-01,2.1992314747664055
ch_sent_upper,index,sa,2021-07-01,2.464605683607915
ch_sent_upper,index,sa,2021-08-01,2.3733343110615768
ch_sent_upper,index,sa,2021-09-01,2.408491388718934
ch_sent_upper,index,sa,2021-10-01,2.360083737223194
ch_sent_upper,index,sa,2021-11-01,2.2430693716288697
ch_sent_upper,index,sa,2021-12-01,2.092147693210383
ch_sent_upper,index,sa,2022-01-01,1.9742206289170636
ch_sent_upper,index,sa,2022-02-01,2.0299792369596155
ch_sent_upper,index,sa,2022-03-01,1.9298133928436694
ch_sent_upper,index,sa,2022-04-01,1.974760459535751
ch_sent_upper,index,sa,2022-05-01,1.7765775281827398
ch_sent_upper,index,sa,2022-06-01,1.79383386639096
ch_sent_upper,index,sa,2022-07-01,1.3592162334395697
ch_sent_upper,index,sa,2022-08-01,1.1660776477106094
ch_sent_upper,index,sa,2022-09-01,1.0222377768099131
ch_sent_upper,index,sa,2022-10-01,0.6593960695982399
ch_sent_upper,index,sa,2022-11-01,0.581958995489447
ch_sent_upper,index,sa,2022-12-01,0.7845994714289559
ch_sent_upper,index,sa,2023-01-01,0.38709135772491227
ch_sent_upper,index,sa,2023-02-01,0.39348130270856896
ch_sent_upper,index,sa,2023-03-01,0.28648566301251555
ch_sent_upper,index,sa,2023-04-01,0.11422530861828972
ch_sent_upper,index,sa,2023-05-01,-0.014254950528368338
ch_sent_upper,index,sa,2023-06-01,0.0026403008927771143
ch_sent_upper,index,sa,2023-07-01,-0.15118584569653049
ch_sent_upper,index,sa,2023-08-01,-0.14564303127470057
ch_sent_upper,index,sa,2023-09-01,-0.12043483429436297
ch_sent_upper,index,sa,2023-10-01,0.06535531015850504
ch_sent_upper,index,sa,2023-11-01,0.14921139341551282
ch_sent_upper,index,sa,2023-12-01,0.07551035473412226
ch_sent_upper,index,sa,2024-01-01,0.1383732938028307
ch_sent_upper,index,sa,2024-02-01,0.06456071190671508
ch_sent_upper,index,sa,2024-03-01,0.2396152648538778
ch_sent_upper,index,sa,2024-04-01,0.488331147384923
ch_sent_upper,index,sa,2024-05-01,0.5971160316656232
ch_sent_upper,index,sa,2024-06-01,0.5100402209994727
ch_sent_upper,index,sa,2024-07-01,0.47335020046870147
ch_sent_upper,index,sa,2024-08-01,0.5449957180354976
ch_sent_upper,index,sa,2024-09-01,0.5902385882603902
ch_sent_upper,index,sa,2024-10-01,0.41620109881660877
ch_sent_upper,index,sa,2024-11-01,0.21833618792015774
ch_sent_upper,index,sa,2024-12-01,0.19773885709127992
ch_sent_upper,index,sa,2025-01-01,0.2934480308320677
ch_sent_upper,index,sa,2025-02-01,0.42312833646096026
ch_sent_upper,index,sa,2025-03-01,0.4014582517323573
ch_sent_upper,index,sa,2025-04-01,0.016730910644224717
ch_sent_upper,index,sa,2025-05-01,0.09079166086032542
ch_sent_upper,index,sa,2025-06-01,0.22681309888810353
ch_sent_upper,index,sa,2025-07-01,0.29621313555198486
ch_sent_upper,index,sa,2025-08-01,-8.186936862986105e-4
ch_sent_upper,index,sa,2025-09-01,-0.18155392136445114
ch_sent_upper,index,sa,2025-10-01,0.020574176768124564
ch_sent_upper,index,sa,2025-11-01,0.34164729265674215
ch_sent_upper,index,sa,2025-12-01,0.6020957278889363
ch_sent_upper,index,sa,2026-01-01,0.6234467088285834
ch_sent_upper,index,sa,2026-02-01,0.6790095321800154
ch_sent_lower,index,sa,1995-01-01,0.2519160531682728
ch_sent_lower,index,sa,1995-02-01,0.17546277601355975
ch_sent_lower,index,sa,1995-03-01,0.08133085981816518
ch_sent_lower,index,sa,1995-04-01,-0.18465547021197476
ch_sent_lower,index,sa,1995-05-01,-0.4837675381425858
ch_sent_lower,index,sa,1995-06-01,-0.43565734914330206
ch_sent_lower,index,sa,1995-07-01,-0.5232627911426547
ch_sent_lower,index,sa,1995-08-01,-0.6613779693368849
ch_sent_lower,index,sa,1995-09-01,-0.8785458386880278
ch_sent_lower,index,sa,1995-10-01,-1.1397082282993471
ch_sent_lower,index,sa,1995-11-01,-1.0193978947892295
ch_sent_lower,index,sa,1995-12-01,-1.140864859700334
ch_sent_lower,index,sa,1996-01-01,-1.3207019451351163
ch_sent_lower,index,sa,1996-02-01,-1.3526429415107357
ch_sent_lower,index,sa,1996-03-01,-1.4562787326477074
ch_sent_lower,index,sa,1996-04-01,-1.5807195785011692
ch_sent_lower,index,sa,1996-05-01,-1.7097160063572023
ch_sent_lower,index,sa,1996-06-01,-1.5635642678838577
ch_sent_lower,index,sa,1996-07-01,-1.6436379556408027
ch_sent_lower,index,sa,1996-08-01,-1.4584622723389384
ch_sent_lower,index,sa,1996-09-01,-1.5009589781447092
ch_sent_lower,index,sa,1996-10-01,-1.425487544073495
ch_sent_lower,index,sa,1996-11-01,-1.2776310895472016
ch_sent_lower,index,sa,1996-12-01,-1.3098044226722811
ch_sent_lower,index,sa,1997-01-01,-1.3496100488940852
ch_sent_lower,index,sa,1997-02-01,-1.1886155680338844
ch_sent_lower,index,sa,1997-03-01,-0.9244916878572602
ch_sent_lower,index,sa,1997-04-01,-1.127516251799546
ch_sent_lower,index,sa,1997-05-01,-0.8191818553268052
ch_sent_lower,index,sa,1997-06-01,-0.8045705691609677
ch_sent_lower,index,sa,1997-07-01,-0.4320410072376183
ch_sent_lower,index,sa,1997-08-01,-0.24010676882148504
ch_sent_lower,index,sa,1997-09-01,-0.17804816821563493
ch_sent_lower,index,sa,1997-10-01,0.21586054165009838
ch_sent_lower,index,sa,1997-11-01,0.16282856142111174
ch_sent_lower,index,sa,1997-12-01,0.026045027694221567
ch_sent_lower,index,sa,1998-01-01,-0.07564615895528354
ch_sent_lower,index,sa,1998-02-01,-0.2439385121231062
ch_sent_lower,index,sa,1998-03-01,-0.27938495119139567
ch_sent_lower,index,sa,1998-04-01,-0.2646138204003924
ch_sent_lower,index,sa,1998-05-01,-0.2889336479105894
ch_sent_lower,index,sa,1998-06-01,-0.28714330100782104
ch_sent_lower,index,sa,1998-07-01,-0.3478733594136342
ch_sent_lower,index,sa,1998-08-01,-0.5074212668543073
ch_sent_lower,index,sa,1998-09-01,-0.6202957267145848
ch_sent_lower,index,sa,1998-10-01,-0.9847810793664293
ch_sent_lower,index,sa,1998-11-01,-1.044687092045415
ch_sent_lower,index,sa,1998-12-01,-0.8689971422012537
ch_sent_lower,index,sa,1999-01-01,-1.0040525577650958
ch_sent_lower,index,sa,1999-02-01,-0.9851205737652591
ch_sent_lower,index,sa,1999-03-01,-0.9898702576426546
ch_sent_lower,index,sa,1999-04-01,-0.5564229594270981
ch_sent_lower,index,sa,1999-05-01,-0.6193262989366385
ch_sent_lower,index,sa,1999-06-01,-0.5355011795994375
ch_sent_lower,index,sa,1999-07-01,-0.2649519251888802
ch_sent_lower,index,sa,1999-08-01,-0.35790993499926793
ch_sent_lower,index,sa,1999-09-01,-0.09453218781299672
ch_sent_lower,index,sa,1999-10-01,0.23870315554393462
ch_sent_lower,index,sa,1999-11-01,0.18447413727996675
ch_sent_lower,index,sa,1999-12-01,0.3875360396600722
ch_sent_lower,index,sa,2000-01-01,0.33560315203243873
ch_sent_lower,index,sa,2000-02-01,0.4578083669895391
ch_sent_lower,index,sa,2000-03-01,0.7032941152795003
ch_sent_lower,index,sa,2000-04-01,0.7337519813683295
ch_sent_lower,index,sa,2000-05-01,0.4835257148746491
ch_sent_lower,index,sa,2000-06-01,0.8463668695965954
ch_sent_lower,index,sa,2000-07-01,0.36134835402313104
ch_sent_lower,index,sa,2000-08-01,0.4491598425352231
ch_sent_lower,index,sa,2000-09-01,0.6988691815844956
ch_sent_lower,index,sa,2000-10-01,0.6956430389356849
ch_sent_lower,index,sa,2000-11-01,0.7396798034474803
ch_sent_lower,index,sa,2000-12-01,0.6165849554529137
ch_sent_lower,index,sa,2001-01-01,0.19010910412265425
ch_sent_lower,index,sa,2001-02-01,0.1495968384437707
ch_sent_lower,index,sa,2001-03-01,-0.17273149789053915
ch_sent_lower,index,sa,2001-04-01,-0.7082356875637215
ch_sent_lower,index,sa,2001-05-01,-0.6933502436945094
ch_sent_lower,index,sa,2001-06-01,-0.7745766087035998
ch_sent_lower,index,sa,2001-07-01,-1.2205775931810856
ch_sent_lower,index,sa,2001-08-01,-1.0393600451300684
ch_sent_lower,index,sa,2001-09-01,-1.1533861394096372
ch_sent_lower,index,sa,2001-10-01,-1.8306973583327664
ch_sent_lower,index,sa,2001-11-01,-1.7978850240808142
ch_sent_lower,index,sa,2001-12-01,-1.8130378708131614
ch_sent_lower,index,sa,2002-01-01,-1.4978508808083597
ch_sent_lower,index,sa,2002-02-01,-1.0978405884045856
ch_sent_lower,index,sa,2002-03-01,-1.118503362058327
ch_sent_lower,index,sa,2002-04-01,-1.137320953991545
ch_sent_lower,index,sa,2002-05-01,-0.911670891268004
ch_sent_lower,index,sa,2002-06-01,-0.9313742671485216
ch_sent_lower,index,sa,2002-07-01,-0.9046625183473228
ch_sent_lower,index,sa,2002-08-01,-0.9657544014745119
ch_sent_lower,index,sa,2002-09-01,-1.2123904797831562
ch_sent_lower,index,sa,2002-10-01,-1.007401075125805
ch_sent_lower,index,sa,2002-11-01,-0.97842213203031
ch_sent_lower,index,sa,2002-12-01,-1.1597157672844793
ch_sent_lower,index,sa,2003-01-01,-0.9901959725553949
ch_sent_lower,index,sa,2003-02-01,-1.1789265445075228
ch_sent_lower,index,sa,2003-03-01,-1.3041765881941074
ch_sent_lower,index,sa,2003-04-01,-1.430896705142083
ch_sent_lower,index,sa,2003-05-01,-1.3488491501731554
ch_sent_lower,index,sa,2003-06-01,-1.3477154462644836
ch_sent_lower,index,sa,2003-07-01,-1.1804781259909147
ch_sent_lower,index,sa,2003-08-01,-0.9746647127531225
ch_sent_lower,index,sa,2003-09-01,-1.0432558891848633
ch_sent_lower,index,sa,2003-10-01,-0.6433852674862042
ch_sent_lower,index,sa,2003-11-01,-0.5635356200746593
ch_sent_lower,index,sa,2003-12-01,-0.6018575668636083
ch_sent_lower,index,sa,2004-01-01,-0.3241763200237196
ch_sent_lower,index,sa,2004-02-01,-0.4468773825134712
ch_sent_lower,index,sa,2004-03-01,-0.10822002829336252
ch_sent_lower,index,sa,2004-04-01,0.15169241848554027
ch_sent_lower,index,sa,2004-05-01,0.15080538972492374
ch_sent_lower,index,sa,2004-06-01,-0.059921614996766404
ch_sent_lower,index,sa,2004-07-01,-0.002385715905031449
ch_sent_lower,index,sa,2004-08-01,-0.021125476750045835
ch_sent_lower,index,sa,2004-09-01,0.03520521680156685
ch_sent_lower,index,sa,2004-10-01,0.016320581606322992
ch_sent_lower,index,sa,2004-11-01,-0.09153764779571455
ch_sent_lower,index,sa,2004-12-01,0.01625037593108708
ch_sent_lower,index,sa,2005-01-01,-0.039134797916750175
ch_sent_lower,index,sa,2005-02-01,-0.3697677927337103
ch_sent_lower,index,sa,2005-03-01,-0.22581460234833906
ch_sent_lower,index,sa,2005-04-01,-0.22392103067116517
ch_sent_lower,index,sa,2005-05-01,-0.3531282407961916
ch_sent_lower,index,sa,2005-06-01,-0.23421291514823023
ch_sent_lower,index,sa,2005-07-01,-0.33638472660125474
ch_sent_lower,index,sa,2005-08-01,-0.4253900430395195
ch_sent_lower,index,sa,2005-09-01,-0.10091098026906709
ch_sent_lower,index,sa,2005-10-01,0.17171820167140195
ch_sent_lower,index,sa,2005-11-01,-0.024263461120613394
ch_sent_lower,index,sa,2005-12-01,0.14169667250889584
ch_sent_lower,index,sa,2006-01-01,0.43681052186044195
ch_sent_lower,index,sa,2006-02-01,0.5790174860315243
ch_sent_lower,index,sa,2006-03-01,0.4738193303337774
ch_sent_lower,index,sa,2006-04-01,0.553586735285671
ch_sent_lower,index,sa,2006-05-01,0.4589556474310569
ch_sent_lower,index,sa,2006-06-01,0.4346966305765039
ch_sent_lower,index,sa,2006-07-01,0.5999057166280872
ch_sent_lower,index,sa,2006-08-01,0.6854034567179431
ch_sent_lower,index,sa,2006-09-01,0.6290354257749549
ch_sent_lower,index,sa,2006-10-01,0.5041620047949131
ch_sent_lower,index,sa,2006-11-01,0.6149934674770942
ch_sent_lower,index,sa,2006-12-01,0.6160423257923915
ch_sent_lower,index,sa,2007-01-01,0.6244747848912058
ch_sent_lower,index,sa,2007-02-01,0.7834791734539097
ch_sent_lower,index,sa,2007-03-01,0.6277013120779469
ch_sent_lower,index,sa,2007-04-01,0.45633418482872723
ch_sent_lower,index,sa,2007-05-01,0.39169515870552685
ch_sent_lower,index,sa,2007-06-01,0.6422461628236432
ch_sent_lower,index,sa,2007-07-01,0.35097388476408886
ch_sent_lower,index,sa,2007-08-01,0.3566515898779409
ch_sent_lower,index,sa,2007-09-01,0.2758563391316703
ch_sent_lower,index,sa,2007-10-01,-0.04644618431056935
ch_sent_lower,index,sa,2007-11-01,0.20249269317877105
ch_sent_lower,index,sa,2007-12-01,0.07845242551132381
ch_sent_lower,index,sa,2008-01-01,-0.038984471141362276
ch_sent_lower,index,sa,2008-02-01,-0.15494103839541185
ch_sent_lower,index,sa,2008-03-01,-0.32108938615208815
ch_sent_lower,index,sa,2008-04-01,-0.8201980738228969
ch_sent_lower,index,sa,2008-05-01,-0.48124304796179646
ch_sent_lower,index,sa,2008-06-01,-0.6607211352567871
ch_sent_lower,index,sa,2008-07-01,-0.924575054003086
ch_sent_lower,index,sa,2008-08-01,-0.9890114775579466
ch_sent_lower,index,sa,2008-09-01,-1.2054619153936588
ch_sent_lower,index,sa,2008-10-01,-1.745926677607021
ch_sent_lower,index,sa,2008-11-01,-2.440170676971255
ch_sent_lower,index,sa,2008-12-01,-2.560089472947808
ch_sent_lower,index,sa,2009-01-01,-2.8167292176490224
ch_sent_lower,index,sa,2009-02-01,-3.02195483587281
ch_sent_lower,index,sa,2009-03-01,-3.1486292512427956
ch_sent_lower,index,sa,2009-04-01,-3.154609488115475
ch_sent_lower,index,sa,2009-05-01,-2.88140125236509
ch_sent_lower,index,sa,2009-06-01,-2.8843355284401895
ch_sent_lower,index,sa,2009-07-01,-2.114088819011192
ch_sent_lower,index,sa,2009-08-01,-2.025852293560414
ch_sent_lower,index,sa,2009-09-01,-1.845764203628975
ch_sent_lower,index,sa,2009-10-01,-1.2284640133018243
ch_sent_lower,index,sa,2009-11-01,-1.0534673217051373
ch_sent_lower,index,sa,2009-12-01,-0.7580514353015937
ch_sent_lower,index,sa,2010-01-01,-0.41943655568493693
ch_sent_lower,index,sa,2010-02-01,-0.27656519347661224
ch_sent_lower,index,sa,2010-03-01,-0.020962252685087557
ch_sent_lower,index,sa,2010-04-01,0.46543470259292585
ch_sent_lower,index,sa,2010-05-01,0.4796802430062994
ch_sent_lower,index,sa,2010-06-01,0.39386161653550067
ch_sent_lower,index,sa,2010-07-01,0.3864381011652521
ch_sent_lower,index,sa,2010-08-01,0.3552404938974201
ch_sent_lower,index,sa,2010-09-01,0.4122765896741714
ch_sent_lower,index,sa,2010-10-01,0.27865529137116196
ch_sent_lower,index,sa,2010-11-01,0.23791481590499786
ch_sent_lower,index,sa,2010-12-01,0.524385178108135
ch_sent_lower,index,sa,2011-01-01,0.3957184391274051
ch_sent_lower,index,sa,2011-02-01,0.24943848306153205
ch_sent_lower,index,sa,2011-03-01,0.21774849988251066
ch_sent_lower,index,sa,2011-04-01,0.284980538247263
ch_sent_lower,index,sa,2011-05-01,0.08870316959232794
ch_sent_lower,index,sa,2011-06-01,-0.510969428991623
ch_sent_lower,index,sa,2011-07-01,-0.9072916455864708
ch_sent_lower,index,sa,2011-08-01,-1.7453453581252751
ch_sent_lower,index,sa,2011-09-01,-1.4890079083824626
ch_sent_lower,index,sa,2011-10-01,-1.4253610535635608
ch_sent_lower,index,sa,2011-11-01,-1.729071211074024
ch_sent_lower,index,sa,2011-12-01,-1.5639976398818738
ch_sent_lower,index,sa,2012-01-01,-1.3873350997223297
ch_sent_lower,index,sa,2012-02-01,-1.1599663738758923
ch_sent_lower,index,sa,2012-03-01,-0.9817082762501917
ch_sent_lower,index,sa,2012-04-01,-0.9454614923251854
ch_sent_lower,index,sa,2012-05-01,-1.219077351704649
ch_sent_lower,index,sa,2012-06-01,-1.1176252897908858
ch_sent_lower,index,sa,2012-07-01,-1.1055259489368239
ch_sent_lower,index,sa,2012-08-01,-0.9146898601257224
ch_sent_lower,index,sa,2012-09-01,-0.9486591470930581
ch_sent_lower,index,sa,2012-10-01,-1.1150822558773328
ch_sent_lower,index,sa,2012-11-01,-0.9030253760078122
ch_sent_lower,index,sa,2012-12-01,-0.877891036072624
ch_sent_lower,index,sa,2013-01-01,-0.7759724877043599
ch_sent_lower,index,sa,2013-02-01,-0.6003158550969304
ch_sent_lower,index,sa,2013-03-01,-0.7981004787142811
ch_sent_lower,index,sa,2013-04-01,-0.8566373514884296
ch_sent_lower,index,sa,2013-05-01,-0.5323586482975244
ch_sent_lower,index,sa,2013-06-01,-0.5729218705951634
ch_sent_lower,index,sa,2013-07-01,-0.530759718078836
ch_sent_lower,index,sa,2013-08-01,-0.35864111738188265
ch_sent_lower,index,sa,2013-09-01,-0.3960067140106005
ch_sent_lower,index,sa,2013-10-01,-0.19311639064183894
ch_sent_lower,index,sa,2013-11-01,-0.04590151642863338
ch_sent_lower,index,sa,2013-12-01,-0.08897900437019057
ch_sent_lower,index,sa,2014-01-01,-0.16785332577310685
ch_sent_lower,index,sa,2014-02-01,0.01902413120835328
ch_sent_lower,index,sa,2014-03-01,-0.24587660342497597
ch_sent_lower,index,sa,2014-04-01,-0.20019925538535918
ch_sent_lower,index,sa,2014-05-01,-0.13694597723275317
ch_sent_lower,index,sa,2014-06-01,-0.2410750971860267
ch_sent_lower,index,sa,2014-07-01,-0.20886118969516723
ch_sent_lower,index,sa,2014-08-01,-0.3760566775932067
ch_sent_lower,index,sa,2014-09-01,-0.4744202268978143
ch_sent_lower,index,sa,2014-10-01,-0.4942418321140924
ch_sent_lower,index,sa,2014-11-01,-0.5582871452389265
ch_sent_lower,index,sa,2014-12-01,-0.681673043591793
ch_sent_lower,index,sa,2015-01-01,-1.25403671254967
ch_sent_lower,index,sa,2015-02-01,-2.1641276196909813
ch_sent_lower,index,sa,2015-03-01,-1.572292397265303
ch_sent_lower,index,sa,2015-04-01,-1.389881699529708
ch_sent_lower,index,sa,2015-05-01,-1.4115751297854415
ch_sent_lower,index,sa,2015-06-01,-1.460473255273265
ch_sent_lower,index,sa,2015-07-01,-1.27775342200357
ch_sent_lower,index,sa,2015-08-01,-1.1852714813474794
ch_sent_lower,index,sa,2015-09-01,-1.2620663428115249
ch_sent_lower,index,sa,2015-10-01,-1.0616510824102425
ch_sent_lower,index,sa,2015-11-01,-1.0494676494712145
ch_sent_lower,index,sa,2015-12-01,-0.929557516313932
ch_sent_lower,index,sa,2016-01-01,-0.9579279225616204
ch_sent_lower,index,sa,2016-02-01,-1.1038158134460119
ch_sent_lower,index,sa,2016-03-01,-0.8436588346036937
ch_sent_lower,index,sa,2016-04-01,-0.7622227897497171
ch_sent_lower,index,sa,2016-05-01,-0.7521619227649623
ch_sent_lower,index,sa,2016-06-01,-0.6908569886288322
ch_sent_lower,index,sa,2016-07-01,-0.6837787113577701
ch_sent_lower,index,sa,2016-08-01,-0.7841195408142547
ch_sent_lower,index,sa,2016-09-01,-0.49245413606387894
ch_sent_lower,index,sa,2016-10-01,-0.4999651686028205
ch_sent_lower,index,sa,2016-11-01,-0.675200822046495
ch_sent_lower,index,sa,2016-12-01,-0.35038473539568027
ch_sent_lower,index,sa,2017-01-01,-0.33431093838651726
ch_sent_lower,index,sa,2017-02-01,-0.25405451711805405
ch_sent_lower,index,sa,2017-03-01,-0.13047484094573814
ch_sent_lower,index,sa,2017-04-01,-0.02659846911945235
ch_sent_lower,index,sa,2017-05-01,-0.20075905539207578
ch_sent_lower,index,sa,2017-06-01,-0.05601147504022935
ch_sent_lower,index,sa,2017-07-01,0.03921056803980316
ch_sent_lower,index,sa,2017-08-01,-0.08340446176511762
ch_sent_lower,index,sa,2017-09-01,0.1864995353335548
ch_sent_lower,index,sa,2017-10-01,0.42030487875153005
ch_sent_lower,index,sa,2017-11-01,0.5906152001983619
ch_sent_lower,index,sa,2017-12-01,0.48082413171279226
ch_sent_lower,index,sa,2018-01-01,0.6267147120971569
ch_sent_lower,index,sa,2018-02-01,0.6093109388215463
ch_sent_lower,index,sa,2018-03-01,0.3513359668416894
ch_sent_lower,index,sa,2018-04-01,0.39443437773130985
ch_sent_lower,index,sa,2018-05-01,0.3786914045849099
ch_sent_lower,index,sa,2018-06-01,0.1933624206150668
ch_sent_lower,index,sa,2018-07-01,0.2596156883093028
ch_sent_lower,index,sa,2018-08-01,-3.022697628631832e-4
ch_sent_lower,index,sa,2018-09-01,0.05951167599650775
ch_sent_lower,index,sa,2018-10-01,-0.40009077860269054
ch_sent_lower,index,sa,2018-11-01,-0.2892059021714864
ch_sent_lower,index,sa,2018-12-01,-0.3783203059895932
ch_sent_lower,index,sa,2019-01-01,-0.7200581954438255
ch_sent_lower,index,sa,2019-02-01,-0.5191361673692824
ch_sent_lower,index,sa,2019-03-01,-0.5002674180426785
ch_sent_lower,index,sa,2019-04-01,-0.5260961902864042
ch_sent_lower,index,sa,2019-05-01,-0.48850526464051247
ch_sent_lower,index,sa,2019-06-01,-0.6078231723992701
ch_sent_lower,index,sa,2019-07-01,-1.1626256558978538
ch_sent_lower,index,sa,2019-08-01,-0.8936392885374429
ch_sent_lower,index,sa,2019-09-01,-0.9913769787664632
ch_sent_lower,index,sa,2019-10-01,-0.8769914151657463
ch_sent_lower,index,sa,2019-11-01,-0.5934743062984489
ch_sent_lower,index,sa,2019-12-01,-0.7865276121904436
ch_sent_lower,index,sa,2020-01-01,-0.6764411354328491
ch_sent_lower,index,sa,2020-02-01,-0.692110825472388
ch_sent_lower,index,sa,2020-03-01,-2.2071555254713155
ch_sent_lower,index,sa,2020-04-01,-4.021364143922616
ch_sent_lower,index,sa,2020-05-01,-3.2253541924465057
ch_sent_lower,index,sa,2020-06-01,-2.6943037009835495
ch_sent_lower,index,sa,2020-07-01,-1.3745785543457298
ch_sent_lower,index,sa,2020-08-01,-1.147726879482611
ch_sent_lower,index,sa,2020-09-01,-1.103178853670351
ch_sent_lower,index,sa,2020-10-01,-0.5020590890642471
ch_sent_lower,index,sa,2020-11-01,-0.8201076872436259
ch_sent_lower,index,sa,2020-12-01,-0.4645868400719455
ch_sent_lower,index,sa,2021-01-01,-0.41083209802215037
ch_sent_lower,index,sa,2021-02-01,-0.37824764074946116
ch_sent_lower,index,sa,2021-03-01,0.01775397812145829
ch_sent_lower,index,sa,2021-04-01,0.714230843209499
ch_sent_lower,index,sa,2021-05-01,0.8373023751009143
ch_sent_lower,index,sa,2021-06-01,0.8790703058471486
ch_sent_lower,index,sa,2021-07-01,1.1013358609875208
ch_sent_lower,index,sa,2021-08-01,0.7438692137706538
ch_sent_lower,index,sa,2021-09-01,0.906510290092674
ch_sent_lower,index,sa,2021-10-01,0.6928083542160041
ch_sent_lower,index,sa,2021-11-01,0.4068803738229665
ch_sent_lower,index,sa,2021-12-01,0.22614577528833357
ch_sent_lower,index,sa,2022-01-01,0.2527088067079055
ch_sent_lower,index,sa,2022-02-01,0.45383473065704794
ch_sent_lower,index,sa,2022-03-01,-0.3069082743484969
ch_sent_lower,index,sa,2022-04-01,-0.42719664313974526
ch_sent_lower,index,sa,2022-05-01,-0.6673126759749023
ch_sent_lower,index,sa,2022-06-01,-0.6334145455034581
ch_sent_lower,index,sa,2022-07-01,-1.0327784564877402
ch_sent_lower,index,sa,2022-08-01,-1.2587920981966463
ch_sent_lower,index,sa,2022-09-01,-1.4437615702630928
ch_sent_lower,index,sa,2022-10-01,-1.3469474577986011
ch_sent_lower,index,sa,2022-11-01,-1.3801335924027374
ch_sent_lower,index,sa,2022-12-01,-0.9927129580468859
ch_sent_lower,index,sa,2023-01-01,-1.1404981960901042
ch_sent_lower,index,sa,2023-02-01,-1.0321346735118855
ch_sent_lower,index,sa,2023-03-01,-1.1145432752469366
ch_sent_lower,index,sa,2023-04-01,-1.4981011025964306
ch_sent_lower,index,sa,2023-05-01,-1.8453165455526457
ch_sent_lower,index,sa,2023-06-01,-1.482717206353061
ch_sent_lower,index,sa,2023-07-01,-1.8843835406875833
ch_sent_lower,index,sa,2023-08-01,-1.7628673661041092
ch_sent_lower,index,sa,2023-09-01,-1.5502514448551583
ch_sent_lower,index,sa,2023-10-01,-1.83862042434304
ch_sent_lower,index,sa,2023-11-01,-1.4930428443586878
ch_sent_lower,index,sa,2023-12-01,-1.5869884049910326
ch_sent_lower,index,sa,2024-01-01,-1.249155759871039
ch_sent_lower,index,sa,2024-02-01,-1.2679566712455075
ch_sent_lower,index,sa,2024-03-01,-1.2213842831253423
ch_sent_lower,index,sa,2024-04-01,-1.3155868860683244
ch_sent_lower,index,sa,2024-05-01,-0.9204504696304634
ch_sent_lower,index,sa,2024-06-01,-0.9094468361505023
ch_sent_lower,index,sa,2024-07-01,-0.8256374065893674
ch_sent_lower,index,sa,2024-08-01,-0.6838887192168628
ch_sent_lower,index,sa,2024-09-01,-0.8002966587526965
ch_sent_lower,index,sa,2024-10-01,-0.8199943578727484
ch_sent_lower,index,sa,2024-11-01,-0.7118987219522374
ch_sent_lower,index,sa,2024-12-01,-0.8309552669747566
ch_sent_lower,index,sa,2025-01-01,-0.6544164037616079
ch_sent_lower,index,sa,2025-02-01,-0.7383749014968594
ch_sent_lower,index,sa,2025-03-01,-0.8375391104052363
ch_sent_lower,index,sa,2025-04-01,-1.6176644727250977
ch_sent_lower,index,sa,2025-05-01,-1.1508153411427595
ch_sent_lower,index,sa,2025-06-01,-0.947843318457812
ch_sent_lower,index,sa,2025-07-01,-0.8759594328465856
ch_sent_lower,index,sa,2025-08-01,-1.498030022480143
ch_sent_lower,index,sa,2025-09-01,-1.3323390521327543
ch_sent_lower,index,sa,2025-10-01,-0.8253499417891954
ch_sent_lower,index,sa,2025-11-01,-0.8138873516577609
ch_sent_lower,index,sa,2025-12-01,-0.8563303213764868
ch_sent_lower,index,sa,2026-01-01,-0.5040788179915389
ch_sent_lower,index,sa,2026-02-01,-0.513274782553111
